smiles	node_id	scenario_id	scenario_description	pathway_id	Confidence_level	Redox_type	Acidity_interval	Location_name	BioReactor_type	InoculumSource_source	TypeOfAeration_type	SludgeRetentionTime_type	OriginalSludgeAmount_amount	TotalSuspendedSolids_start	FinalCompoundConcentration_concentration	Addition_type	Temperature_interval	WWTPPurpose_purpose	CompoundSolutionSolvent_proportion	DissolvedOxygenConcentration_concentration_high	LiquidMatrixSource_source	RateConstant_correction	AerationType_type	BiologicalTreatmentTechnology_type	HalfLife_comment	Nutrients_data	OxygenDemand_influent	NitrogenContent_influent	PhosphorusContent_influent	VolatileTotalSuspendedSolids_start	TransformationProductImportance_importance	DissolvedOrganicCarbon_start
CC1=CC(=NO1)NS(=O)(=O)C2=CC=C(C=C2)NO	https://envipath.org/package/521c547a-fd2a-491c-ad5b-7eaa1577fb65/pathway/9a37ebc5-ba49-4b8a-80e6-d33813078d28/node/49124156-858a-433d-8bf7-236bf1d6e507	https://envipath.org/package/521c547a-fd2a-491c-ad5b-7eaa1577fb65/scenario/ea4d0d9f-1e42-4bbe-8a9d-6c214894edd0	no description	https://envipath.org/package/521c547a-fd2a-491c-ad5b-7eaa1577fb65/pathway/9a37ebc5-ba49-4b8a-80e6-d33813078d28	3																											
CC1=CC(=NO1)N	https://envipath.org/package/521c547a-fd2a-491c-ad5b-7eaa1577fb65/pathway/9a37ebc5-ba49-4b8a-80e6-d33813078d28/node/59c3127c-c800-4108-97a8-1e2d70c1a8da	https://envipath.org/package/521c547a-fd2a-491c-ad5b-7eaa1577fb65/scenario/3781bad4-9e91-4e8b-94e6-eff9804e59e4	no description	https://envipath.org/package/521c547a-fd2a-491c-ad5b-7eaa1577fb65/pathway/9a37ebc5-ba49-4b8a-80e6-d33813078d28	1																											
CC1=CC(=NO1)NS(=O)(=O)C2=CC=C(C=C2)NCC(=O)C(=O)O	https://envipath.org/package/521c547a-fd2a-491c-ad5b-7eaa1577fb65/pathway/9a37ebc5-ba49-4b8a-80e6-d33813078d28/node/e0b29f43-7b02-4200-91b3-5bc4d1259d7c	https://envipath.org/package/521c547a-fd2a-491c-ad5b-7eaa1577fb65/scenario/d867fb51-273c-471f-bb86-c5d614a9e8ef	no description	https://envipath.org/package/521c547a-fd2a-491c-ad5b-7eaa1577fb65/pathway/9a37ebc5-ba49-4b8a-80e6-d33813078d28	4																											
CC1=CC(=NO1)NS(=O)(=O)C2=CC=C(C=C2)NCC3=NC4=C(NC3)NC(N)NC4=O	https://envipath.org/package/521c547a-fd2a-491c-ad5b-7eaa1577fb65/pathway/9a37ebc5-ba49-4b8a-80e6-d33813078d28/node/f45944fd-cced-4b9b-98fa-146ecb3cad4e	https://envipath.org/package/521c547a-fd2a-491c-ad5b-7eaa1577fb65/scenario/bad5b206-0b10-4ba4-b89f-dfc500f276c5	no description	https://envipath.org/package/521c547a-fd2a-491c-ad5b-7eaa1577fb65/pathway/9a37ebc5-ba49-4b8a-80e6-d33813078d28	2																											
CC1=CC(=NO1)NS(=O)(=O)C2=CC=C(C=C2)NCC3=NC4=C(N=C3)NC(=O)NC4=O	https://envipath.org/package/521c547a-fd2a-491c-ad5b-7eaa1577fb65/pathway/9a37ebc5-ba49-4b8a-80e6-d33813078d28/node/9ba7fc16-ac78-446c-ae6e-1de0958bce2f	https://envipath.org/package/521c547a-fd2a-491c-ad5b-7eaa1577fb65/scenario/ba28c232-d133-4b11-9124-ef02ef39f352	no description	https://envipath.org/package/521c547a-fd2a-491c-ad5b-7eaa1577fb65/pathway/9a37ebc5-ba49-4b8a-80e6-d33813078d28	2																											
CC1=CC(=NO1)NS(=O)(=O)C2=CC=C(C=C2)NC(=O)C	https://envipath.org/package/521c547a-fd2a-491c-ad5b-7eaa1577fb65/pathway/9a37ebc5-ba49-4b8a-80e6-d33813078d28/node/f3a4e268-070a-4582-b776-6144ec10c3c2	https://envipath.org/package/521c547a-fd2a-491c-ad5b-7eaa1577fb65/scenario/2697a43e-11b5-4971-b9bc-198fe41d64b4	no description	https://envipath.org/package/521c547a-fd2a-491c-ad5b-7eaa1577fb65/pathway/9a37ebc5-ba49-4b8a-80e6-d33813078d28	1																											
CC1=CC(=NO1)NS(=O)(=O)C2=CC=C(C=C2)NCC(=O)/C=N\C3=C(C(=O)NC(N)N3)N	https://envipath.org/package/521c547a-fd2a-491c-ad5b-7eaa1577fb65/pathway/9a37ebc5-ba49-4b8a-80e6-d33813078d28/node/ae1be18e-c901-4933-afad-f27fdf972ab5	https://envipath.org/package/521c547a-fd2a-491c-ad5b-7eaa1577fb65/scenario/8d310a0c-eb96-4046-903b-cb03b94bef9b	no description	https://envipath.org/package/521c547a-fd2a-491c-ad5b-7eaa1577fb65/pathway/9a37ebc5-ba49-4b8a-80e6-d33813078d28	3																											
CC1=CC(=NO1)NS(=O)(=O)C2=CC=C(C=C2)NCC3=NC4=C(N=C3)NC(N)NC4=O	https://envipath.org/package/521c547a-fd2a-491c-ad5b-7eaa1577fb65/pathway/9a37ebc5-ba49-4b8a-80e6-d33813078d28/node/9f92fec6-27e8-44cc-98c1-f52af1391400	https://envipath.org/package/521c547a-fd2a-491c-ad5b-7eaa1577fb65/scenario/1505d61e-3e12-4b2b-a50c-7fb5f843b0be	no description	https://envipath.org/package/521c547a-fd2a-491c-ad5b-7eaa1577fb65/pathway/9a37ebc5-ba49-4b8a-80e6-d33813078d28	2																											
CC1=CC(=NO1)NS(=O)(=O)C2=CC=C(C=C2)NC=O	https://envipath.org/package/521c547a-fd2a-491c-ad5b-7eaa1577fb65/pathway/9a37ebc5-ba49-4b8a-80e6-d33813078d28/node/09fb2b71-c18d-4a49-9785-341f576b1252	https://envipath.org/package/521c547a-fd2a-491c-ad5b-7eaa1577fb65/scenario/dddf87f0-fb47-4d48-8457-6c7b479d5f3b	no description	https://envipath.org/package/521c547a-fd2a-491c-ad5b-7eaa1577fb65/pathway/9a37ebc5-ba49-4b8a-80e6-d33813078d28	2																											
CC1=CC(=NO1)NS(=O)(=O)C2=CC=C(C=C2)N	https://envipath.org/package/521c547a-fd2a-491c-ad5b-7eaa1577fb65/pathway/9a37ebc5-ba49-4b8a-80e6-d33813078d28/node/1dc83608-2a11-4c5c-bd16-abc132543fbe	https://envipath.org/package/521c547a-fd2a-491c-ad5b-7eaa1577fb65/scenario/39527956-364f-4ebd-a20b-eba5c101694d	no description	https://envipath.org/package/521c547a-fd2a-491c-ad5b-7eaa1577fb65/pathway/9a37ebc5-ba49-4b8a-80e6-d33813078d28	1																											
CC1=CC(=NO1)NS(=O)(=O)C2=CC=C(C=C2)NCC(=O)O	https://envipath.org/package/521c547a-fd2a-491c-ad5b-7eaa1577fb65/pathway/9a37ebc5-ba49-4b8a-80e6-d33813078d28/node/2b15242b-2fd7-413b-8509-954a64556930	https://envipath.org/package/521c547a-fd2a-491c-ad5b-7eaa1577fb65/scenario/39ffb250-8aba-4a45-a5f8-d99f02ea0711	no description	https://envipath.org/package/521c547a-fd2a-491c-ad5b-7eaa1577fb65/pathway/9a37ebc5-ba49-4b8a-80e6-d33813078d28	3																											
COC1=CC=C(C=C1C(=O)NCCC2=CC=C(C=C2)S(=O)(=O)NC(=O)NC3CCCC(C3)O)Cl	https://envipath.org/package/521c547a-fd2a-491c-ad5b-7eaa1577fb65/pathway/7ae7617c-d93a-49bb-b96a-c79ae9f8bcdd/node/226f8a7e-e00a-466b-aa9f-7b706abea693	https://envipath.org/package/521c547a-fd2a-491c-ad5b-7eaa1577fb65/scenario/a4545d82-4fd7-4ea1-8d2a-810c06e0ca0b	https://doi.org/10.1016/j.chroma.2008.09.060	https://envipath.org/package/521c547a-fd2a-491c-ad5b-7eaa1577fb65/pathway/7ae7617c-d93a-49bb-b96a-c79ae9f8bcdd		aerob	{'end': 6.3, 'start': 5.1}	Rubi (Barcelona), Spain	amber glass bottle	sludge from a lab scale membrane bioreactor	bubbling air	sludge retention time	1000.0	20.0	10000.0																	
COC1=CC=C(C=C1C(=O)NCCC2=CC=C(C=C2)S(=O)(=O)NC(=O)NC3CCCC(C3)O)Cl	https://envipath.org/package/521c547a-fd2a-491c-ad5b-7eaa1577fb65/pathway/7ae7617c-d93a-49bb-b96a-c79ae9f8bcdd/node/226f8a7e-e00a-466b-aa9f-7b706abea693	https://envipath.org/package/521c547a-fd2a-491c-ad5b-7eaa1577fb65/scenario/f7b029e6-6600-4c3d-a376-5f07c81c5885	no description	https://envipath.org/package/521c547a-fd2a-491c-ad5b-7eaa1577fb65/pathway/7ae7617c-d93a-49bb-b96a-c79ae9f8bcdd		aerob	{'end': 6.3, 'start': 5.1}	Rubi (Barcelona), Spain	amber glass bottle	conventional activated sludge from the aeration basin of a WWTP	bubbling air	sludge retention time	1000.0	4.0	50.0																	
COC1=CC=C(C=C1C(=O)NCCC2=CC=C(C=C2)S(=O)(=O)NC(=O)NC3CCCC(C3)O)Cl	https://envipath.org/package/521c547a-fd2a-491c-ad5b-7eaa1577fb65/pathway/7ae7617c-d93a-49bb-b96a-c79ae9f8bcdd/node/226f8a7e-e00a-466b-aa9f-7b706abea693	https://envipath.org/package/521c547a-fd2a-491c-ad5b-7eaa1577fb65/scenario/2c790c9d-5d22-4431-ac8d-66aa7e6c492a	https://doi.org/10.1016/j.chroma.2008.09.060	https://envipath.org/package/521c547a-fd2a-491c-ad5b-7eaa1577fb65/pathway/7ae7617c-d93a-49bb-b96a-c79ae9f8bcdd		aerob	{'end': 6.3, 'start': 5.1}	Rubi (Barcelona), Spain	amber glass bottle	sludge from a lab scale membrane bioreactor	bubbling air	sludge retention time	1000.0	20.0	50.0																	
COC1=CC=C(C=C1C(=O)NCCC2=CC=C(C=C2)S(=O)(=O)NC(=O)NC3CCCC(C3)O)Cl	https://envipath.org/package/521c547a-fd2a-491c-ad5b-7eaa1577fb65/pathway/7ae7617c-d93a-49bb-b96a-c79ae9f8bcdd/node/226f8a7e-e00a-466b-aa9f-7b706abea693	https://envipath.org/package/521c547a-fd2a-491c-ad5b-7eaa1577fb65/scenario/8b3cde82-12f8-46d3-b937-307a1da5d8a1	no description	https://envipath.org/package/521c547a-fd2a-491c-ad5b-7eaa1577fb65/pathway/7ae7617c-d93a-49bb-b96a-c79ae9f8bcdd		aerob	{'end': 6.3, 'start': 5.1}	Rubi (Barcelona), Spain	amber glass bottle	conventional activated sludge from the aeration basin of a WWTP	bubbling air	sludge retention time	1000.0	4.0	10000.0																	
COC1=CC=C(C=C1C(=O)NCCC2=CC=C(C=C2)S(=O)(=O)NC(=O)NC3CCCCC3)Cl	https://envipath.org/package/521c547a-fd2a-491c-ad5b-7eaa1577fb65/pathway/7ae7617c-d93a-49bb-b96a-c79ae9f8bcdd/node/1efbb328-ec92-47eb-9a16-cae758487b25	https://envipath.org/package/521c547a-fd2a-491c-ad5b-7eaa1577fb65/scenario/a4545d82-4fd7-4ea1-8d2a-810c06e0ca0b	https://doi.org/10.1016/j.chroma.2008.09.060	https://envipath.org/package/521c547a-fd2a-491c-ad5b-7eaa1577fb65/pathway/7ae7617c-d93a-49bb-b96a-c79ae9f8bcdd		aerob	{'end': 6.3, 'start': 5.1}	Rubi (Barcelona), Spain	amber glass bottle	sludge from a lab scale membrane bioreactor	bubbling air	sludge retention time	1000.0	20.0	10000.0																	
COC1=CC=C(C=C1C(=O)NCCC2=CC=C(C=C2)S(=O)(=O)NC(=O)NC3CCCCC3)Cl	https://envipath.org/package/521c547a-fd2a-491c-ad5b-7eaa1577fb65/pathway/7ae7617c-d93a-49bb-b96a-c79ae9f8bcdd/node/1efbb328-ec92-47eb-9a16-cae758487b25	https://envipath.org/package/521c547a-fd2a-491c-ad5b-7eaa1577fb65/scenario/f7b029e6-6600-4c3d-a376-5f07c81c5885	no description	https://envipath.org/package/521c547a-fd2a-491c-ad5b-7eaa1577fb65/pathway/7ae7617c-d93a-49bb-b96a-c79ae9f8bcdd		aerob	{'end': 6.3, 'start': 5.1}	Rubi (Barcelona), Spain	amber glass bottle	conventional activated sludge from the aeration basin of a WWTP	bubbling air	sludge retention time	1000.0	4.0	50.0																	
COC1=CC=C(C=C1C(=O)NCCC2=CC=C(C=C2)S(=O)(=O)NC(=O)NC3CCCCC3)Cl	https://envipath.org/package/521c547a-fd2a-491c-ad5b-7eaa1577fb65/pathway/7ae7617c-d93a-49bb-b96a-c79ae9f8bcdd/node/1efbb328-ec92-47eb-9a16-cae758487b25	https://envipath.org/package/521c547a-fd2a-491c-ad5b-7eaa1577fb65/scenario/2c790c9d-5d22-4431-ac8d-66aa7e6c492a	https://doi.org/10.1016/j.chroma.2008.09.060	https://envipath.org/package/521c547a-fd2a-491c-ad5b-7eaa1577fb65/pathway/7ae7617c-d93a-49bb-b96a-c79ae9f8bcdd		aerob	{'end': 6.3, 'start': 5.1}	Rubi (Barcelona), Spain	amber glass bottle	sludge from a lab scale membrane bioreactor	bubbling air	sludge retention time	1000.0	20.0	50.0																	
COC1=CC=C(C=C1C(=O)NCCC2=CC=C(C=C2)S(=O)(=O)NC(=O)NC3CCCCC3)Cl	https://envipath.org/package/521c547a-fd2a-491c-ad5b-7eaa1577fb65/pathway/7ae7617c-d93a-49bb-b96a-c79ae9f8bcdd/node/1efbb328-ec92-47eb-9a16-cae758487b25	https://envipath.org/package/521c547a-fd2a-491c-ad5b-7eaa1577fb65/scenario/8b3cde82-12f8-46d3-b937-307a1da5d8a1	no description	https://envipath.org/package/521c547a-fd2a-491c-ad5b-7eaa1577fb65/pathway/7ae7617c-d93a-49bb-b96a-c79ae9f8bcdd		aerob	{'end': 6.3, 'start': 5.1}	Rubi (Barcelona), Spain	amber glass bottle	conventional activated sludge from the aeration basin of a WWTP	bubbling air	sludge retention time	1000.0	4.0	10000.0																	
CC(C)CCNCC(C1=CC(=C(C(=C1)Cl)N)Cl)O	https://envipath.org/package/521c547a-fd2a-491c-ad5b-7eaa1577fb65/pathway/b10cbe8e-2ef9-459f-b253-b8820a7a45b1/node/2da4dc74-78ca-4f79-88a0-763a89aa4571	https://envipath.org/package/521c547a-fd2a-491c-ad5b-7eaa1577fb65/scenario/858139d4-ccf6-4154-b9e4-9b154b510827	no description	https://envipath.org/package/521c547a-fd2a-491c-ad5b-7eaa1577fb65/pathway/b10cbe8e-2ef9-459f-b253-b8820a7a45b1	1																											
CC(=O)NCCC(C1=CC=CC=C1)OC2=CC=C(C=C2)C(F)(F)F	https://envipath.org/package/521c547a-fd2a-491c-ad5b-7eaa1577fb65/pathway/fa481903-8ff8-45d4-add8-0b43befac4f7/node/c1021ba5-e1f1-49d8-b423-9826f9c89930	https://envipath.org/package/521c547a-fd2a-491c-ad5b-7eaa1577fb65/scenario/95b4b69c-bdd3-4498-8c0f-6dc8ccfedc63	no description	https://envipath.org/package/521c547a-fd2a-491c-ad5b-7eaa1577fb65/pathway/fa481903-8ff8-45d4-add8-0b43befac4f7	3																											
C1=CC=C(C=C1)C(CCN)OC2=CC=C(C=C2)C(F)(F)F	https://envipath.org/package/521c547a-fd2a-491c-ad5b-7eaa1577fb65/pathway/fa481903-8ff8-45d4-add8-0b43befac4f7/node/f5b11799-bcad-4a34-aa01-a02cd422f96b	https://envipath.org/package/521c547a-fd2a-491c-ad5b-7eaa1577fb65/scenario/a58bfc4e-0708-47b7-bb7b-09e9ae58b4f8	no description	https://envipath.org/package/521c547a-fd2a-491c-ad5b-7eaa1577fb65/pathway/fa481903-8ff8-45d4-add8-0b43befac4f7	1																											
C1=CC=C(C=C1)C(CCNC(=O)CCC(=O)O)OC2=CC=C(C=C2)C(F)(F)F	https://envipath.org/package/521c547a-fd2a-491c-ad5b-7eaa1577fb65/pathway/fa481903-8ff8-45d4-add8-0b43befac4f7/node/6b06af1e-af00-418d-88da-6fc2fbe2f5da	https://envipath.org/package/521c547a-fd2a-491c-ad5b-7eaa1577fb65/scenario/fd71a554-0268-49c8-8d68-a3d6002dda86	no description	https://envipath.org/package/521c547a-fd2a-491c-ad5b-7eaa1577fb65/pathway/fa481903-8ff8-45d4-add8-0b43befac4f7	3																											
CCCN(CC)CC1COC2(CCC(CC2)C(C)CO)O1	https://envipath.org/package/521c547a-fd2a-491c-ad5b-7eaa1577fb65/pathway/164faaf7-4184-4334-8c99-c8eef21c6abf/node/f9d9b0c0-21a4-410b-9641-9e996fed3be8	https://envipath.org/package/521c547a-fd2a-491c-ad5b-7eaa1577fb65/scenario/58927643-af29-4541-b7fa-c8dfd63aee6d	no description	https://envipath.org/package/521c547a-fd2a-491c-ad5b-7eaa1577fb65/pathway/164faaf7-4184-4334-8c99-c8eef21c6abf	3																											
CCCN(CC)CC1COC2(CCC(C=C2O)C(C)(C)C)O1	https://envipath.org/package/521c547a-fd2a-491c-ad5b-7eaa1577fb65/pathway/164faaf7-4184-4334-8c99-c8eef21c6abf/node/ad8f1ae2-cc47-4633-a710-ed41d8615dff	https://envipath.org/package/521c547a-fd2a-491c-ad5b-7eaa1577fb65/scenario/b20a5857-49d3-4a0b-933b-5244ffc4ee49	no description	https://envipath.org/package/521c547a-fd2a-491c-ad5b-7eaa1577fb65/pathway/164faaf7-4184-4334-8c99-c8eef21c6abf	3																											
CCCN(CC)CC1COC2(CCC(CC2)C(C)(C)CO)O1	https://envipath.org/package/521c547a-fd2a-491c-ad5b-7eaa1577fb65/pathway/164faaf7-4184-4334-8c99-c8eef21c6abf/node/72bc87c5-37a2-44f1-b75b-9c0a028e61c2	https://envipath.org/package/521c547a-fd2a-491c-ad5b-7eaa1577fb65/scenario/20d1ec03-84e8-44c0-a2a7-e0b148dbf407	no description	https://envipath.org/package/521c547a-fd2a-491c-ad5b-7eaa1577fb65/pathway/164faaf7-4184-4334-8c99-c8eef21c6abf	3																											
CCCN(CC)CC1COC2(CCC(C(C2)O)C(C)(C)C)O1	https://envipath.org/package/521c547a-fd2a-491c-ad5b-7eaa1577fb65/pathway/164faaf7-4184-4334-8c99-c8eef21c6abf/node/5567d1e6-68a9-4447-a646-6ae75eea2ca8	https://envipath.org/package/521c547a-fd2a-491c-ad5b-7eaa1577fb65/scenario/5a1f05bc-1ba3-4e0c-87bf-ccc2d2c35bd5	no description	https://envipath.org/package/521c547a-fd2a-491c-ad5b-7eaa1577fb65/pathway/164faaf7-4184-4334-8c99-c8eef21c6abf	3																											
CCC(N(CC)C(=O)C1COC2(CCC(CC2)C(C)(C)C)O1)O	https://envipath.org/package/521c547a-fd2a-491c-ad5b-7eaa1577fb65/pathway/164faaf7-4184-4334-8c99-c8eef21c6abf/node/8a439af2-ee2d-4b2c-9afe-c181a403307f	https://envipath.org/package/521c547a-fd2a-491c-ad5b-7eaa1577fb65/scenario/fab85298-03e7-4a52-8979-9a98ebc34fbf	no description	https://envipath.org/package/521c547a-fd2a-491c-ad5b-7eaa1577fb65/pathway/164faaf7-4184-4334-8c99-c8eef21c6abf	3																											
CCCN(CC)CC1COC2(CCC(CC2)C(C)(C)C)O1	https://envipath.org/package/521c547a-fd2a-491c-ad5b-7eaa1577fb65/pathway/164faaf7-4184-4334-8c99-c8eef21c6abf/node/97b06669-5508-4ceb-9685-5490a87ad780	https://envipath.org/package/521c547a-fd2a-491c-ad5b-7eaa1577fb65/scenario/9127518e-2293-43c5-a1b5-5ddb9ca1f3c9	no description	https://envipath.org/package/521c547a-fd2a-491c-ad5b-7eaa1577fb65/pathway/164faaf7-4184-4334-8c99-c8eef21c6abf	1																											
CCCN(CC)CC1COC2(CCC(C(=C2O)O)C(C)(C)C)O1	https://envipath.org/package/521c547a-fd2a-491c-ad5b-7eaa1577fb65/pathway/164faaf7-4184-4334-8c99-c8eef21c6abf/node/22fb3f83-812d-48f9-ad1f-781a4e0f9539	https://envipath.org/package/521c547a-fd2a-491c-ad5b-7eaa1577fb65/scenario/aa901e15-a60b-4c7c-bf8a-a28ccd367c3f	no description	https://envipath.org/package/521c547a-fd2a-491c-ad5b-7eaa1577fb65/pathway/164faaf7-4184-4334-8c99-c8eef21c6abf	3																											
CCCNCC1COC2(CCC(CC2)C(C)(C)C)O1	https://envipath.org/package/521c547a-fd2a-491c-ad5b-7eaa1577fb65/pathway/164faaf7-4184-4334-8c99-c8eef21c6abf/node/5f2a17d6-0311-489e-855c-18f3f1b0d1ab	https://envipath.org/package/521c547a-fd2a-491c-ad5b-7eaa1577fb65/scenario/370780e3-55cf-4c72-a133-7f346b0f3c34	no description	https://envipath.org/package/521c547a-fd2a-491c-ad5b-7eaa1577fb65/pathway/164faaf7-4184-4334-8c99-c8eef21c6abf	2																											
CCNCC1COC2(CCC(CC2)C(C)(C)C)O1	https://envipath.org/package/521c547a-fd2a-491c-ad5b-7eaa1577fb65/pathway/164faaf7-4184-4334-8c99-c8eef21c6abf/node/b12fb26e-3ff9-47c5-9d68-9a6391a97052	https://envipath.org/package/521c547a-fd2a-491c-ad5b-7eaa1577fb65/scenario/bfaa70fa-59a0-4d36-8ba7-daba32abab42	no description	https://envipath.org/package/521c547a-fd2a-491c-ad5b-7eaa1577fb65/pathway/164faaf7-4184-4334-8c99-c8eef21c6abf	2																											
CCNC(C)C(=O)C1=CC=CC(=C1)C(F)(F)F	https://envipath.org/package/521c547a-fd2a-491c-ad5b-7eaa1577fb65/pathway/d608fe61-6da2-4d51-9ae0-dac0c0677d51/node/1c3b0130-4505-4439-af09-5a5eb68e53c4	https://envipath.org/package/521c547a-fd2a-491c-ad5b-7eaa1577fb65/scenario/08c6fa1d-6e7a-4108-9a66-260f075dcc51	no description	https://envipath.org/package/521c547a-fd2a-491c-ad5b-7eaa1577fb65/pathway/d608fe61-6da2-4d51-9ae0-dac0c0677d51	3																											
CC(CC1=CC=CC(=C1)C(F)(F)F)NO	https://envipath.org/package/521c547a-fd2a-491c-ad5b-7eaa1577fb65/pathway/d608fe61-6da2-4d51-9ae0-dac0c0677d51/node/6f7fdbc1-8873-4bd7-8f4e-ea443185cf09	https://envipath.org/package/521c547a-fd2a-491c-ad5b-7eaa1577fb65/scenario/25bf413e-9c60-4239-a4e3-1d5212a2bcf2	no description	https://envipath.org/package/521c547a-fd2a-491c-ad5b-7eaa1577fb65/pathway/d608fe61-6da2-4d51-9ae0-dac0c0677d51	3																											
CC(CC1=CC=CC(=C1)C(F)(F)F)N	https://envipath.org/package/521c547a-fd2a-491c-ad5b-7eaa1577fb65/pathway/d608fe61-6da2-4d51-9ae0-dac0c0677d51/node/44cbe8df-3b9c-42fe-b0c1-4d55dad87e48	https://envipath.org/package/521c547a-fd2a-491c-ad5b-7eaa1577fb65/scenario/696ef77e-dd32-434d-9727-6bf9cfcc3b6c	no description	https://envipath.org/package/521c547a-fd2a-491c-ad5b-7eaa1577fb65/pathway/d608fe61-6da2-4d51-9ae0-dac0c0677d51	1																											
CCNC(C)CC1=CC=CC(=C1)C(F)(F)F	https://envipath.org/package/521c547a-fd2a-491c-ad5b-7eaa1577fb65/pathway/d608fe61-6da2-4d51-9ae0-dac0c0677d51/node/5c81bc92-274c-464e-8dfd-3ed5ee2a15d3	https://envipath.org/package/521c547a-fd2a-491c-ad5b-7eaa1577fb65/scenario/263c1feb-1390-4814-9a19-cb8f19868565	no description	https://envipath.org/package/521c547a-fd2a-491c-ad5b-7eaa1577fb65/pathway/d608fe61-6da2-4d51-9ae0-dac0c0677d51	1																											
CC(CC1=CC=CC(=C1)C(F)(F)F)NC(=O)C	https://envipath.org/package/521c547a-fd2a-491c-ad5b-7eaa1577fb65/pathway/d608fe61-6da2-4d51-9ae0-dac0c0677d51/node/d0e78041-38bd-42a4-a4ca-ef509c22898c	https://envipath.org/package/521c547a-fd2a-491c-ad5b-7eaa1577fb65/scenario/ceee005c-c925-4a75-9853-41d582d74eda	no description	https://envipath.org/package/521c547a-fd2a-491c-ad5b-7eaa1577fb65/pathway/d608fe61-6da2-4d51-9ae0-dac0c0677d51	3																											
C1=CC=C(C=C1)C(CCNCCC=O)OC2=CC=C(C=C2)C(F)(F)F	https://envipath.org/package/521c547a-fd2a-491c-ad5b-7eaa1577fb65/pathway/5df2dd0a-7463-43df-9bd9-5fc6f106db1e/node/a3a01df5-db39-44e3-afba-2592bba6e7bf	https://envipath.org/package/521c547a-fd2a-491c-ad5b-7eaa1577fb65/scenario/f1d8cb3b-9a38-49af-890a-07fb8d42ebfb	no description	https://envipath.org/package/521c547a-fd2a-491c-ad5b-7eaa1577fb65/pathway/5df2dd0a-7463-43df-9bd9-5fc6f106db1e	3																											
CN(CCC(C1=CC=CC=C1)OC2=CC=C(C=C2)C(F)(F)F)C(=O)CCC(=O)O	https://envipath.org/package/521c547a-fd2a-491c-ad5b-7eaa1577fb65/pathway/5df2dd0a-7463-43df-9bd9-5fc6f106db1e/node/05e251e5-457a-4fbc-b471-eca0aeb2864d	https://envipath.org/package/521c547a-fd2a-491c-ad5b-7eaa1577fb65/scenario/72496d8a-7d91-4003-ab9e-e74fdc8adf4a	no description	https://envipath.org/package/521c547a-fd2a-491c-ad5b-7eaa1577fb65/pathway/5df2dd0a-7463-43df-9bd9-5fc6f106db1e	3																											
CNCCC(C1=CC=CC=C1)OC2=CC=C(C=C2)C(F)(F)F	https://envipath.org/package/521c547a-fd2a-491c-ad5b-7eaa1577fb65/pathway/5df2dd0a-7463-43df-9bd9-5fc6f106db1e/node/67b55cb1-5836-4b46-bebb-f71daaaddcdb	https://envipath.org/package/521c547a-fd2a-491c-ad5b-7eaa1577fb65/scenario/847f45a2-413b-4f41-867b-113cba8e9498	no description	https://envipath.org/package/521c547a-fd2a-491c-ad5b-7eaa1577fb65/pathway/5df2dd0a-7463-43df-9bd9-5fc6f106db1e	1																											
CN1CCN(CC1)C(C2=CC=C(C=C2)Cl)C3=CC=C(C=C3)O	https://envipath.org/package/521c547a-fd2a-491c-ad5b-7eaa1577fb65/pathway/bc5c71ae-02c2-4fac-84cf-72e5c222da98/node/571cb5dc-b297-4f17-aac2-b04398be5a9e	https://envipath.org/package/521c547a-fd2a-491c-ad5b-7eaa1577fb65/scenario/6d0d292f-4a0a-4e1c-ab98-56795ea78c0c	no description	https://envipath.org/package/521c547a-fd2a-491c-ad5b-7eaa1577fb65/pathway/bc5c71ae-02c2-4fac-84cf-72e5c222da98	3																											
CN1CCN(CC1)C(C2=CC=CC=C2)C3=CC=C(C=C3)Cl	https://envipath.org/package/521c547a-fd2a-491c-ad5b-7eaa1577fb65/pathway/bc5c71ae-02c2-4fac-84cf-72e5c222da98/node/e4edac94-a033-400d-87fc-bfc299038ad1	https://envipath.org/package/521c547a-fd2a-491c-ad5b-7eaa1577fb65/scenario/689fe42e-b6a9-4a95-9608-bd214489d7e1	no description	https://envipath.org/package/521c547a-fd2a-491c-ad5b-7eaa1577fb65/pathway/bc5c71ae-02c2-4fac-84cf-72e5c222da98	1																											
C1=CC=C(C=C1)C(C2=CC=C(C=C2)Cl)N3CCNCC3	https://envipath.org/package/521c547a-fd2a-491c-ad5b-7eaa1577fb65/pathway/bc5c71ae-02c2-4fac-84cf-72e5c222da98/node/2b3bb673-58a2-43b1-a0f5-f4d20c0ef1b9	https://envipath.org/package/521c547a-fd2a-491c-ad5b-7eaa1577fb65/scenario/0c741689-906c-4537-8e86-ebb306cf188d	no description	https://envipath.org/package/521c547a-fd2a-491c-ad5b-7eaa1577fb65/pathway/bc5c71ae-02c2-4fac-84cf-72e5c222da98	1																											
CC(=O)N1CCN(CC1)C(C2=CC=CC=C2)C3=CC=C(C=C3)Cl	https://envipath.org/package/521c547a-fd2a-491c-ad5b-7eaa1577fb65/pathway/9de3dccc-4ff5-4ab5-b58d-1e39b35bd92e/node/aa503587-05f5-4dca-80a3-c870358a152c	https://envipath.org/package/521c547a-fd2a-491c-ad5b-7eaa1577fb65/scenario/9c7fe466-50eb-4f3e-874c-7c5028bf8f92	no description	https://envipath.org/package/521c547a-fd2a-491c-ad5b-7eaa1577fb65/pathway/9de3dccc-4ff5-4ab5-b58d-1e39b35bd92e	3																											
C1=CC=C(C=C1)C(C2=CC=C(C=C2)Cl)N3CCN(CC3)C(=O)CCC(=O)O	https://envipath.org/package/521c547a-fd2a-491c-ad5b-7eaa1577fb65/pathway/9de3dccc-4ff5-4ab5-b58d-1e39b35bd92e/node/e161f97d-5eda-4303-8dcc-657f949a8dae	https://envipath.org/package/521c547a-fd2a-491c-ad5b-7eaa1577fb65/scenario/e98d55f2-7068-457e-a396-3d21b1678389	no description	https://envipath.org/package/521c547a-fd2a-491c-ad5b-7eaa1577fb65/pathway/9de3dccc-4ff5-4ab5-b58d-1e39b35bd92e	3																											
C1=CC=C(C=C1)C(C2=CC=C(C=C2)Cl)N3CCNCC3	https://envipath.org/package/521c547a-fd2a-491c-ad5b-7eaa1577fb65/pathway/9de3dccc-4ff5-4ab5-b58d-1e39b35bd92e/node/bc2735a9-22e6-4661-b75b-0b4c9935145a	https://envipath.org/package/521c547a-fd2a-491c-ad5b-7eaa1577fb65/scenario/c87fea0e-9ed5-4216-a1b8-b8643cc823c6	no description	https://envipath.org/package/521c547a-fd2a-491c-ad5b-7eaa1577fb65/pathway/9de3dccc-4ff5-4ab5-b58d-1e39b35bd92e	1																											
CNCC(C1=CC=C(C=C1)OCO)C2(CCCCC2)O	https://envipath.org/package/521c547a-fd2a-491c-ad5b-7eaa1577fb65/pathway/b3b99daf-2800-4a2a-8f73-24311ac99f95/node/df091d51-4d7f-4cc3-9e0b-42631fdda6cd	https://envipath.org/package/521c547a-fd2a-491c-ad5b-7eaa1577fb65/scenario/983f5561-a7f4-499b-a8db-3f33f2a993c6	no description	https://envipath.org/package/521c547a-fd2a-491c-ad5b-7eaa1577fb65/pathway/b3b99daf-2800-4a2a-8f73-24311ac99f95	3																											
COC1=CC=C(C=C1)C(C2=CCCCC2)C(=O)O	https://envipath.org/package/521c547a-fd2a-491c-ad5b-7eaa1577fb65/pathway/b3b99daf-2800-4a2a-8f73-24311ac99f95/node/9b9e084d-2d48-44f4-ac3c-726840ddc4cc	https://envipath.org/package/521c547a-fd2a-491c-ad5b-7eaa1577fb65/scenario/2b141124-3985-430b-a43b-c3476673a14a	no description	https://envipath.org/package/521c547a-fd2a-491c-ad5b-7eaa1577fb65/pathway/b3b99daf-2800-4a2a-8f73-24311ac99f95	3																											
COC1=CC=C(C=C1)C(CN)C2(CCCCC2)O	https://envipath.org/package/521c547a-fd2a-491c-ad5b-7eaa1577fb65/pathway/b3b99daf-2800-4a2a-8f73-24311ac99f95/node/ad5800a0-5592-48bd-9869-a11dffe93ed2	https://envipath.org/package/521c547a-fd2a-491c-ad5b-7eaa1577fb65/scenario/29ccbf74-e6f3-4ca4-a934-1425d32da83f	no description	https://envipath.org/package/521c547a-fd2a-491c-ad5b-7eaa1577fb65/pathway/b3b99daf-2800-4a2a-8f73-24311ac99f95	3																											
CNCC(C1=CC=C(C=C1)O)C2(CCCCC2)O	https://envipath.org/package/521c547a-fd2a-491c-ad5b-7eaa1577fb65/pathway/b3b99daf-2800-4a2a-8f73-24311ac99f95/node/f65667c1-976e-4654-b03c-e90b5c7a00a4	https://envipath.org/package/521c547a-fd2a-491c-ad5b-7eaa1577fb65/scenario/94e9ff72-b769-4ad0-bb82-57d3c13890aa	no description	https://envipath.org/package/521c547a-fd2a-491c-ad5b-7eaa1577fb65/pathway/b3b99daf-2800-4a2a-8f73-24311ac99f95	1																											
CNCC(C1=CC=C(C=C1)OC)C2(CCCCC2)O	https://envipath.org/package/521c547a-fd2a-491c-ad5b-7eaa1577fb65/pathway/b3b99daf-2800-4a2a-8f73-24311ac99f95/node/651ea8d9-f99f-401c-bd6d-d8079f890a40	https://envipath.org/package/521c547a-fd2a-491c-ad5b-7eaa1577fb65/scenario/328b38ee-a2f1-4e51-8fa9-13a674c9b854	no description	https://envipath.org/package/521c547a-fd2a-491c-ad5b-7eaa1577fb65/pathway/b3b99daf-2800-4a2a-8f73-24311ac99f95	1																											
CN/C=C(\C1=CC=C(C=C1)OCO)/C2(CCCCC2)O	https://envipath.org/package/521c547a-fd2a-491c-ad5b-7eaa1577fb65/pathway/b3b99daf-2800-4a2a-8f73-24311ac99f95/node/4f5dfe42-a429-46e7-8fd6-909b52d7e74f	https://envipath.org/package/521c547a-fd2a-491c-ad5b-7eaa1577fb65/scenario/d6fc2573-f839-4344-9b47-aaf06fcd2748	no description	https://envipath.org/package/521c547a-fd2a-491c-ad5b-7eaa1577fb65/pathway/b3b99daf-2800-4a2a-8f73-24311ac99f95	3																											
CNCC(C1=CC=C(C=C1)OC)C2(CCCCC2=O)O	https://envipath.org/package/521c547a-fd2a-491c-ad5b-7eaa1577fb65/pathway/b3b99daf-2800-4a2a-8f73-24311ac99f95/node/159234d0-44e5-47dc-a3f0-caf928e5cb1b	https://envipath.org/package/521c547a-fd2a-491c-ad5b-7eaa1577fb65/scenario/3adda125-58a7-4e5a-a698-18edff4fcc75	no description	https://envipath.org/package/521c547a-fd2a-491c-ad5b-7eaa1577fb65/pathway/b3b99daf-2800-4a2a-8f73-24311ac99f95	3																											
COC1=CC=C(C=C1)C(CNC=O)C2(CCCCC2)O	https://envipath.org/package/521c547a-fd2a-491c-ad5b-7eaa1577fb65/pathway/b3b99daf-2800-4a2a-8f73-24311ac99f95/node/788ed703-107d-4adf-a1c2-dffe5b776e43	https://envipath.org/package/521c547a-fd2a-491c-ad5b-7eaa1577fb65/scenario/8401d1f0-86df-4075-acc5-eb94f3cb5024	no description	https://envipath.org/package/521c547a-fd2a-491c-ad5b-7eaa1577fb65/pathway/b3b99daf-2800-4a2a-8f73-24311ac99f95	3																											
CC(=O)NCC(C1=CCCCC1)C2=CC=C(C=C2)OC	https://envipath.org/package/521c547a-fd2a-491c-ad5b-7eaa1577fb65/pathway/b3b99daf-2800-4a2a-8f73-24311ac99f95/node/0e6af276-b7c0-4024-b1d1-dc91cd2aa46e	https://envipath.org/package/521c547a-fd2a-491c-ad5b-7eaa1577fb65/scenario/3f608f13-5a07-4b34-a8f4-3222110f1dff	no description	https://envipath.org/package/521c547a-fd2a-491c-ad5b-7eaa1577fb65/pathway/b3b99daf-2800-4a2a-8f73-24311ac99f95	3																											
C1=CC(=C(C=C1)N2CCNCC2O)Cl	https://envipath.org/package/521c547a-fd2a-491c-ad5b-7eaa1577fb65/pathway/87ab2bb6-ffb2-499d-bf94-150d5fc35a9d/node/55e4dcaa-34a0-4458-863b-5c100808f9cd	https://envipath.org/package/521c547a-fd2a-491c-ad5b-7eaa1577fb65/scenario/52a946df-fa67-431f-badb-b98acbd340fa	no description	https://envipath.org/package/521c547a-fd2a-491c-ad5b-7eaa1577fb65/pathway/87ab2bb6-ffb2-499d-bf94-150d5fc35a9d	3																											
CC(=O)N1CCN(CC1)C2=C(C=CC=C2)Cl	https://envipath.org/package/521c547a-fd2a-491c-ad5b-7eaa1577fb65/pathway/87ab2bb6-ffb2-499d-bf94-150d5fc35a9d/node/facf21ad-7b96-4b29-804b-5abf00c235bc	https://envipath.org/package/521c547a-fd2a-491c-ad5b-7eaa1577fb65/scenario/a6981b43-0142-42d6-a8ab-595253f7ff2c	no description	https://envipath.org/package/521c547a-fd2a-491c-ad5b-7eaa1577fb65/pathway/87ab2bb6-ffb2-499d-bf94-150d5fc35a9d	3																											
C1=CC(=C(C=C1)N2CCN(CC2)C=O)Cl	https://envipath.org/package/521c547a-fd2a-491c-ad5b-7eaa1577fb65/pathway/87ab2bb6-ffb2-499d-bf94-150d5fc35a9d/node/ed639873-38fd-4494-9137-615a39400c4e	https://envipath.org/package/521c547a-fd2a-491c-ad5b-7eaa1577fb65/scenario/1cc47e5c-8f8c-4e38-a511-b96645afe727	no description	https://envipath.org/package/521c547a-fd2a-491c-ad5b-7eaa1577fb65/pathway/87ab2bb6-ffb2-499d-bf94-150d5fc35a9d	3																											
C1=CC(=C(C=C1)NCC(=O)O)Cl	https://envipath.org/package/521c547a-fd2a-491c-ad5b-7eaa1577fb65/pathway/87ab2bb6-ffb2-499d-bf94-150d5fc35a9d/node/66b132e3-6fcb-4f98-803a-1cd71667930d	https://envipath.org/package/521c547a-fd2a-491c-ad5b-7eaa1577fb65/scenario/e056f320-a0eb-4fe9-a820-b35f33473936	no description	https://envipath.org/package/521c547a-fd2a-491c-ad5b-7eaa1577fb65/pathway/87ab2bb6-ffb2-499d-bf94-150d5fc35a9d	3																											
C1=CC(=C(C=C1)N2CCN(CC2)C(=O)/C=C/C(=O)O)Cl	https://envipath.org/package/521c547a-fd2a-491c-ad5b-7eaa1577fb65/pathway/87ab2bb6-ffb2-499d-bf94-150d5fc35a9d/node/332a11ee-97f3-4cd9-b12f-598c2341ce53	https://envipath.org/package/521c547a-fd2a-491c-ad5b-7eaa1577fb65/scenario/b723c0e7-a454-4439-839a-515f09dbdad5	no description	https://envipath.org/package/521c547a-fd2a-491c-ad5b-7eaa1577fb65/pathway/87ab2bb6-ffb2-499d-bf94-150d5fc35a9d	3																											
C1=CC(=C(C=C1)N2CCNCC2)Cl	https://envipath.org/package/521c547a-fd2a-491c-ad5b-7eaa1577fb65/pathway/87ab2bb6-ffb2-499d-bf94-150d5fc35a9d/node/399a4ab9-1c5f-4c23-bcad-0fccadedc554	https://envipath.org/package/521c547a-fd2a-491c-ad5b-7eaa1577fb65/scenario/21c10f01-68c8-4452-abe2-c42c83d5d11b	no description	https://envipath.org/package/521c547a-fd2a-491c-ad5b-7eaa1577fb65/pathway/87ab2bb6-ffb2-499d-bf94-150d5fc35a9d	1																											
C1=CC(=C(C=C1)NCCNCC(=O)O)Cl	https://envipath.org/package/521c547a-fd2a-491c-ad5b-7eaa1577fb65/pathway/87ab2bb6-ffb2-499d-bf94-150d5fc35a9d/node/c595ca34-b369-4d64-8db1-4998c1469c97	https://envipath.org/package/521c547a-fd2a-491c-ad5b-7eaa1577fb65/scenario/336291a9-2eab-483f-bdf8-51654ea867a7	no description	https://envipath.org/package/521c547a-fd2a-491c-ad5b-7eaa1577fb65/pathway/87ab2bb6-ffb2-499d-bf94-150d5fc35a9d	1																											
C1=CC(=C(C=C1)N2CCN(CC2)C(=O)CC(=O)O)Cl	https://envipath.org/package/521c547a-fd2a-491c-ad5b-7eaa1577fb65/pathway/87ab2bb6-ffb2-499d-bf94-150d5fc35a9d/node/7b7142a0-7cab-429f-a7b5-39d2fc4baa93	https://envipath.org/package/521c547a-fd2a-491c-ad5b-7eaa1577fb65/scenario/71656ca2-be3a-4f5e-b45b-f68e23fea7c4	no description	https://envipath.org/package/521c547a-fd2a-491c-ad5b-7eaa1577fb65/pathway/87ab2bb6-ffb2-499d-bf94-150d5fc35a9d	3																											
C1=CC(=C(C=C1)N2CCN(CC2)C(=O)CCC(=O)O)Cl	https://envipath.org/package/521c547a-fd2a-491c-ad5b-7eaa1577fb65/pathway/87ab2bb6-ffb2-499d-bf94-150d5fc35a9d/node/50b930aa-9896-40b6-a567-92d24795643d	https://envipath.org/package/521c547a-fd2a-491c-ad5b-7eaa1577fb65/scenario/ab35dc46-71c8-43f4-b8a0-5fbc94d960f7	no description	https://envipath.org/package/521c547a-fd2a-491c-ad5b-7eaa1577fb65/pathway/87ab2bb6-ffb2-499d-bf94-150d5fc35a9d	1																											
C1=CC(=C(C=C1)N2CCNC(=O)C2)Cl	https://envipath.org/package/521c547a-fd2a-491c-ad5b-7eaa1577fb65/pathway/87ab2bb6-ffb2-499d-bf94-150d5fc35a9d/node/17cf0aac-4682-43f3-8d44-7b552f5f1e71	https://envipath.org/package/521c547a-fd2a-491c-ad5b-7eaa1577fb65/scenario/8f3cebd6-788e-4da1-9a5d-a82269229f7f	no description	https://envipath.org/package/521c547a-fd2a-491c-ad5b-7eaa1577fb65/pathway/87ab2bb6-ffb2-499d-bf94-150d5fc35a9d	3																											
CNC(=O)CC(C1=CC=CC=C1)C2=NC=CC=C2	https://envipath.org/package/521c547a-fd2a-491c-ad5b-7eaa1577fb65/pathway/659ae9c9-5f39-4f51-983d-aee6e50a3ce3/node/532ccf11-8281-4cb3-8969-7516e6ae7cd0	https://envipath.org/package/521c547a-fd2a-491c-ad5b-7eaa1577fb65/scenario/5a5c3a0b-4c0d-4a76-9829-51da970f3ca3	no description	https://envipath.org/package/521c547a-fd2a-491c-ad5b-7eaa1577fb65/pathway/659ae9c9-5f39-4f51-983d-aee6e50a3ce3	3																											
C1=CC=C(C=C1)C(CC(=O)O)C2=NC=CC=C2	https://envipath.org/package/521c547a-fd2a-491c-ad5b-7eaa1577fb65/pathway/659ae9c9-5f39-4f51-983d-aee6e50a3ce3/node/ad6c605c-ff3c-44b5-b62d-0e46230cf1a8	https://envipath.org/package/521c547a-fd2a-491c-ad5b-7eaa1577fb65/scenario/d6802b5d-ec7d-4051-be93-459e95466ece	no description	https://envipath.org/package/521c547a-fd2a-491c-ad5b-7eaa1577fb65/pathway/659ae9c9-5f39-4f51-983d-aee6e50a3ce3	3																											
CC(=O)NCCC(C1=CC=CC=C1)C2=NC=CC=C2	https://envipath.org/package/521c547a-fd2a-491c-ad5b-7eaa1577fb65/pathway/659ae9c9-5f39-4f51-983d-aee6e50a3ce3/node/5020ca25-88ba-458a-b906-a0d4c6e6cd41	https://envipath.org/package/521c547a-fd2a-491c-ad5b-7eaa1577fb65/scenario/b821529a-d810-42cc-bd7e-0b6cac71752c	no description	https://envipath.org/package/521c547a-fd2a-491c-ad5b-7eaa1577fb65/pathway/659ae9c9-5f39-4f51-983d-aee6e50a3ce3	3																											
CN(CCC(C1=CC=CC=C1)C2=NC=CC=C2)C=O	https://envipath.org/package/521c547a-fd2a-491c-ad5b-7eaa1577fb65/pathway/659ae9c9-5f39-4f51-983d-aee6e50a3ce3/node/49800ebc-943d-4d96-a267-444ee1336418	https://envipath.org/package/521c547a-fd2a-491c-ad5b-7eaa1577fb65/scenario/6413cd61-3026-4558-a274-88a18711c07b	no description	https://envipath.org/package/521c547a-fd2a-491c-ad5b-7eaa1577fb65/pathway/659ae9c9-5f39-4f51-983d-aee6e50a3ce3	1																											
CNCCC(C1=CC=CC=C1)C2=NC=CC=C2	https://envipath.org/package/521c547a-fd2a-491c-ad5b-7eaa1577fb65/pathway/659ae9c9-5f39-4f51-983d-aee6e50a3ce3/node/ba627a42-c6b8-49f3-93bb-ef15dd09f041	https://envipath.org/package/521c547a-fd2a-491c-ad5b-7eaa1577fb65/scenario/aff13dd1-6c5c-43bf-a27c-a143a6b2ec7c	no description	https://envipath.org/package/521c547a-fd2a-491c-ad5b-7eaa1577fb65/pathway/659ae9c9-5f39-4f51-983d-aee6e50a3ce3	1																											
CC(=O)N(C)CCC(C1=CC=CC=C1)C2=NC=CC=C2	https://envipath.org/package/521c547a-fd2a-491c-ad5b-7eaa1577fb65/pathway/659ae9c9-5f39-4f51-983d-aee6e50a3ce3/node/3093360c-e771-40b1-b8af-25fadfe026b9	https://envipath.org/package/521c547a-fd2a-491c-ad5b-7eaa1577fb65/scenario/db1e0947-ae57-4c87-87b5-5e2318fe458e	no description	https://envipath.org/package/521c547a-fd2a-491c-ad5b-7eaa1577fb65/pathway/659ae9c9-5f39-4f51-983d-aee6e50a3ce3	3																											
C1=CC=C(C=C1)C(CC=O)C2=NC=CC=C2	https://envipath.org/package/521c547a-fd2a-491c-ad5b-7eaa1577fb65/pathway/659ae9c9-5f39-4f51-983d-aee6e50a3ce3/node/04e4bd33-91eb-4e54-b799-100df00faff1	https://envipath.org/package/521c547a-fd2a-491c-ad5b-7eaa1577fb65/scenario/d1bf84ff-d4b6-4cce-bebf-6865998cea26	no description	https://envipath.org/package/521c547a-fd2a-491c-ad5b-7eaa1577fb65/pathway/659ae9c9-5f39-4f51-983d-aee6e50a3ce3	3																											
C1=CC=C(C=C1)C(CCN)C2=NC=CC=C2	https://envipath.org/package/521c547a-fd2a-491c-ad5b-7eaa1577fb65/pathway/659ae9c9-5f39-4f51-983d-aee6e50a3ce3/node/e7b73320-9768-4f48-a053-227d5ada293d	https://envipath.org/package/521c547a-fd2a-491c-ad5b-7eaa1577fb65/scenario/83cdf967-ea9c-4fff-b84e-5d5ee7f1be12	no description	https://envipath.org/package/521c547a-fd2a-491c-ad5b-7eaa1577fb65/pathway/659ae9c9-5f39-4f51-983d-aee6e50a3ce3	3																											
CN(CCC(C1=CC=CC=C1)C2=NC=CC=C2)C(=O)CCC(=O)O	https://envipath.org/package/521c547a-fd2a-491c-ad5b-7eaa1577fb65/pathway/659ae9c9-5f39-4f51-983d-aee6e50a3ce3/node/a6b6eac8-5862-481f-9594-25f470f0e52f	https://envipath.org/package/521c547a-fd2a-491c-ad5b-7eaa1577fb65/scenario/b14a4601-1321-487d-808f-ef17201052ab	no description	https://envipath.org/package/521c547a-fd2a-491c-ad5b-7eaa1577fb65/pathway/659ae9c9-5f39-4f51-983d-aee6e50a3ce3	3																											
CN(CCC(C1=CC=CC=C1)C2=NC=CC=C2)C(=O)/C=C/C(=O)O	https://envipath.org/package/521c547a-fd2a-491c-ad5b-7eaa1577fb65/pathway/659ae9c9-5f39-4f51-983d-aee6e50a3ce3/node/789a9420-2d0e-49b3-96bb-0c678fbd64b1	https://envipath.org/package/521c547a-fd2a-491c-ad5b-7eaa1577fb65/scenario/2693282d-b2cf-4be9-9fd0-fe75c6028110	no description	https://envipath.org/package/521c547a-fd2a-491c-ad5b-7eaa1577fb65/pathway/659ae9c9-5f39-4f51-983d-aee6e50a3ce3	3																											
C1=CC=C(C=C1)C(CCNC=O)C2=NC=CC=C2	https://envipath.org/package/521c547a-fd2a-491c-ad5b-7eaa1577fb65/pathway/659ae9c9-5f39-4f51-983d-aee6e50a3ce3/node/fb922afa-9d31-4f78-8296-0fe9d87deb96	https://envipath.org/package/521c547a-fd2a-491c-ad5b-7eaa1577fb65/scenario/3b923b24-d9fb-4d5d-861a-34af12ce4669	no description	https://envipath.org/package/521c547a-fd2a-491c-ad5b-7eaa1577fb65/pathway/659ae9c9-5f39-4f51-983d-aee6e50a3ce3	3																											
CN(CO)C1=CC=C(C=C1)Cl	https://envipath.org/package/521c547a-fd2a-491c-ad5b-7eaa1577fb65/pathway/a40d9ae6-5f6f-4bd0-9e2a-ab2bbdd3a6c2/node/96977e32-2168-4cfe-a11b-084c0661f4b8	https://envipath.org/package/521c547a-fd2a-491c-ad5b-7eaa1577fb65/scenario/3f75bd5a-1c97-493f-a269-4c5775ebf674	no description	https://envipath.org/package/521c547a-fd2a-491c-ad5b-7eaa1577fb65/pathway/a40d9ae6-5f6f-4bd0-9e2a-ab2bbdd3a6c2	3																											
CNC1=CC=C(C=C1)Cl	https://envipath.org/package/521c547a-fd2a-491c-ad5b-7eaa1577fb65/pathway/a40d9ae6-5f6f-4bd0-9e2a-ab2bbdd3a6c2/node/8368b596-0d44-4a01-8734-bb0037922477	https://envipath.org/package/521c547a-fd2a-491c-ad5b-7eaa1577fb65/scenario/6100ec35-c7ad-4f26-b0a5-28281ccd66cc	no description	https://envipath.org/package/521c547a-fd2a-491c-ad5b-7eaa1577fb65/pathway/a40d9ae6-5f6f-4bd0-9e2a-ab2bbdd3a6c2	1																											
CN(C)C1=CC=C(C=C1)Cl	https://envipath.org/package/521c547a-fd2a-491c-ad5b-7eaa1577fb65/pathway/a40d9ae6-5f6f-4bd0-9e2a-ab2bbdd3a6c2/node/ecaaa9e8-84b4-4024-9915-884465d67521	https://envipath.org/package/521c547a-fd2a-491c-ad5b-7eaa1577fb65/scenario/a79205a1-280c-4d1e-95fd-9121f0f01c91	no description	https://envipath.org/package/521c547a-fd2a-491c-ad5b-7eaa1577fb65/pathway/a40d9ae6-5f6f-4bd0-9e2a-ab2bbdd3a6c2	1																											
CN(C=O)C1=CC=C(C=C1)Cl	https://envipath.org/package/521c547a-fd2a-491c-ad5b-7eaa1577fb65/pathway/a40d9ae6-5f6f-4bd0-9e2a-ab2bbdd3a6c2/node/1d44bebf-f2a3-4a36-b46d-622ccdfe1a2d	https://envipath.org/package/521c547a-fd2a-491c-ad5b-7eaa1577fb65/scenario/55144bac-230b-4898-a16a-fde46183aa8f	no description	https://envipath.org/package/521c547a-fd2a-491c-ad5b-7eaa1577fb65/pathway/a40d9ae6-5f6f-4bd0-9e2a-ab2bbdd3a6c2	2																											
CC1(C)CON(CC2=C(C=CC=C2)Cl)C1=O	https://envipath.org/package/521c547a-fd2a-491c-ad5b-7eaa1577fb65/pathway/1ad17e15-1ed9-49b8-a257-e7eca4a9c777/node/26fa11de-3c8b-4398-aebc-3109a7a91fc1	https://envipath.org/package/521c547a-fd2a-491c-ad5b-7eaa1577fb65/scenario/3d17d756-b95e-4e84-aa55-dcd6f13e1a48	DOI: 10.1021/es100970m	https://envipath.org/package/521c547a-fd2a-491c-ad5b-7eaa1577fb65/pathway/1ad17e15-1ed9-49b8-a257-e7eca4a9c777		aerob	{'end': 6.2, 'start': 6.2}	pilot scale WWTP (membrane Bioreactor) Duebendorf, Switzerland	amber glass bottle		shaking	sludge age	49.95	3.0	100.0	spiking in solvent	{'end': 20.0, 'start': 20.0}	mixed WW (municipal & industrial)		7.9												
CC1(C)CON(CC2=CC=CC(=C2Cl)O)C1=O	https://envipath.org/package/521c547a-fd2a-491c-ad5b-7eaa1577fb65/pathway/1ad17e15-1ed9-49b8-a257-e7eca4a9c777/node/f03e4b31-a1bb-4f0e-8f56-f7dbb4ab4b6b	https://envipath.org/package/521c547a-fd2a-491c-ad5b-7eaa1577fb65/scenario/3d17d756-b95e-4e84-aa55-dcd6f13e1a48	DOI: 10.1021/es100970m	https://envipath.org/package/521c547a-fd2a-491c-ad5b-7eaa1577fb65/pathway/1ad17e15-1ed9-49b8-a257-e7eca4a9c777		aerob	{'end': 6.2, 'start': 6.2}	pilot scale WWTP (membrane Bioreactor) Duebendorf, Switzerland	amber glass bottle		shaking	sludge age	49.95	3.0	100.0	spiking in solvent	{'end': 20.0, 'start': 20.0}	mixed WW (municipal & industrial)		7.9												
CC1(C)CON(CC2=CC=C(C(=C2Cl)O)O)C1=O	https://envipath.org/package/521c547a-fd2a-491c-ad5b-7eaa1577fb65/pathway/1ad17e15-1ed9-49b8-a257-e7eca4a9c777/node/47859fbe-1bd9-4029-aa78-398631236ded	https://envipath.org/package/521c547a-fd2a-491c-ad5b-7eaa1577fb65/scenario/3d17d756-b95e-4e84-aa55-dcd6f13e1a48	DOI: 10.1021/es100970m	https://envipath.org/package/521c547a-fd2a-491c-ad5b-7eaa1577fb65/pathway/1ad17e15-1ed9-49b8-a257-e7eca4a9c777		aerob	{'end': 6.2, 'start': 6.2}	pilot scale WWTP (membrane Bioreactor) Duebendorf, Switzerland	amber glass bottle		shaking	sludge age	49.95	3.0	100.0	spiking in solvent	{'end': 20.0, 'start': 20.0}	mixed WW (municipal & industrial)		7.9												
CCNC(=O)C1=C(C=CC=C1)Cl	https://envipath.org/package/521c547a-fd2a-491c-ad5b-7eaa1577fb65/pathway/3e5ce832-afe7-4e64-b645-92144b972c19/node/0f97bad6-af62-4269-b768-df5dadb456e9	https://envipath.org/package/521c547a-fd2a-491c-ad5b-7eaa1577fb65/scenario/ed79280d-e48b-46ad-8161-b4dd06773e45	DOI: 10.1021/es101035b	https://envipath.org/package/521c547a-fd2a-491c-ad5b-7eaa1577fb65/pathway/3e5ce832-afe7-4e64-b645-92144b972c19		aerob	{'end': 6.2, 'start': 6.2}	Duebendorf, Switzerland	amber glass		shaking		49.95	3.0	100.0	spiking in solvent	{'end': 20.0, 'start': 20.0}	mixed WW (municipal & industrial)			nanofiltered ps-MBR effluent											
CCN(CC(=O)O)C(=O)C1=C(C=CC=C1)Cl	https://envipath.org/package/521c547a-fd2a-491c-ad5b-7eaa1577fb65/pathway/3e5ce832-afe7-4e64-b645-92144b972c19/node/e30ba5ac-d3aa-47fd-9e0e-28fd7be2095d	https://envipath.org/package/521c547a-fd2a-491c-ad5b-7eaa1577fb65/scenario/ed79280d-e48b-46ad-8161-b4dd06773e45	DOI: 10.1021/es101035b	https://envipath.org/package/521c547a-fd2a-491c-ad5b-7eaa1577fb65/pathway/3e5ce832-afe7-4e64-b645-92144b972c19		aerob	{'end': 6.2, 'start': 6.2}	Duebendorf, Switzerland	amber glass		shaking		49.95	3.0	100.0	spiking in solvent	{'end': 20.0, 'start': 20.0}	mixed WW (municipal & industrial)			nanofiltered ps-MBR effluent											
CCN(CC)C(=O)C1=CC=CC(=C1Cl)O	https://envipath.org/package/521c547a-fd2a-491c-ad5b-7eaa1577fb65/pathway/3e5ce832-afe7-4e64-b645-92144b972c19/node/140837a4-a089-4ea6-a446-3e60bd640a21	https://envipath.org/package/521c547a-fd2a-491c-ad5b-7eaa1577fb65/scenario/ed79280d-e48b-46ad-8161-b4dd06773e45	DOI: 10.1021/es101035b	https://envipath.org/package/521c547a-fd2a-491c-ad5b-7eaa1577fb65/pathway/3e5ce832-afe7-4e64-b645-92144b972c19		aerob	{'end': 6.2, 'start': 6.2}	Duebendorf, Switzerland	amber glass		shaking		49.95	3.0	100.0	spiking in solvent	{'end': 20.0, 'start': 20.0}	mixed WW (municipal & industrial)			nanofiltered ps-MBR effluent											
CCN(CC)C(=O)C1=CC=CC=C1	https://envipath.org/package/521c547a-fd2a-491c-ad5b-7eaa1577fb65/pathway/3e5ce832-afe7-4e64-b645-92144b972c19/node/a772a163-0cfc-418f-9519-a21afabd1e8c	https://envipath.org/package/521c547a-fd2a-491c-ad5b-7eaa1577fb65/scenario/ed79280d-e48b-46ad-8161-b4dd06773e45	DOI: 10.1021/es101035b	https://envipath.org/package/521c547a-fd2a-491c-ad5b-7eaa1577fb65/pathway/3e5ce832-afe7-4e64-b645-92144b972c19		aerob	{'end': 6.2, 'start': 6.2}	Duebendorf, Switzerland	amber glass		shaking		49.95	3.0	100.0	spiking in solvent	{'end': 20.0, 'start': 20.0}	mixed WW (municipal & industrial)			nanofiltered ps-MBR effluent											
CCN(CC)C(=O)C1=C(C=CC=C1)Cl	https://envipath.org/package/521c547a-fd2a-491c-ad5b-7eaa1577fb65/pathway/3e5ce832-afe7-4e64-b645-92144b972c19/node/eeba1e7a-72aa-4dfd-9cce-2a50e5fb5af6	https://envipath.org/package/521c547a-fd2a-491c-ad5b-7eaa1577fb65/scenario/b28b2ea8-9398-4e87-8b94-54d84f331e06	no description	https://envipath.org/package/521c547a-fd2a-491c-ad5b-7eaa1577fb65/pathway/3e5ce832-afe7-4e64-b645-92144b972c19																		sorption corrected & abiotic degradation corrected										
C1=C(C=CC(=C1)N)C(=O)O	https://envipath.org/package/521c547a-fd2a-491c-ad5b-7eaa1577fb65/pathway/b41b9537-194f-4ba6-8268-d8b39d5af4b4/node/13dba527-2dd5-492a-86bf-378b6edcc6b7	https://envipath.org/package/521c547a-fd2a-491c-ad5b-7eaa1577fb65/scenario/ed79280d-e48b-46ad-8161-b4dd06773e45	DOI: 10.1021/es101035b	https://envipath.org/package/521c547a-fd2a-491c-ad5b-7eaa1577fb65/pathway/b41b9537-194f-4ba6-8268-d8b39d5af4b4		aerob	{'end': 6.2, 'start': 6.2}	Duebendorf, Switzerland	amber glass		shaking		49.95	3.0	100.0	spiking in solvent	{'end': 20.0, 'start': 20.0}	mixed WW (municipal & industrial)			nanofiltered ps-MBR effluent											
CCN(CC)C(=O)C1=CC=C(C=C1)N	https://envipath.org/package/521c547a-fd2a-491c-ad5b-7eaa1577fb65/pathway/b41b9537-194f-4ba6-8268-d8b39d5af4b4/node/c057376d-a87e-42be-b5d6-e0d727479e5c	https://envipath.org/package/521c547a-fd2a-491c-ad5b-7eaa1577fb65/scenario/cbdbbec0-278f-4ab9-9c0f-493d473a0138	no description	https://envipath.org/package/521c547a-fd2a-491c-ad5b-7eaa1577fb65/pathway/b41b9537-194f-4ba6-8268-d8b39d5af4b4																		sorption corrected & abiotic degradation corrected										
CCN(C(=O)C)C1=C(C=CC=C1)C(=O)O	https://envipath.org/package/521c547a-fd2a-491c-ad5b-7eaa1577fb65/pathway/062d53a7-cd3d-46e4-9d2e-381c358ff8d7/node/d880b75d-c1c5-4863-b820-99b7e303d1dc	https://envipath.org/package/521c547a-fd2a-491c-ad5b-7eaa1577fb65/scenario/ed79280d-e48b-46ad-8161-b4dd06773e45	DOI: 10.1021/es101035b	https://envipath.org/package/521c547a-fd2a-491c-ad5b-7eaa1577fb65/pathway/062d53a7-cd3d-46e4-9d2e-381c358ff8d7		aerob	{'end': 6.2, 'start': 6.2}	Duebendorf, Switzerland	amber glass		shaking		49.95	3.0	100.0	spiking in solvent	{'end': 20.0, 'start': 20.0}	mixed WW (municipal & industrial)			nanofiltered ps-MBR effluent											
CCN(C(=O)C)C1=C(C)C=CC=C1	https://envipath.org/package/521c547a-fd2a-491c-ad5b-7eaa1577fb65/pathway/062d53a7-cd3d-46e4-9d2e-381c358ff8d7/node/64e5897c-f96b-4596-a0fa-46cd60103d6a	https://envipath.org/package/521c547a-fd2a-491c-ad5b-7eaa1577fb65/scenario/49239d8a-7d25-4e46-9ec6-f8e16fccb6d5	no description	https://envipath.org/package/521c547a-fd2a-491c-ad5b-7eaa1577fb65/pathway/062d53a7-cd3d-46e4-9d2e-381c358ff8d7																		sorption corrected & abiotic degradation corrected										
CCN(CC(=O)O)C(=O)C1=CC=CC=C1	https://envipath.org/package/521c547a-fd2a-491c-ad5b-7eaa1577fb65/pathway/2e2447c4-f285-409a-b910-36d4f481ccf6/node/64d6f4b9-0f40-48ba-ab2e-77ba0b187214	https://envipath.org/package/521c547a-fd2a-491c-ad5b-7eaa1577fb65/scenario/ed79280d-e48b-46ad-8161-b4dd06773e45	DOI: 10.1021/es101035b	https://envipath.org/package/521c547a-fd2a-491c-ad5b-7eaa1577fb65/pathway/2e2447c4-f285-409a-b910-36d4f481ccf6		aerob	{'end': 6.2, 'start': 6.2}	Duebendorf, Switzerland	amber glass		shaking		49.95	3.0	100.0	spiking in solvent	{'end': 20.0, 'start': 20.0}	mixed WW (municipal & industrial)			nanofiltered ps-MBR effluent											
CCCCN(CC)C(=O)C1=CC=CC=C1	https://envipath.org/package/521c547a-fd2a-491c-ad5b-7eaa1577fb65/pathway/2e2447c4-f285-409a-b910-36d4f481ccf6/node/6b5eec84-0c38-466a-ab50-06d0f2a3843e	https://envipath.org/package/521c547a-fd2a-491c-ad5b-7eaa1577fb65/scenario/adade645-5291-4882-b178-6fbed5437754	no description	https://envipath.org/package/521c547a-fd2a-491c-ad5b-7eaa1577fb65/pathway/2e2447c4-f285-409a-b910-36d4f481ccf6																		sorption corrected & abiotic degradation corrected										
CCNC(=O)C1=C(C=CC=C1)N	https://envipath.org/package/521c547a-fd2a-491c-ad5b-7eaa1577fb65/pathway/4bd5a236-c760-4163-83b8-3a66ab2a680b/node/f18884c7-da13-48e5-8238-8d747cc044ef	https://envipath.org/package/521c547a-fd2a-491c-ad5b-7eaa1577fb65/scenario/ed79280d-e48b-46ad-8161-b4dd06773e45	DOI: 10.1021/es101035b	https://envipath.org/package/521c547a-fd2a-491c-ad5b-7eaa1577fb65/pathway/4bd5a236-c760-4163-83b8-3a66ab2a680b		aerob	{'end': 6.2, 'start': 6.2}	Duebendorf, Switzerland	amber glass		shaking		49.95	3.0	100.0	spiking in solvent	{'end': 20.0, 'start': 20.0}	mixed WW (municipal & industrial)			nanofiltered ps-MBR effluent											
C1=CC(=C(C=C1)N)C(=O)O	https://envipath.org/package/521c547a-fd2a-491c-ad5b-7eaa1577fb65/pathway/4bd5a236-c760-4163-83b8-3a66ab2a680b/node/3ddbdf52-cb6b-4e04-bb9d-1ddbb7b8e9ca	https://envipath.org/package/521c547a-fd2a-491c-ad5b-7eaa1577fb65/scenario/ed79280d-e48b-46ad-8161-b4dd06773e45	DOI: 10.1021/es101035b	https://envipath.org/package/521c547a-fd2a-491c-ad5b-7eaa1577fb65/pathway/4bd5a236-c760-4163-83b8-3a66ab2a680b		aerob	{'end': 6.2, 'start': 6.2}	Duebendorf, Switzerland	amber glass		shaking		49.95	3.0	100.0	spiking in solvent	{'end': 20.0, 'start': 20.0}	mixed WW (municipal & industrial)			nanofiltered ps-MBR effluent											
CCN(CC)C(=O)C1=C(C=CC=C1)N	https://envipath.org/package/521c547a-fd2a-491c-ad5b-7eaa1577fb65/pathway/4bd5a236-c760-4163-83b8-3a66ab2a680b/node/b6786321-7847-4cab-ae44-a3cc2d1cbd3c	https://envipath.org/package/521c547a-fd2a-491c-ad5b-7eaa1577fb65/scenario/339880b2-87a4-4873-bc62-380418573222	no description	https://envipath.org/package/521c547a-fd2a-491c-ad5b-7eaa1577fb65/pathway/4bd5a236-c760-4163-83b8-3a66ab2a680b																		sorption corrected & abiotic degradation corrected										
CC(C)NC(=O)C(C)(C)C	https://envipath.org/package/521c547a-fd2a-491c-ad5b-7eaa1577fb65/pathway/70a894ec-9c14-4a2f-9f0f-00afb9ab27ed/node/2d188a77-9691-4e60-9c18-2c8d5a12cb4e	https://envipath.org/package/521c547a-fd2a-491c-ad5b-7eaa1577fb65/scenario/3d17d756-b95e-4e84-aa55-dcd6f13e1a48	DOI: 10.1021/es100970m	https://envipath.org/package/521c547a-fd2a-491c-ad5b-7eaa1577fb65/pathway/70a894ec-9c14-4a2f-9f0f-00afb9ab27ed		aerob	{'end': 6.2, 'start': 6.2}	pilot scale WWTP (membrane Bioreactor) Duebendorf, Switzerland	amber glass bottle		shaking	sludge age	49.95	3.0	100.0	spiking in solvent	{'end': 20.0, 'start': 20.0}	mixed WW (municipal & industrial)		7.9												
CC(C)NC(=O)C(C)(C)C	https://envipath.org/package/521c547a-fd2a-491c-ad5b-7eaa1577fb65/pathway/70a894ec-9c14-4a2f-9f0f-00afb9ab27ed/node/2d188a77-9691-4e60-9c18-2c8d5a12cb4e	https://envipath.org/package/521c547a-fd2a-491c-ad5b-7eaa1577fb65/scenario/ed79280d-e48b-46ad-8161-b4dd06773e45	DOI: 10.1021/es101035b	https://envipath.org/package/521c547a-fd2a-491c-ad5b-7eaa1577fb65/pathway/70a894ec-9c14-4a2f-9f0f-00afb9ab27ed		aerob	{'end': 6.2, 'start': 6.2}	Duebendorf, Switzerland	amber glass		shaking		49.95	3.0	100.0	spiking in solvent	{'end': 20.0, 'start': 20.0}	mixed WW (municipal & industrial)			nanofiltered ps-MBR effluent											
CC(C)N(CC1=CC=CC=C1)C(=O)C(C)(C)C	https://envipath.org/package/521c547a-fd2a-491c-ad5b-7eaa1577fb65/pathway/70a894ec-9c14-4a2f-9f0f-00afb9ab27ed/node/e4ffcef8-34ec-44a2-81ab-965f0d41cd68	https://envipath.org/package/521c547a-fd2a-491c-ad5b-7eaa1577fb65/scenario/3d17d756-b95e-4e84-aa55-dcd6f13e1a48	DOI: 10.1021/es100970m	https://envipath.org/package/521c547a-fd2a-491c-ad5b-7eaa1577fb65/pathway/70a894ec-9c14-4a2f-9f0f-00afb9ab27ed		aerob	{'end': 6.2, 'start': 6.2}	pilot scale WWTP (membrane Bioreactor) Duebendorf, Switzerland	amber glass bottle		shaking	sludge age	49.95	3.0	100.0	spiking in solvent	{'end': 20.0, 'start': 20.0}	mixed WW (municipal & industrial)		7.9												
CC(C)N(CC1=CC=CC=C1)C(=O)C(C)(C)C	https://envipath.org/package/521c547a-fd2a-491c-ad5b-7eaa1577fb65/pathway/70a894ec-9c14-4a2f-9f0f-00afb9ab27ed/node/e4ffcef8-34ec-44a2-81ab-965f0d41cd68	https://envipath.org/package/521c547a-fd2a-491c-ad5b-7eaa1577fb65/scenario/b73c5612-3885-4a9a-83db-56994dab2426	no description	https://envipath.org/package/521c547a-fd2a-491c-ad5b-7eaa1577fb65/pathway/70a894ec-9c14-4a2f-9f0f-00afb9ab27ed																		sorption corrected & abiotic degradation corrected										
CCN(CC)C(=O)C(C1=CC=CC=C1)O	https://envipath.org/package/521c547a-fd2a-491c-ad5b-7eaa1577fb65/pathway/62987355-502c-4d57-8920-8310a9609f3d/node/8c08045e-99de-4231-b18d-976082d6f042	https://envipath.org/package/521c547a-fd2a-491c-ad5b-7eaa1577fb65/scenario/ed79280d-e48b-46ad-8161-b4dd06773e45	DOI: 10.1021/es101035b	https://envipath.org/package/521c547a-fd2a-491c-ad5b-7eaa1577fb65/pathway/62987355-502c-4d57-8920-8310a9609f3d		aerob	{'end': 6.2, 'start': 6.2}	Duebendorf, Switzerland	amber glass		shaking		49.95	3.0	100.0	spiking in solvent	{'end': 20.0, 'start': 20.0}	mixed WW (municipal & industrial)			nanofiltered ps-MBR effluent											
CCN(CC)C(=O)C(=O)C1=CC=CC=C1	https://envipath.org/package/521c547a-fd2a-491c-ad5b-7eaa1577fb65/pathway/62987355-502c-4d57-8920-8310a9609f3d/node/9904f917-3332-42d2-94ae-2332623c1e97	https://envipath.org/package/521c547a-fd2a-491c-ad5b-7eaa1577fb65/scenario/ed79280d-e48b-46ad-8161-b4dd06773e45	DOI: 10.1021/es101035b	https://envipath.org/package/521c547a-fd2a-491c-ad5b-7eaa1577fb65/pathway/62987355-502c-4d57-8920-8310a9609f3d		aerob	{'end': 6.2, 'start': 6.2}	Duebendorf, Switzerland	amber glass		shaking		49.95	3.0	100.0	spiking in solvent	{'end': 20.0, 'start': 20.0}	mixed WW (municipal & industrial)			nanofiltered ps-MBR effluent											
CCN(CC)C(=O)CC1=CC=CC=C1	https://envipath.org/package/521c547a-fd2a-491c-ad5b-7eaa1577fb65/pathway/62987355-502c-4d57-8920-8310a9609f3d/node/96d39b64-731b-4cb3-9479-e64486bfac4d	https://envipath.org/package/521c547a-fd2a-491c-ad5b-7eaa1577fb65/scenario/4c0995e7-c7f1-4e7e-af29-9ad428ead3c2	no description	https://envipath.org/package/521c547a-fd2a-491c-ad5b-7eaa1577fb65/pathway/62987355-502c-4d57-8920-8310a9609f3d																		sorption corrected & abiotic degradation corrected										
CCCC(=O)N(C(C)C)C(C1=CC=CC=C1)O	https://envipath.org/package/521c547a-fd2a-491c-ad5b-7eaa1577fb65/pathway/44d80d2f-bde4-446a-a792-54ef3e058bf6/node/4a2cb9f4-cc88-40a2-a474-d15473cce619	https://envipath.org/package/521c547a-fd2a-491c-ad5b-7eaa1577fb65/scenario/ed79280d-e48b-46ad-8161-b4dd06773e45	DOI: 10.1021/es101035b	https://envipath.org/package/521c547a-fd2a-491c-ad5b-7eaa1577fb65/pathway/44d80d2f-bde4-446a-a792-54ef3e058bf6		aerob	{'end': 6.2, 'start': 6.2}	Duebendorf, Switzerland	amber glass		shaking		49.95	3.0	100.0	spiking in solvent	{'end': 20.0, 'start': 20.0}	mixed WW (municipal & industrial)			nanofiltered ps-MBR effluent											
CCCC(=O)N(CC1=CC=CC=C1)C(C)C	https://envipath.org/package/521c547a-fd2a-491c-ad5b-7eaa1577fb65/pathway/44d80d2f-bde4-446a-a792-54ef3e058bf6/node/34323601-c104-492b-879a-d69e2242415b	https://envipath.org/package/521c547a-fd2a-491c-ad5b-7eaa1577fb65/scenario/e6bea1a8-f883-43a7-bd3e-32c2ef8bcc4b	no description	https://envipath.org/package/521c547a-fd2a-491c-ad5b-7eaa1577fb65/pathway/44d80d2f-bde4-446a-a792-54ef3e058bf6																		sorption corrected & abiotic degradation corrected										
CN(C1=CC=C(C=C1)O)C(=O)C2=CC=C(C=C2)Cl	https://envipath.org/package/521c547a-fd2a-491c-ad5b-7eaa1577fb65/pathway/2f706a13-6eb1-471e-95c5-007965d29f4c/node/6d4deaaf-d943-431d-97c8-58d07f2e5912	https://envipath.org/package/521c547a-fd2a-491c-ad5b-7eaa1577fb65/scenario/746dd09c-8337-49ea-9186-c4b33cc8698b	no description	https://envipath.org/package/521c547a-fd2a-491c-ad5b-7eaa1577fb65/pathway/2f706a13-6eb1-471e-95c5-007965d29f4c																		sorption corrected & abiotic degradation corrected										
CCN(CC(=O)O)C(=O)C1=CC=C(C=C1)Cl	https://envipath.org/package/521c547a-fd2a-491c-ad5b-7eaa1577fb65/pathway/ad09a4f2-a8ba-4227-af8b-e73f907e030f/node/cbce7a45-11ec-4fb4-a942-7af2e5b11ba9	https://envipath.org/package/521c547a-fd2a-491c-ad5b-7eaa1577fb65/scenario/ed79280d-e48b-46ad-8161-b4dd06773e45	DOI: 10.1021/es101035b	https://envipath.org/package/521c547a-fd2a-491c-ad5b-7eaa1577fb65/pathway/ad09a4f2-a8ba-4227-af8b-e73f907e030f		aerob	{'end': 6.2, 'start': 6.2}	Duebendorf, Switzerland	amber glass		shaking		49.95	3.0	100.0	spiking in solvent	{'end': 20.0, 'start': 20.0}	mixed WW (municipal & industrial)			nanofiltered ps-MBR effluent											
CCCCN(CC)C(=O)C1=CC=C(C=C1)Cl	https://envipath.org/package/521c547a-fd2a-491c-ad5b-7eaa1577fb65/pathway/ad09a4f2-a8ba-4227-af8b-e73f907e030f/node/d9e92916-538e-45ea-ab18-f87dbed20256	https://envipath.org/package/521c547a-fd2a-491c-ad5b-7eaa1577fb65/scenario/2e208d14-1cab-4f03-ac96-708de36562f8	no description	https://envipath.org/package/521c547a-fd2a-491c-ad5b-7eaa1577fb65/pathway/ad09a4f2-a8ba-4227-af8b-e73f907e030f																		sorption corrected & abiotic degradation corrected										
CNC(=O)C1=CC=C(C=C1)Cl	https://envipath.org/package/521c547a-fd2a-491c-ad5b-7eaa1577fb65/pathway/be6d1f14-f297-4267-97fe-7779830d05be/node/4a7356cb-0a97-4975-9e29-cf1af6330477	https://envipath.org/package/521c547a-fd2a-491c-ad5b-7eaa1577fb65/scenario/ed79280d-e48b-46ad-8161-b4dd06773e45	DOI: 10.1021/es101035b	https://envipath.org/package/521c547a-fd2a-491c-ad5b-7eaa1577fb65/pathway/be6d1f14-f297-4267-97fe-7779830d05be		aerob	{'end': 6.2, 'start': 6.2}	Duebendorf, Switzerland	amber glass		shaking		49.95	3.0	100.0	spiking in solvent	{'end': 20.0, 'start': 20.0}	mixed WW (municipal & industrial)			nanofiltered ps-MBR effluent											
CN(C)C(=O)C1=CC=C(C=C1)Cl	https://envipath.org/package/521c547a-fd2a-491c-ad5b-7eaa1577fb65/pathway/be6d1f14-f297-4267-97fe-7779830d05be/node/d38bd3a0-0ae2-407f-af32-9d33b58b97fc	https://envipath.org/package/521c547a-fd2a-491c-ad5b-7eaa1577fb65/scenario/13f2dde7-ee14-407d-9f3f-fc10701e9c6c	no description	https://envipath.org/package/521c547a-fd2a-491c-ad5b-7eaa1577fb65/pathway/be6d1f14-f297-4267-97fe-7779830d05be																		sorption corrected & abiotic degradation corrected										
CCC(C(=O)O)N1CCCC1=O	https://envipath.org/package/521c547a-fd2a-491c-ad5b-7eaa1577fb65/pathway/96f6759f-775d-4fd4-aedc-b3d2299a4a30/node/8fb18401-9b03-4a3f-ae76-3e22cc0a9729	https://envipath.org/package/521c547a-fd2a-491c-ad5b-7eaa1577fb65/scenario/3d17d756-b95e-4e84-aa55-dcd6f13e1a48	DOI: 10.1021/es100970m	https://envipath.org/package/521c547a-fd2a-491c-ad5b-7eaa1577fb65/pathway/96f6759f-775d-4fd4-aedc-b3d2299a4a30		aerob	{'end': 6.2, 'start': 6.2}	pilot scale WWTP (membrane Bioreactor) Duebendorf, Switzerland	amber glass bottle		shaking	sludge age	49.95	3.0	100.0	spiking in solvent	{'end': 20.0, 'start': 20.0}	mixed WW (municipal & industrial)		7.9												
CCC(C(=O)O)N1CCCC1=O	https://envipath.org/package/521c547a-fd2a-491c-ad5b-7eaa1577fb65/pathway/96f6759f-775d-4fd4-aedc-b3d2299a4a30/node/8fb18401-9b03-4a3f-ae76-3e22cc0a9729	https://envipath.org/package/521c547a-fd2a-491c-ad5b-7eaa1577fb65/scenario/ed79280d-e48b-46ad-8161-b4dd06773e45	DOI: 10.1021/es101035b	https://envipath.org/package/521c547a-fd2a-491c-ad5b-7eaa1577fb65/pathway/96f6759f-775d-4fd4-aedc-b3d2299a4a30		aerob	{'end': 6.2, 'start': 6.2}	Duebendorf, Switzerland	amber glass		shaking		49.95	3.0	100.0	spiking in solvent	{'end': 20.0, 'start': 20.0}	mixed WW (municipal & industrial)			nanofiltered ps-MBR effluent											
CCC(C(=O)N)N1CCCC1=O	https://envipath.org/package/521c547a-fd2a-491c-ad5b-7eaa1577fb65/pathway/96f6759f-775d-4fd4-aedc-b3d2299a4a30/node/eb903a98-3238-4410-8c67-e71da24d56ef	https://envipath.org/package/521c547a-fd2a-491c-ad5b-7eaa1577fb65/scenario/1235c92b-b725-4d71-b29d-2b3f3345bf58	no description	https://envipath.org/package/521c547a-fd2a-491c-ad5b-7eaa1577fb65/pathway/96f6759f-775d-4fd4-aedc-b3d2299a4a30																		sorption corrected & abiotic degradation corrected										
CCC(C(=O)N)N1CCCC1=O	https://envipath.org/package/521c547a-fd2a-491c-ad5b-7eaa1577fb65/pathway/96f6759f-775d-4fd4-aedc-b3d2299a4a30/node/eb903a98-3238-4410-8c67-e71da24d56ef	https://envipath.org/package/521c547a-fd2a-491c-ad5b-7eaa1577fb65/scenario/3d17d756-b95e-4e84-aa55-dcd6f13e1a48	DOI: 10.1021/es100970m	https://envipath.org/package/521c547a-fd2a-491c-ad5b-7eaa1577fb65/pathway/96f6759f-775d-4fd4-aedc-b3d2299a4a30		aerob	{'end': 6.2, 'start': 6.2}	pilot scale WWTP (membrane Bioreactor) Duebendorf, Switzerland	amber glass bottle		shaking	sludge age	49.95	3.0	100.0	spiking in solvent	{'end': 20.0, 'start': 20.0}	mixed WW (municipal & industrial)		7.9												
C1=C(C=CC(=C1)Cl)C(=O)O	https://envipath.org/package/521c547a-fd2a-491c-ad5b-7eaa1577fb65/pathway/e5d642c1-ca1c-4690-bba2-9b26b52377b8/node/733f533b-67ad-4de9-844a-5ac8f3403f93	https://envipath.org/package/521c547a-fd2a-491c-ad5b-7eaa1577fb65/scenario/ed79280d-e48b-46ad-8161-b4dd06773e45	DOI: 10.1021/es101035b	https://envipath.org/package/521c547a-fd2a-491c-ad5b-7eaa1577fb65/pathway/e5d642c1-ca1c-4690-bba2-9b26b52377b8		aerob	{'end': 6.2, 'start': 6.2}	Duebendorf, Switzerland	amber glass		shaking		49.95	3.0	100.0	spiking in solvent	{'end': 20.0, 'start': 20.0}	mixed WW (municipal & industrial)			nanofiltered ps-MBR effluent											
CCN(CC)C(=O)C1=CC=C(C=C1O)Cl	https://envipath.org/package/521c547a-fd2a-491c-ad5b-7eaa1577fb65/pathway/e5d642c1-ca1c-4690-bba2-9b26b52377b8/node/160607c0-0f0f-4f38-a254-1c41ec6f9e19	https://envipath.org/package/521c547a-fd2a-491c-ad5b-7eaa1577fb65/scenario/ed79280d-e48b-46ad-8161-b4dd06773e45	DOI: 10.1021/es101035b	https://envipath.org/package/521c547a-fd2a-491c-ad5b-7eaa1577fb65/pathway/e5d642c1-ca1c-4690-bba2-9b26b52377b8		aerob	{'end': 6.2, 'start': 6.2}	Duebendorf, Switzerland	amber glass		shaking		49.95	3.0	100.0	spiking in solvent	{'end': 20.0, 'start': 20.0}	mixed WW (municipal & industrial)			nanofiltered ps-MBR effluent											
C1=C(C=CC(=C1)O)C(=O)O	https://envipath.org/package/521c547a-fd2a-491c-ad5b-7eaa1577fb65/pathway/e5d642c1-ca1c-4690-bba2-9b26b52377b8/node/0553ee87-26dd-4a8d-a774-14b26540eff3	https://envipath.org/package/521c547a-fd2a-491c-ad5b-7eaa1577fb65/scenario/ed79280d-e48b-46ad-8161-b4dd06773e45	DOI: 10.1021/es101035b	https://envipath.org/package/521c547a-fd2a-491c-ad5b-7eaa1577fb65/pathway/e5d642c1-ca1c-4690-bba2-9b26b52377b8		aerob	{'end': 6.2, 'start': 6.2}	Duebendorf, Switzerland	amber glass		shaking		49.95	3.0	100.0	spiking in solvent	{'end': 20.0, 'start': 20.0}	mixed WW (municipal & industrial)			nanofiltered ps-MBR effluent											
CCNC(=O)C1=CC=C(C=C1)Cl	https://envipath.org/package/521c547a-fd2a-491c-ad5b-7eaa1577fb65/pathway/e5d642c1-ca1c-4690-bba2-9b26b52377b8/node/ce0b24e1-2c70-44ec-9b7f-b56fe7ca791b	https://envipath.org/package/521c547a-fd2a-491c-ad5b-7eaa1577fb65/scenario/ed79280d-e48b-46ad-8161-b4dd06773e45	DOI: 10.1021/es101035b	https://envipath.org/package/521c547a-fd2a-491c-ad5b-7eaa1577fb65/pathway/e5d642c1-ca1c-4690-bba2-9b26b52377b8		aerob	{'end': 6.2, 'start': 6.2}	Duebendorf, Switzerland	amber glass		shaking		49.95	3.0	100.0	spiking in solvent	{'end': 20.0, 'start': 20.0}	mixed WW (municipal & industrial)			nanofiltered ps-MBR effluent											
CCN(CC)C(=O)C1=CC=CC=C1	https://envipath.org/package/521c547a-fd2a-491c-ad5b-7eaa1577fb65/pathway/e5d642c1-ca1c-4690-bba2-9b26b52377b8/node/51a344c1-67e1-4788-8f44-37a692fa26fd	https://envipath.org/package/521c547a-fd2a-491c-ad5b-7eaa1577fb65/scenario/ed79280d-e48b-46ad-8161-b4dd06773e45	DOI: 10.1021/es101035b	https://envipath.org/package/521c547a-fd2a-491c-ad5b-7eaa1577fb65/pathway/e5d642c1-ca1c-4690-bba2-9b26b52377b8		aerob	{'end': 6.2, 'start': 6.2}	Duebendorf, Switzerland	amber glass		shaking		49.95	3.0	100.0	spiking in solvent	{'end': 20.0, 'start': 20.0}	mixed WW (municipal & industrial)			nanofiltered ps-MBR effluent											
CCN(CC(=O)O)C(=O)C1=CC=C(C=C1)Cl	https://envipath.org/package/521c547a-fd2a-491c-ad5b-7eaa1577fb65/pathway/e5d642c1-ca1c-4690-bba2-9b26b52377b8/node/f8e10f96-e42e-48f9-915e-332c7d3cdadc	https://envipath.org/package/521c547a-fd2a-491c-ad5b-7eaa1577fb65/scenario/ed79280d-e48b-46ad-8161-b4dd06773e45	DOI: 10.1021/es101035b	https://envipath.org/package/521c547a-fd2a-491c-ad5b-7eaa1577fb65/pathway/e5d642c1-ca1c-4690-bba2-9b26b52377b8		aerob	{'end': 6.2, 'start': 6.2}	Duebendorf, Switzerland	amber glass		shaking		49.95	3.0	100.0	spiking in solvent	{'end': 20.0, 'start': 20.0}	mixed WW (municipal & industrial)			nanofiltered ps-MBR effluent											
CCN(CC(=O)O)C(=O)C1=CC=C(C=C1)Cl	https://envipath.org/package/521c547a-fd2a-491c-ad5b-7eaa1577fb65/pathway/e5d642c1-ca1c-4690-bba2-9b26b52377b8/node/f8e10f96-e42e-48f9-915e-332c7d3cdadc	https://envipath.org/package/521c547a-fd2a-491c-ad5b-7eaa1577fb65/scenario/86a6a52d-1ead-461c-8d74-b38606c2def7	no description	https://envipath.org/package/521c547a-fd2a-491c-ad5b-7eaa1577fb65/pathway/e5d642c1-ca1c-4690-bba2-9b26b52377b8																												
CCN(CC)C(=O)C1=CC=C(C=C1)Cl	https://envipath.org/package/521c547a-fd2a-491c-ad5b-7eaa1577fb65/pathway/e5d642c1-ca1c-4690-bba2-9b26b52377b8/node/590c092c-eafa-496b-ad82-1108c54831d0	https://envipath.org/package/521c547a-fd2a-491c-ad5b-7eaa1577fb65/scenario/d01597fc-96b0-44c1-a8fb-274c60b9dd07	no description	https://envipath.org/package/521c547a-fd2a-491c-ad5b-7eaa1577fb65/pathway/e5d642c1-ca1c-4690-bba2-9b26b52377b8																		sorption corrected & abiotic degradation corrected										
C1=CC=C(C=C1)C(=O)N(C2=CC=CC=C2)C3=C(C=CC=C3)O	https://envipath.org/package/521c547a-fd2a-491c-ad5b-7eaa1577fb65/pathway/6275ad39-1234-46fc-ab02-3b1cfa742493/node/7769f6e3-81e7-490a-ba4f-dd4055455c11	https://envipath.org/package/521c547a-fd2a-491c-ad5b-7eaa1577fb65/scenario/ed79280d-e48b-46ad-8161-b4dd06773e45	DOI: 10.1021/es101035b	https://envipath.org/package/521c547a-fd2a-491c-ad5b-7eaa1577fb65/pathway/6275ad39-1234-46fc-ab02-3b1cfa742493		aerob	{'end': 6.2, 'start': 6.2}	Duebendorf, Switzerland	amber glass		shaking		49.95	3.0	100.0	spiking in solvent	{'end': 20.0, 'start': 20.0}	mixed WW (municipal & industrial)			nanofiltered ps-MBR effluent											
C1=CC=C(C=C1)C(=O)N(C2=CC=CC=C2)C3=CC=CC=C3	https://envipath.org/package/521c547a-fd2a-491c-ad5b-7eaa1577fb65/pathway/6275ad39-1234-46fc-ab02-3b1cfa742493/node/15fbf257-082b-4fbb-a03f-b2197b708905	https://envipath.org/package/521c547a-fd2a-491c-ad5b-7eaa1577fb65/scenario/9f878da2-952d-4a1a-92bc-f52b3588a690	no description	https://envipath.org/package/521c547a-fd2a-491c-ad5b-7eaa1577fb65/pathway/6275ad39-1234-46fc-ab02-3b1cfa742493																		sorption corrected & abiotic degradation corrected										
C1=C(C=CC(=C1)Cl)C(=O)O	https://envipath.org/package/521c547a-fd2a-491c-ad5b-7eaa1577fb65/pathway/bf0c1797-dfa2-472a-b453-2c48b1409ea8/node/ce86b2d3-aa20-4f96-93ca-6d545e413fc9	https://envipath.org/package/521c547a-fd2a-491c-ad5b-7eaa1577fb65/scenario/ed79280d-e48b-46ad-8161-b4dd06773e45	DOI: 10.1021/es101035b	https://envipath.org/package/521c547a-fd2a-491c-ad5b-7eaa1577fb65/pathway/bf0c1797-dfa2-472a-b453-2c48b1409ea8		aerob	{'end': 6.2, 'start': 6.2}	Duebendorf, Switzerland	amber glass		shaking		49.95	3.0	100.0	spiking in solvent	{'end': 20.0, 'start': 20.0}	mixed WW (municipal & industrial)			nanofiltered ps-MBR effluent											
CC(C)NC(=O)C1=CC=C(C=C1)Cl	https://envipath.org/package/521c547a-fd2a-491c-ad5b-7eaa1577fb65/pathway/bf0c1797-dfa2-472a-b453-2c48b1409ea8/node/50a34a98-bf7d-4303-8bea-af524365f545	https://envipath.org/package/521c547a-fd2a-491c-ad5b-7eaa1577fb65/scenario/a955cfaa-b3e7-4661-b0cd-01ac06bbd43f	no description	https://envipath.org/package/521c547a-fd2a-491c-ad5b-7eaa1577fb65/pathway/bf0c1797-dfa2-472a-b453-2c48b1409ea8																		sorption corrected & abiotic degradation corrected										
C1=C(C=CC(=C1)Cl)C(=O)O	https://envipath.org/package/521c547a-fd2a-491c-ad5b-7eaa1577fb65/pathway/b9a29e88-57b2-4e29-a145-65236efaea34/node/9b49982b-ec30-4497-8ae2-80c034e5479d	https://envipath.org/package/521c547a-fd2a-491c-ad5b-7eaa1577fb65/scenario/ed79280d-e48b-46ad-8161-b4dd06773e45	DOI: 10.1021/es101035b	https://envipath.org/package/521c547a-fd2a-491c-ad5b-7eaa1577fb65/pathway/b9a29e88-57b2-4e29-a145-65236efaea34		aerob	{'end': 6.2, 'start': 6.2}	Duebendorf, Switzerland	amber glass		shaking		49.95	3.0	100.0	spiking in solvent	{'end': 20.0, 'start': 20.0}	mixed WW (municipal & industrial)			nanofiltered ps-MBR effluent											
C1=C(C=CC(=C1)Cl)C(=O)NC2=CC=C(C=C2)N	https://envipath.org/package/521c547a-fd2a-491c-ad5b-7eaa1577fb65/pathway/b9a29e88-57b2-4e29-a145-65236efaea34/node/e4ba0d39-f5e3-48c2-a9d1-9c81af75b0a2	https://envipath.org/package/521c547a-fd2a-491c-ad5b-7eaa1577fb65/scenario/ce13eacb-3f25-4656-a502-5ba39ef3b6b0	no description	https://envipath.org/package/521c547a-fd2a-491c-ad5b-7eaa1577fb65/pathway/b9a29e88-57b2-4e29-a145-65236efaea34																		sorption corrected & abiotic degradation corrected										
CCN(CC)C(=O)C1=CC=C(C=C1)N	https://envipath.org/package/521c547a-fd2a-491c-ad5b-7eaa1577fb65/pathway/399bf6ad-ac58-493d-999d-10b80c7ade59/node/b119506f-9c9c-4b14-8359-13650b88e05f	https://envipath.org/package/521c547a-fd2a-491c-ad5b-7eaa1577fb65/scenario/ed79280d-e48b-46ad-8161-b4dd06773e45	DOI: 10.1021/es101035b	https://envipath.org/package/521c547a-fd2a-491c-ad5b-7eaa1577fb65/pathway/399bf6ad-ac58-493d-999d-10b80c7ade59		aerob	{'end': 6.2, 'start': 6.2}	Duebendorf, Switzerland	amber glass		shaking		49.95	3.0	100.0	spiking in solvent	{'end': 20.0, 'start': 20.0}	mixed WW (municipal & industrial)			nanofiltered ps-MBR effluent											
CCN(CC)C(=O)C1=CC=C(C=C1)N(=O)=O	https://envipath.org/package/521c547a-fd2a-491c-ad5b-7eaa1577fb65/pathway/399bf6ad-ac58-493d-999d-10b80c7ade59/node/da02e554-d640-47f7-8bf3-30fe860e1440	https://envipath.org/package/521c547a-fd2a-491c-ad5b-7eaa1577fb65/scenario/b9f7b492-e158-48c7-89cd-9dc40642f77f	no description	https://envipath.org/package/521c547a-fd2a-491c-ad5b-7eaa1577fb65/pathway/399bf6ad-ac58-493d-999d-10b80c7ade59																		sorption corrected & abiotic degradation corrected										
CC(C(=O)O)OC(=O)NC1=CC=CC=C1	https://envipath.org/package/521c547a-fd2a-491c-ad5b-7eaa1577fb65/pathway/882b0de6-e9a0-4a52-be47-70ab43b0a16a/node/ee50835f-72fe-4247-b9f8-4da7683ed7a4	https://envipath.org/package/521c547a-fd2a-491c-ad5b-7eaa1577fb65/scenario/3d17d756-b95e-4e84-aa55-dcd6f13e1a48	DOI: 10.1021/es100970m	https://envipath.org/package/521c547a-fd2a-491c-ad5b-7eaa1577fb65/pathway/882b0de6-e9a0-4a52-be47-70ab43b0a16a		aerob	{'end': 6.2, 'start': 6.2}	pilot scale WWTP (membrane Bioreactor) Duebendorf, Switzerland	amber glass bottle		shaking	sludge age	49.95	3.0	100.0	spiking in solvent	{'end': 20.0, 'start': 20.0}	mixed WW (municipal & industrial)		7.9												
CC(C(=O)O)OC(=O)NC1=CC=CC=C1	https://envipath.org/package/521c547a-fd2a-491c-ad5b-7eaa1577fb65/pathway/882b0de6-e9a0-4a52-be47-70ab43b0a16a/node/ee50835f-72fe-4247-b9f8-4da7683ed7a4	https://envipath.org/package/521c547a-fd2a-491c-ad5b-7eaa1577fb65/scenario/ed79280d-e48b-46ad-8161-b4dd06773e45	DOI: 10.1021/es101035b	https://envipath.org/package/521c547a-fd2a-491c-ad5b-7eaa1577fb65/pathway/882b0de6-e9a0-4a52-be47-70ab43b0a16a		aerob	{'end': 6.2, 'start': 6.2}	Duebendorf, Switzerland	amber glass		shaking		49.95	3.0	100.0	spiking in solvent	{'end': 20.0, 'start': 20.0}	mixed WW (municipal & industrial)			nanofiltered ps-MBR effluent											
CCNC(=O)C(C)OC(=O)NC1=CC=CC=C1	https://envipath.org/package/521c547a-fd2a-491c-ad5b-7eaa1577fb65/pathway/882b0de6-e9a0-4a52-be47-70ab43b0a16a/node/36ce11ce-6420-4a48-921e-c9a0483ff596	https://envipath.org/package/521c547a-fd2a-491c-ad5b-7eaa1577fb65/scenario/3d17d756-b95e-4e84-aa55-dcd6f13e1a48	DOI: 10.1021/es100970m	https://envipath.org/package/521c547a-fd2a-491c-ad5b-7eaa1577fb65/pathway/882b0de6-e9a0-4a52-be47-70ab43b0a16a		aerob	{'end': 6.2, 'start': 6.2}	pilot scale WWTP (membrane Bioreactor) Duebendorf, Switzerland	amber glass bottle		shaking	sludge age	49.95	3.0	100.0	spiking in solvent	{'end': 20.0, 'start': 20.0}	mixed WW (municipal & industrial)		7.9												
CCNC(=O)C(C)OC(=O)NC1=CC=CC=C1	https://envipath.org/package/521c547a-fd2a-491c-ad5b-7eaa1577fb65/pathway/882b0de6-e9a0-4a52-be47-70ab43b0a16a/node/36ce11ce-6420-4a48-921e-c9a0483ff596	https://envipath.org/package/521c547a-fd2a-491c-ad5b-7eaa1577fb65/scenario/7ad97112-9f4f-4073-9975-b8b00bdf3b0d	no description	https://envipath.org/package/521c547a-fd2a-491c-ad5b-7eaa1577fb65/pathway/882b0de6-e9a0-4a52-be47-70ab43b0a16a																		sorption corrected & abiotic degradation corrected										
CC(C(=O)O)OC1=CC=CC2=C1C=CC=C2	https://envipath.org/package/521c547a-fd2a-491c-ad5b-7eaa1577fb65/pathway/67b83988-4bca-428e-b2b4-3473c7658b80/node/a03fcd0b-ba29-4ab2-baf0-a3c761e964f6	https://envipath.org/package/521c547a-fd2a-491c-ad5b-7eaa1577fb65/scenario/3d17d756-b95e-4e84-aa55-dcd6f13e1a48	DOI: 10.1021/es100970m	https://envipath.org/package/521c547a-fd2a-491c-ad5b-7eaa1577fb65/pathway/67b83988-4bca-428e-b2b4-3473c7658b80		aerob	{'end': 6.2, 'start': 6.2}	pilot scale WWTP (membrane Bioreactor) Duebendorf, Switzerland	amber glass bottle		shaking	sludge age	49.95	3.0	100.0	spiking in solvent	{'end': 20.0, 'start': 20.0}	mixed WW (municipal & industrial)		7.9												
CC(C(=O)O)OC1=CC=CC2=C1C=CC=C2	https://envipath.org/package/521c547a-fd2a-491c-ad5b-7eaa1577fb65/pathway/67b83988-4bca-428e-b2b4-3473c7658b80/node/a03fcd0b-ba29-4ab2-baf0-a3c761e964f6	https://envipath.org/package/521c547a-fd2a-491c-ad5b-7eaa1577fb65/scenario/ed79280d-e48b-46ad-8161-b4dd06773e45	DOI: 10.1021/es101035b	https://envipath.org/package/521c547a-fd2a-491c-ad5b-7eaa1577fb65/pathway/67b83988-4bca-428e-b2b4-3473c7658b80		aerob	{'end': 6.2, 'start': 6.2}	Duebendorf, Switzerland	amber glass		shaking		49.95	3.0	100.0	spiking in solvent	{'end': 20.0, 'start': 20.0}	mixed WW (municipal & industrial)			nanofiltered ps-MBR effluent											
CCNC(=O)C(C)OC1=CC=CC2=C1C=CC=C2	https://envipath.org/package/521c547a-fd2a-491c-ad5b-7eaa1577fb65/pathway/67b83988-4bca-428e-b2b4-3473c7658b80/node/198d3db3-d5ee-4358-821a-8cd9d8754a96	https://envipath.org/package/521c547a-fd2a-491c-ad5b-7eaa1577fb65/scenario/3d17d756-b95e-4e84-aa55-dcd6f13e1a48	DOI: 10.1021/es100970m	https://envipath.org/package/521c547a-fd2a-491c-ad5b-7eaa1577fb65/pathway/67b83988-4bca-428e-b2b4-3473c7658b80		aerob	{'end': 6.2, 'start': 6.2}	pilot scale WWTP (membrane Bioreactor) Duebendorf, Switzerland	amber glass bottle		shaking	sludge age	49.95	3.0	100.0	spiking in solvent	{'end': 20.0, 'start': 20.0}	mixed WW (municipal & industrial)		7.9												
CCNC(=O)C(C)OC1=CC=CC2=C1C=CC=C2	https://envipath.org/package/521c547a-fd2a-491c-ad5b-7eaa1577fb65/pathway/67b83988-4bca-428e-b2b4-3473c7658b80/node/198d3db3-d5ee-4358-821a-8cd9d8754a96	https://envipath.org/package/521c547a-fd2a-491c-ad5b-7eaa1577fb65/scenario/ed79280d-e48b-46ad-8161-b4dd06773e45	DOI: 10.1021/es101035b	https://envipath.org/package/521c547a-fd2a-491c-ad5b-7eaa1577fb65/pathway/67b83988-4bca-428e-b2b4-3473c7658b80		aerob	{'end': 6.2, 'start': 6.2}	Duebendorf, Switzerland	amber glass		shaking		49.95	3.0	100.0	spiking in solvent	{'end': 20.0, 'start': 20.0}	mixed WW (municipal & industrial)			nanofiltered ps-MBR effluent											
CCN(CC)C(=O)C(C)OC1=CC=CC2=C1C=CC=C2	https://envipath.org/package/521c547a-fd2a-491c-ad5b-7eaa1577fb65/pathway/67b83988-4bca-428e-b2b4-3473c7658b80/node/2fdd2e35-6620-4afb-bd0a-987daf666140	https://envipath.org/package/521c547a-fd2a-491c-ad5b-7eaa1577fb65/scenario/5ce2fcdc-fd3d-4b23-ac9d-ee7e2f9715b7	no description	https://envipath.org/package/521c547a-fd2a-491c-ad5b-7eaa1577fb65/pathway/67b83988-4bca-428e-b2b4-3473c7658b80																		sorption corrected & abiotic degradation corrected										
CCN(CC)C(=O)C(C)OC1=CC=CC2=C1C=CC=C2	https://envipath.org/package/521c547a-fd2a-491c-ad5b-7eaa1577fb65/pathway/67b83988-4bca-428e-b2b4-3473c7658b80/node/2fdd2e35-6620-4afb-bd0a-987daf666140	https://envipath.org/package/521c547a-fd2a-491c-ad5b-7eaa1577fb65/scenario/3d17d756-b95e-4e84-aa55-dcd6f13e1a48	DOI: 10.1021/es100970m	https://envipath.org/package/521c547a-fd2a-491c-ad5b-7eaa1577fb65/pathway/67b83988-4bca-428e-b2b4-3473c7658b80		aerob	{'end': 6.2, 'start': 6.2}	pilot scale WWTP (membrane Bioreactor) Duebendorf, Switzerland	amber glass bottle		shaking	sludge age	49.95	3.0	100.0	spiking in solvent	{'end': 20.0, 'start': 20.0}	mixed WW (municipal & industrial)		7.9												
CC1=C(C=CC=C1)N	https://envipath.org/package/521c547a-fd2a-491c-ad5b-7eaa1577fb65/pathway/8f83bf23-904f-4583-a763-a0ed14bea107/node/0b75354a-4fd2-4d23-8e7b-deb2b15dc803	https://envipath.org/package/521c547a-fd2a-491c-ad5b-7eaa1577fb65/scenario/ed79280d-e48b-46ad-8161-b4dd06773e45	DOI: 10.1021/es101035b	https://envipath.org/package/521c547a-fd2a-491c-ad5b-7eaa1577fb65/pathway/8f83bf23-904f-4583-a763-a0ed14bea107		aerob	{'end': 6.2, 'start': 6.2}	Duebendorf, Switzerland	amber glass		shaking		49.95	3.0	100.0	spiking in solvent	{'end': 20.0, 'start': 20.0}	mixed WW (municipal & industrial)			nanofiltered ps-MBR effluent											
CC1=C(C=CC=C1)NC(=O)C	https://envipath.org/package/521c547a-fd2a-491c-ad5b-7eaa1577fb65/pathway/8f83bf23-904f-4583-a763-a0ed14bea107/node/6816adfe-21d4-40bd-8f10-688053cf57bb	https://envipath.org/package/521c547a-fd2a-491c-ad5b-7eaa1577fb65/scenario/15dbfc82-ea19-49fb-9b3d-7b4612e2a274	no description	https://envipath.org/package/521c547a-fd2a-491c-ad5b-7eaa1577fb65/pathway/8f83bf23-904f-4583-a763-a0ed14bea107																		sorption corrected & abiotic degradation corrected										
CN1C2=C(C=C(C=C2)Cl)/C(=N\CC1=O)/C3=CC(=CC=C3)O	https://envipath.org/package/521c547a-fd2a-491c-ad5b-7eaa1577fb65/pathway/06bd4a07-75ad-4458-bd76-a19892bd30a7/node/83ba1a9c-c8a4-4949-b809-3a875ef7bb8c	https://envipath.org/package/521c547a-fd2a-491c-ad5b-7eaa1577fb65/scenario/3d17d756-b95e-4e84-aa55-dcd6f13e1a48	DOI: 10.1021/es100970m	https://envipath.org/package/521c547a-fd2a-491c-ad5b-7eaa1577fb65/pathway/06bd4a07-75ad-4458-bd76-a19892bd30a7		aerob	{'end': 6.2, 'start': 6.2}	pilot scale WWTP (membrane Bioreactor) Duebendorf, Switzerland	amber glass bottle		shaking	sludge age	49.95	3.0	100.0	spiking in solvent	{'end': 20.0, 'start': 20.0}	mixed WW (municipal & industrial)		7.9												
CN1C2=C(C=C(C=C2)Cl)/C(=N\CC1=O)/C3=CC(=CC=C3)O	https://envipath.org/package/521c547a-fd2a-491c-ad5b-7eaa1577fb65/pathway/06bd4a07-75ad-4458-bd76-a19892bd30a7/node/83ba1a9c-c8a4-4949-b809-3a875ef7bb8c	https://envipath.org/package/521c547a-fd2a-491c-ad5b-7eaa1577fb65/scenario/ed79280d-e48b-46ad-8161-b4dd06773e45	DOI: 10.1021/es101035b	https://envipath.org/package/521c547a-fd2a-491c-ad5b-7eaa1577fb65/pathway/06bd4a07-75ad-4458-bd76-a19892bd30a7		aerob	{'end': 6.2, 'start': 6.2}	Duebendorf, Switzerland	amber glass		shaking		49.95	3.0	100.0	spiking in solvent	{'end': 20.0, 'start': 20.0}	mixed WW (municipal & industrial)			nanofiltered ps-MBR effluent											
C1=CC=C(C=C1)/C/2=N/CC(=O)NC3=C2C=C(C=C3)Cl	https://envipath.org/package/521c547a-fd2a-491c-ad5b-7eaa1577fb65/pathway/06bd4a07-75ad-4458-bd76-a19892bd30a7/node/3b7835e3-dafc-4226-ac23-41f03735bd35	https://envipath.org/package/521c547a-fd2a-491c-ad5b-7eaa1577fb65/scenario/3d17d756-b95e-4e84-aa55-dcd6f13e1a48	DOI: 10.1021/es100970m	https://envipath.org/package/521c547a-fd2a-491c-ad5b-7eaa1577fb65/pathway/06bd4a07-75ad-4458-bd76-a19892bd30a7		aerob	{'end': 6.2, 'start': 6.2}	pilot scale WWTP (membrane Bioreactor) Duebendorf, Switzerland	amber glass bottle		shaking	sludge age	49.95	3.0	100.0	spiking in solvent	{'end': 20.0, 'start': 20.0}	mixed WW (municipal & industrial)		7.9												
C1=CC=C(C=C1)/C/2=N/CC(=O)NC3=C2C=C(C=C3)Cl	https://envipath.org/package/521c547a-fd2a-491c-ad5b-7eaa1577fb65/pathway/06bd4a07-75ad-4458-bd76-a19892bd30a7/node/3b7835e3-dafc-4226-ac23-41f03735bd35	https://envipath.org/package/521c547a-fd2a-491c-ad5b-7eaa1577fb65/scenario/ed79280d-e48b-46ad-8161-b4dd06773e45	DOI: 10.1021/es101035b	https://envipath.org/package/521c547a-fd2a-491c-ad5b-7eaa1577fb65/pathway/06bd4a07-75ad-4458-bd76-a19892bd30a7		aerob	{'end': 6.2, 'start': 6.2}	Duebendorf, Switzerland	amber glass		shaking		49.95	3.0	100.0	spiking in solvent	{'end': 20.0, 'start': 20.0}	mixed WW (municipal & industrial)			nanofiltered ps-MBR effluent											
CN1C2=C(C=C(C=C2)Cl)/C(=N\CC1=O)/C3=CC=CC=C3	https://envipath.org/package/521c547a-fd2a-491c-ad5b-7eaa1577fb65/pathway/06bd4a07-75ad-4458-bd76-a19892bd30a7/node/7f5a524e-67c0-41b1-b575-ba8071cf3e17	https://envipath.org/package/521c547a-fd2a-491c-ad5b-7eaa1577fb65/scenario/6a45f9a0-4c9a-4aa3-917a-6d3c0dec7d35	no description	https://envipath.org/package/521c547a-fd2a-491c-ad5b-7eaa1577fb65/pathway/06bd4a07-75ad-4458-bd76-a19892bd30a7	1																	sorption corrected & abiotic degradation corrected										
CN1C2=C(C=C(C=C2)Cl)/C(=N\CC1=O)/C3=CC=CC=C3	https://envipath.org/package/521c547a-fd2a-491c-ad5b-7eaa1577fb65/pathway/06bd4a07-75ad-4458-bd76-a19892bd30a7/node/7f5a524e-67c0-41b1-b575-ba8071cf3e17	https://envipath.org/package/521c547a-fd2a-491c-ad5b-7eaa1577fb65/scenario/3d17d756-b95e-4e84-aa55-dcd6f13e1a48	DOI: 10.1021/es100970m	https://envipath.org/package/521c547a-fd2a-491c-ad5b-7eaa1577fb65/pathway/06bd4a07-75ad-4458-bd76-a19892bd30a7		aerob	{'end': 6.2, 'start': 6.2}	pilot scale WWTP (membrane Bioreactor) Duebendorf, Switzerland	amber glass bottle		shaking	sludge age	49.95	3.0	100.0	spiking in solvent	{'end': 20.0, 'start': 20.0}	mixed WW (municipal & industrial)		7.9												
CN(C1=CC=C(C=C1)N)C(=O)C2=CC=C(C=C2)Cl	https://envipath.org/package/521c547a-fd2a-491c-ad5b-7eaa1577fb65/pathway/741dd70b-f5ae-4390-ba4c-0b409a005e70/node/3ea1c291-e6fb-49a7-acac-5bbeb655a9d8	https://envipath.org/package/521c547a-fd2a-491c-ad5b-7eaa1577fb65/scenario/1aef5649-0cc9-40bf-a418-35135ef588b9	no description	https://envipath.org/package/521c547a-fd2a-491c-ad5b-7eaa1577fb65/pathway/741dd70b-f5ae-4390-ba4c-0b409a005e70																		sorption corrected & abiotic degradation corrected										
CCC(CC)OC1C=C(CC(C1NC(=O)C)N)C(=O)O	https://envipath.org/package/521c547a-fd2a-491c-ad5b-7eaa1577fb65/pathway/74d6415e-0bca-4e0c-b595-2534c6cc9385/node/deb40d12-41c9-42b9-9609-30645d27da91	https://envipath.org/package/521c547a-fd2a-491c-ad5b-7eaa1577fb65/scenario/3d17d756-b95e-4e84-aa55-dcd6f13e1a48	DOI: 10.1021/es100970m	https://envipath.org/package/521c547a-fd2a-491c-ad5b-7eaa1577fb65/pathway/74d6415e-0bca-4e0c-b595-2534c6cc9385		aerob	{'end': 6.2, 'start': 6.2}	pilot scale WWTP (membrane Bioreactor) Duebendorf, Switzerland	amber glass bottle		shaking	sludge age	49.95	3.0	100.0	spiking in solvent	{'end': 20.0, 'start': 20.0}	mixed WW (municipal & industrial)		7.9												
CCC(CC)OC1C=C(CC(C1NC(=O)C)N)C(=O)O	https://envipath.org/package/521c547a-fd2a-491c-ad5b-7eaa1577fb65/pathway/74d6415e-0bca-4e0c-b595-2534c6cc9385/node/deb40d12-41c9-42b9-9609-30645d27da91	https://envipath.org/package/521c547a-fd2a-491c-ad5b-7eaa1577fb65/scenario/ed79280d-e48b-46ad-8161-b4dd06773e45	DOI: 10.1021/es101035b	https://envipath.org/package/521c547a-fd2a-491c-ad5b-7eaa1577fb65/pathway/74d6415e-0bca-4e0c-b595-2534c6cc9385		aerob	{'end': 6.2, 'start': 6.2}	Duebendorf, Switzerland	amber glass		shaking		49.95	3.0	100.0	spiking in solvent	{'end': 20.0, 'start': 20.0}	mixed WW (municipal & industrial)			nanofiltered ps-MBR effluent											
CCC(CC)OC1C=C(CC(C1NC(=O)C)N)C(=O)OCC	https://envipath.org/package/521c547a-fd2a-491c-ad5b-7eaa1577fb65/pathway/74d6415e-0bca-4e0c-b595-2534c6cc9385/node/4d783c42-8067-46be-ae72-25b591702ff3	https://envipath.org/package/521c547a-fd2a-491c-ad5b-7eaa1577fb65/scenario/3d17d756-b95e-4e84-aa55-dcd6f13e1a48	DOI: 10.1021/es100970m	https://envipath.org/package/521c547a-fd2a-491c-ad5b-7eaa1577fb65/pathway/74d6415e-0bca-4e0c-b595-2534c6cc9385		aerob	{'end': 6.2, 'start': 6.2}	pilot scale WWTP (membrane Bioreactor) Duebendorf, Switzerland	amber glass bottle		shaking	sludge age	49.95	3.0	100.0	spiking in solvent	{'end': 20.0, 'start': 20.0}	mixed WW (municipal & industrial)		7.9												
CCC(CC)OC1C=C(CC(C1NC(=O)C)N)C(=O)OCC	https://envipath.org/package/521c547a-fd2a-491c-ad5b-7eaa1577fb65/pathway/74d6415e-0bca-4e0c-b595-2534c6cc9385/node/4d783c42-8067-46be-ae72-25b591702ff3	https://envipath.org/package/521c547a-fd2a-491c-ad5b-7eaa1577fb65/scenario/fdc288a4-a999-441e-bd58-bcce44ce6f2a	no description	https://envipath.org/package/521c547a-fd2a-491c-ad5b-7eaa1577fb65/pathway/74d6415e-0bca-4e0c-b595-2534c6cc9385																		sorption corrected & abiotic degradation corrected										
CCC(C(C)C(=O)N(CC)C1=CC=CC=C1)O	https://envipath.org/package/521c547a-fd2a-491c-ad5b-7eaa1577fb65/pathway/06f8c19b-30e0-4960-93a2-4741b704274b/node/15277ec4-ad8d-4378-b32a-51e5ca173427	https://envipath.org/package/521c547a-fd2a-491c-ad5b-7eaa1577fb65/scenario/ed79280d-e48b-46ad-8161-b4dd06773e45	DOI: 10.1021/es101035b	https://envipath.org/package/521c547a-fd2a-491c-ad5b-7eaa1577fb65/pathway/06f8c19b-30e0-4960-93a2-4741b704274b		aerob	{'end': 6.2, 'start': 6.2}	Duebendorf, Switzerland	amber glass		shaking		49.95	3.0	100.0	spiking in solvent	{'end': 20.0, 'start': 20.0}	mixed WW (municipal & industrial)			nanofiltered ps-MBR effluent											
CCN(C1=CC=CC=C1)C(=O)C(C)C(=O)O	https://envipath.org/package/521c547a-fd2a-491c-ad5b-7eaa1577fb65/pathway/06f8c19b-30e0-4960-93a2-4741b704274b/node/62bd0259-131e-49c6-8236-aa70c33f16f6	https://envipath.org/package/521c547a-fd2a-491c-ad5b-7eaa1577fb65/scenario/ed79280d-e48b-46ad-8161-b4dd06773e45	DOI: 10.1021/es101035b	https://envipath.org/package/521c547a-fd2a-491c-ad5b-7eaa1577fb65/pathway/06f8c19b-30e0-4960-93a2-4741b704274b		aerob	{'end': 6.2, 'start': 6.2}	Duebendorf, Switzerland	amber glass		shaking		49.95	3.0	100.0	spiking in solvent	{'end': 20.0, 'start': 20.0}	mixed WW (municipal & industrial)			nanofiltered ps-MBR effluent											
CCC(=O)C(C)C(=O)N(CC)C1=CC=CC=C1	https://envipath.org/package/521c547a-fd2a-491c-ad5b-7eaa1577fb65/pathway/06f8c19b-30e0-4960-93a2-4741b704274b/node/ef32aaf1-970a-4207-962e-a264551910a1	https://envipath.org/package/521c547a-fd2a-491c-ad5b-7eaa1577fb65/scenario/ed79280d-e48b-46ad-8161-b4dd06773e45	DOI: 10.1021/es101035b	https://envipath.org/package/521c547a-fd2a-491c-ad5b-7eaa1577fb65/pathway/06f8c19b-30e0-4960-93a2-4741b704274b		aerob	{'end': 6.2, 'start': 6.2}	Duebendorf, Switzerland	amber glass		shaking		49.95	3.0	100.0	spiking in solvent	{'end': 20.0, 'start': 20.0}	mixed WW (municipal & industrial)			nanofiltered ps-MBR effluent											
CCCC(C)C(=O)N(CC)C1=CC=CC=C1	https://envipath.org/package/521c547a-fd2a-491c-ad5b-7eaa1577fb65/pathway/06f8c19b-30e0-4960-93a2-4741b704274b/node/e7abe16c-c278-4184-b1a1-8b2876ef8128	https://envipath.org/package/521c547a-fd2a-491c-ad5b-7eaa1577fb65/scenario/58bb4245-2e96-4ba4-a759-1c36c021d8e5	no description	https://envipath.org/package/521c547a-fd2a-491c-ad5b-7eaa1577fb65/pathway/06f8c19b-30e0-4960-93a2-4741b704274b																		sorption corrected & abiotic degradation corrected										
C1=C(C=CC(=C1)Cl)C(=O)O	https://envipath.org/package/521c547a-fd2a-491c-ad5b-7eaa1577fb65/pathway/7b090580-12d5-42cd-b053-506c880798b8/node/e54d3863-0ed1-46a9-9357-682f2ec4ba3a	https://envipath.org/package/521c547a-fd2a-491c-ad5b-7eaa1577fb65/scenario/ed79280d-e48b-46ad-8161-b4dd06773e45	DOI: 10.1021/es101035b	https://envipath.org/package/521c547a-fd2a-491c-ad5b-7eaa1577fb65/pathway/7b090580-12d5-42cd-b053-506c880798b8		aerob	{'end': 6.2, 'start': 6.2}	Duebendorf, Switzerland	amber glass		shaking		49.95	3.0	100.0	spiking in solvent	{'end': 20.0, 'start': 20.0}	mixed WW (municipal & industrial)			nanofiltered ps-MBR effluent											
C1=CC=C(C=C1)NC(=O)C2=CC=C(C=C2)Cl	https://envipath.org/package/521c547a-fd2a-491c-ad5b-7eaa1577fb65/pathway/7b090580-12d5-42cd-b053-506c880798b8/node/234c8054-59b6-43e7-a8bd-f8bce698db28	https://envipath.org/package/521c547a-fd2a-491c-ad5b-7eaa1577fb65/scenario/5e4a859a-7f4d-473d-acda-dd0a19296f0f	no description	https://envipath.org/package/521c547a-fd2a-491c-ad5b-7eaa1577fb65/pathway/7b090580-12d5-42cd-b053-506c880798b8																		sorption corrected & abiotic degradation corrected										
CN1CC[C@@]23C4CC[C]([C]2OC5=C3C(=CC=C5OC)C[C]41)O	https://envipath.org/package/521c547a-fd2a-491c-ad5b-7eaa1577fb65/pathway/3595712f-cea1-4849-bc2c-f115b682ffae/node/58477ecd-2cfc-46cb-9ddf-002d0e6ee908	https://envipath.org/package/521c547a-fd2a-491c-ad5b-7eaa1577fb65/scenario/7b886d7e-ab66-418a-952c-635cbcc95d96	DOI: 10.1021/es103489x	https://envipath.org/package/521c547a-fd2a-491c-ad5b-7eaa1577fb65/pathway/3595712f-cea1-4849-bc2c-f115b682ffae		aerob	{'end': 7.0, 'start': 7.0}	Germany	amber gas wash bottle	nitrification zone of activated sludge unit	bubbling air and stirring	sludge retention time	25.0	0.2	500.0	spiking in solvent				6.0	groundwater		stirred and flushed with a air-CO2-mixture	nitrification & denitrification & biological phosphorus removal								
CN1CC[C@@]23C4CC[C@H]([C@@H]2OC5=C3C(=CC=C5OC)C[C@H]41)O	https://envipath.org/package/521c547a-fd2a-491c-ad5b-7eaa1577fb65/pathway/3595712f-cea1-4849-bc2c-f115b682ffae/node/c0df308f-764c-4030-a6ec-4c8f377d9d6e	https://envipath.org/package/521c547a-fd2a-491c-ad5b-7eaa1577fb65/scenario/7b886d7e-ab66-418a-952c-635cbcc95d96	DOI: 10.1021/es103489x	https://envipath.org/package/521c547a-fd2a-491c-ad5b-7eaa1577fb65/pathway/3595712f-cea1-4849-bc2c-f115b682ffae		aerob	{'end': 7.0, 'start': 7.0}	Germany	amber gas wash bottle	nitrification zone of activated sludge unit	bubbling air and stirring	sludge retention time	25.0	0.2	500.0	spiking in solvent				6.0	groundwater		stirred and flushed with a air-CO2-mixture	nitrification & denitrification & biological phosphorus removal								
CN1CC[C@@]23C4CCC(=O)[C@@H]2OC5=C3C(=CC=C5OC)C[C@H]41	https://envipath.org/package/521c547a-fd2a-491c-ad5b-7eaa1577fb65/pathway/3595712f-cea1-4849-bc2c-f115b682ffae/node/4beee0db-1b8e-4b73-8971-fd456aedcc0a	https://envipath.org/package/521c547a-fd2a-491c-ad5b-7eaa1577fb65/scenario/7b886d7e-ab66-418a-952c-635cbcc95d96	DOI: 10.1021/es103489x	https://envipath.org/package/521c547a-fd2a-491c-ad5b-7eaa1577fb65/pathway/3595712f-cea1-4849-bc2c-f115b682ffae		aerob	{'end': 7.0, 'start': 7.0}	Germany	amber gas wash bottle	nitrification zone of activated sludge unit	bubbling air and stirring	sludge retention time	25.0	0.2	500.0	spiking in solvent				6.0	groundwater		stirred and flushed with a air-CO2-mixture	nitrification & denitrification & biological phosphorus removal								
CN1CC[C@@]23C4C=C[C@@H]([C@@H]2OC5=C3C(=CC=C5O)C[C@H]41)O	https://envipath.org/package/521c547a-fd2a-491c-ad5b-7eaa1577fb65/pathway/0926bc00-4344-40a6-bc93-d75b107ece73/node/caca9213-68dd-487c-bceb-7103c5e99b5f	https://envipath.org/package/521c547a-fd2a-491c-ad5b-7eaa1577fb65/scenario/7b886d7e-ab66-418a-952c-635cbcc95d96	DOI: 10.1021/es103489x	https://envipath.org/package/521c547a-fd2a-491c-ad5b-7eaa1577fb65/pathway/0926bc00-4344-40a6-bc93-d75b107ece73		aerob	{'end': 7.0, 'start': 7.0}	Germany	amber gas wash bottle	nitrification zone of activated sludge unit	bubbling air and stirring	sludge retention time	25.0	0.2	500.0	spiking in solvent				6.0	groundwater		stirred and flushed with a air-CO2-mixture	nitrification & denitrification & biological phosphorus removal								
CN1CC[C@]23C4=C5C(=CC=C4C[C@@H]1[C@]3(CC([C@@H]2O5)(C(=O)O)O)O)O	https://envipath.org/package/521c547a-fd2a-491c-ad5b-7eaa1577fb65/pathway/0926bc00-4344-40a6-bc93-d75b107ece73/node/fd82a9bb-d788-4d5b-aee7-af4e51445353	https://envipath.org/package/521c547a-fd2a-491c-ad5b-7eaa1577fb65/scenario/7b886d7e-ab66-418a-952c-635cbcc95d96	DOI: 10.1021/es103489x	https://envipath.org/package/521c547a-fd2a-491c-ad5b-7eaa1577fb65/pathway/0926bc00-4344-40a6-bc93-d75b107ece73		aerob	{'end': 7.0, 'start': 7.0}	Germany	amber gas wash bottle	nitrification zone of activated sludge unit	bubbling air and stirring	sludge retention time	25.0	0.2	500.0	spiking in solvent				6.0	groundwater		stirred and flushed with a air-CO2-mixture	nitrification & denitrification & biological phosphorus removal								
CN1CC[C@]23C4=C5C(=CC=C4C[C@@H]1[C@]3(C=C[C@H]([C@@H]2O5)O)O)O	https://envipath.org/package/521c547a-fd2a-491c-ad5b-7eaa1577fb65/pathway/0926bc00-4344-40a6-bc93-d75b107ece73/node/d9638706-51e4-4ad2-8ffc-2f4b90886c03	https://envipath.org/package/521c547a-fd2a-491c-ad5b-7eaa1577fb65/scenario/7b886d7e-ab66-418a-952c-635cbcc95d96	DOI: 10.1021/es103489x	https://envipath.org/package/521c547a-fd2a-491c-ad5b-7eaa1577fb65/pathway/0926bc00-4344-40a6-bc93-d75b107ece73		aerob	{'end': 7.0, 'start': 7.0}	Germany	amber gas wash bottle	nitrification zone of activated sludge unit	bubbling air and stirring	sludge retention time	25.0	0.2	500.0	spiking in solvent				6.0	groundwater		stirred and flushed with a air-CO2-mixture	nitrification & denitrification & biological phosphorus removal								
CN1CC[C@]23C4=C5C(=CC=C4C[C@@H]1C3C(C(=O)[C@@H]([C@@H]2O5)O)O)O	https://envipath.org/package/521c547a-fd2a-491c-ad5b-7eaa1577fb65/pathway/0926bc00-4344-40a6-bc93-d75b107ece73/node/cd1c9dbc-7f2c-41a2-b1ae-f87bd79f2898	https://envipath.org/package/521c547a-fd2a-491c-ad5b-7eaa1577fb65/scenario/7b886d7e-ab66-418a-952c-635cbcc95d96	DOI: 10.1021/es103489x	https://envipath.org/package/521c547a-fd2a-491c-ad5b-7eaa1577fb65/pathway/0926bc00-4344-40a6-bc93-d75b107ece73		aerob	{'end': 7.0, 'start': 7.0}	Germany	amber gas wash bottle	nitrification zone of activated sludge unit	bubbling air and stirring	sludge retention time	25.0	0.2	500.0	spiking in solvent				6.0	groundwater		stirred and flushed with a air-CO2-mixture	nitrification & denitrification & biological phosphorus removal								
CN1CC[C@@]23C4=CC[C@H]([C@@H]2OC5=C3C(=CC=C5O)C[C@H]41)O	https://envipath.org/package/521c547a-fd2a-491c-ad5b-7eaa1577fb65/pathway/0926bc00-4344-40a6-bc93-d75b107ece73/node/08135efb-f218-473c-bc7c-ea81c81077a5	https://envipath.org/package/521c547a-fd2a-491c-ad5b-7eaa1577fb65/scenario/7b886d7e-ab66-418a-952c-635cbcc95d96	DOI: 10.1021/es103489x	https://envipath.org/package/521c547a-fd2a-491c-ad5b-7eaa1577fb65/pathway/0926bc00-4344-40a6-bc93-d75b107ece73		aerob	{'end': 7.0, 'start': 7.0}	Germany	amber gas wash bottle	nitrification zone of activated sludge unit	bubbling air and stirring	sludge retention time	25.0	0.2	500.0	spiking in solvent				6.0	groundwater		stirred and flushed with a air-CO2-mixture	nitrification & denitrification & biological phosphorus removal								
CN1CC[C@]23C4C=C[C@H]([C@H]2OC5=C(C(=CC(=C53)C[C@@H]41)[N+](=O)[O-])O)O	https://envipath.org/package/521c547a-fd2a-491c-ad5b-7eaa1577fb65/pathway/0926bc00-4344-40a6-bc93-d75b107ece73/node/f0a6047f-c095-4881-95c6-278794a927eb	https://envipath.org/package/521c547a-fd2a-491c-ad5b-7eaa1577fb65/scenario/7b886d7e-ab66-418a-952c-635cbcc95d96	DOI: 10.1021/es103489x	https://envipath.org/package/521c547a-fd2a-491c-ad5b-7eaa1577fb65/pathway/0926bc00-4344-40a6-bc93-d75b107ece73		aerob	{'end': 7.0, 'start': 7.0}	Germany	amber gas wash bottle	nitrification zone of activated sludge unit	bubbling air and stirring	sludge retention time	25.0	0.2	500.0	spiking in solvent				6.0	groundwater		stirred and flushed with a air-CO2-mixture	nitrification & denitrification & biological phosphorus removal								
CN1CC[C@@]23C4C=CC(=O)[C@@H]2OC5=C(C(=CC(=C53)C[C@H]41)[N+](=O)[O-])O	https://envipath.org/package/521c547a-fd2a-491c-ad5b-7eaa1577fb65/pathway/0926bc00-4344-40a6-bc93-d75b107ece73/node/e927eac1-a9df-4bba-bd16-3a0a6aafbb3e	https://envipath.org/package/521c547a-fd2a-491c-ad5b-7eaa1577fb65/scenario/7b886d7e-ab66-418a-952c-635cbcc95d96	DOI: 10.1021/es103489x	https://envipath.org/package/521c547a-fd2a-491c-ad5b-7eaa1577fb65/pathway/0926bc00-4344-40a6-bc93-d75b107ece73		aerob	{'end': 7.0, 'start': 7.0}	Germany	amber gas wash bottle	nitrification zone of activated sludge unit	bubbling air and stirring	sludge retention time	25.0	0.2	500.0	spiking in solvent				6.0	groundwater		stirred and flushed with a air-CO2-mixture	nitrification & denitrification & biological phosphorus removal								
CN1CC[C@]23C4C=CC(=O)[C@H]2OC5=C3C(=CC=C5O)C[C@@H]41	https://envipath.org/package/521c547a-fd2a-491c-ad5b-7eaa1577fb65/pathway/0926bc00-4344-40a6-bc93-d75b107ece73/node/1d26e749-1f3f-4a79-97be-d69a7cff7780	https://envipath.org/package/521c547a-fd2a-491c-ad5b-7eaa1577fb65/scenario/7b886d7e-ab66-418a-952c-635cbcc95d96	DOI: 10.1021/es103489x	https://envipath.org/package/521c547a-fd2a-491c-ad5b-7eaa1577fb65/pathway/0926bc00-4344-40a6-bc93-d75b107ece73		aerob	{'end': 7.0, 'start': 7.0}	Germany	amber gas wash bottle	nitrification zone of activated sludge unit	bubbling air and stirring	sludge retention time	25.0	0.2	500.0	spiking in solvent				6.0	groundwater		stirred and flushed with a air-CO2-mixture	nitrification & denitrification & biological phosphorus removal								
CN1CC[C@]23C4=C5C(=CC=C4C[C@@H]1C3(C=CC(=O)[C@@H]2O5)O)O	https://envipath.org/package/521c547a-fd2a-491c-ad5b-7eaa1577fb65/pathway/0926bc00-4344-40a6-bc93-d75b107ece73/node/c3661473-17ae-4b28-9d9f-e544641efdce	https://envipath.org/package/521c547a-fd2a-491c-ad5b-7eaa1577fb65/scenario/7b886d7e-ab66-418a-952c-635cbcc95d96	DOI: 10.1021/es103489x	https://envipath.org/package/521c547a-fd2a-491c-ad5b-7eaa1577fb65/pathway/0926bc00-4344-40a6-bc93-d75b107ece73		aerob	{'end': 7.0, 'start': 7.0}	Germany	amber gas wash bottle	nitrification zone of activated sludge unit	bubbling air and stirring	sludge retention time	25.0	0.2	500.0	spiking in solvent				6.0	groundwater		stirred and flushed with a air-CO2-mixture	nitrification & denitrification & biological phosphorus removal								
CN1CC[C@@]23C4=CC([C@@H]2OC5=C3C(=CC=C5O)C[C@H]41)(C(=O)O)O	https://envipath.org/package/521c547a-fd2a-491c-ad5b-7eaa1577fb65/pathway/0926bc00-4344-40a6-bc93-d75b107ece73/node/63bc9bad-62ee-4c71-85c6-170b5cfc3c45	https://envipath.org/package/521c547a-fd2a-491c-ad5b-7eaa1577fb65/scenario/7b886d7e-ab66-418a-952c-635cbcc95d96	DOI: 10.1021/es103489x	https://envipath.org/package/521c547a-fd2a-491c-ad5b-7eaa1577fb65/pathway/0926bc00-4344-40a6-bc93-d75b107ece73		aerob	{'end': 7.0, 'start': 7.0}	Germany	amber gas wash bottle	nitrification zone of activated sludge unit	bubbling air and stirring	sludge retention time	25.0	0.2	500.0	spiking in solvent				6.0	groundwater		stirred and flushed with a air-CO2-mixture	nitrification & denitrification & biological phosphorus removal								
CN1CC[C@@]23C4=CC[C@@H]([C@@H]2OC5=C3C(=CC=C5O)C[C@H]41)O	https://envipath.org/package/521c547a-fd2a-491c-ad5b-7eaa1577fb65/pathway/0926bc00-4344-40a6-bc93-d75b107ece73/node/b393263b-595d-43aa-93c4-a4ff604c885d	https://envipath.org/package/521c547a-fd2a-491c-ad5b-7eaa1577fb65/scenario/7b886d7e-ab66-418a-952c-635cbcc95d96	DOI: 10.1021/es103489x	https://envipath.org/package/521c547a-fd2a-491c-ad5b-7eaa1577fb65/pathway/0926bc00-4344-40a6-bc93-d75b107ece73		aerob	{'end': 7.0, 'start': 7.0}	Germany	amber gas wash bottle	nitrification zone of activated sludge unit	bubbling air and stirring	sludge retention time	25.0	0.2	500.0	spiking in solvent				6.0	groundwater		stirred and flushed with a air-CO2-mixture	nitrification & denitrification & biological phosphorus removal								
CN1CC[C@]23C4=C5C(=CC=C4C[C@@H]1C3C(CC(=O)[C@@H]2O5)O)O	https://envipath.org/package/521c547a-fd2a-491c-ad5b-7eaa1577fb65/pathway/0926bc00-4344-40a6-bc93-d75b107ece73/node/0505da3f-9218-4aec-9d70-780e975bfc54	https://envipath.org/package/521c547a-fd2a-491c-ad5b-7eaa1577fb65/scenario/7b886d7e-ab66-418a-952c-635cbcc95d96	DOI: 10.1021/es103489x	https://envipath.org/package/521c547a-fd2a-491c-ad5b-7eaa1577fb65/pathway/0926bc00-4344-40a6-bc93-d75b107ece73		aerob	{'end': 7.0, 'start': 7.0}	Germany	amber gas wash bottle	nitrification zone of activated sludge unit	bubbling air and stirring	sludge retention time	25.0	0.2	500.0	spiking in solvent				6.0	groundwater		stirred and flushed with a air-CO2-mixture	nitrification & denitrification & biological phosphorus removal								
CC(C)OC1=CC(=C(C)C=C1NC2=NC(=C(C=N2)Cl)NC3=C(C=CC=C3)S(=O)(=O)C(C)C)C4CCNCC4	https://envipath.org/package/521c547a-fd2a-491c-ad5b-7eaa1577fb65/pathway/3a3778bd-5bbe-4563-a687-7ec6d341b8bf/node/97ab96c8-c0e5-4d5e-8971-4ddd13ac0207	https://envipath.org/package/521c547a-fd2a-491c-ad5b-7eaa1577fb65/scenario/5679ad47-d41d-48e6-a9cc-a34551a0b984	no description	https://envipath.org/package/521c547a-fd2a-491c-ad5b-7eaa1577fb65/pathway/3a3778bd-5bbe-4563-a687-7ec6d341b8bf																					>							
CC(C)OC1=CC(=C(C)C=C1NC2=NC(=C(C=N2)Cl)NC3=C(C=CC=C3)S(=O)(=O)C(C)C)C4CCNCC4	https://envipath.org/package/521c547a-fd2a-491c-ad5b-7eaa1577fb65/pathway/3a3778bd-5bbe-4563-a687-7ec6d341b8bf/node/97ab96c8-c0e5-4d5e-8971-4ddd13ac0207	https://envipath.org/package/521c547a-fd2a-491c-ad5b-7eaa1577fb65/scenario/c4d0a816-4b5d-480f-a348-1ba616942354	no description	https://envipath.org/package/521c547a-fd2a-491c-ad5b-7eaa1577fb65/pathway/3a3778bd-5bbe-4563-a687-7ec6d341b8bf																					>							
C1=C(C(=C(C=C1C(F)(F)F)Cl)N2C(=C(C(=N2)C#N)S(=O)C(F)(F)F)N)Cl	https://envipath.org/package/521c547a-fd2a-491c-ad5b-7eaa1577fb65/pathway/3dbd434f-b979-405b-97bf-e477a6d9669f/node/076b94f9-2824-4f24-9c43-420079a518a7	https://envipath.org/package/521c547a-fd2a-491c-ad5b-7eaa1577fb65/scenario/1eb5d4c7-a737-47c0-b429-1a868e1519ef	no description	https://envipath.org/package/521c547a-fd2a-491c-ad5b-7eaa1577fb65/pathway/3dbd434f-b979-405b-97bf-e477a6d9669f																					no comment							
C1=C(C(=C(C=C1C(F)(F)F)Cl)N2C(=C(C(=N2)C#N)S(=O)C(F)(F)F)N)Cl	https://envipath.org/package/521c547a-fd2a-491c-ad5b-7eaa1577fb65/pathway/3dbd434f-b979-405b-97bf-e477a6d9669f/node/076b94f9-2824-4f24-9c43-420079a518a7	https://envipath.org/package/521c547a-fd2a-491c-ad5b-7eaa1577fb65/scenario/ad41ed5c-2681-42d6-bf5d-2316c2542606	no description	https://envipath.org/package/521c547a-fd2a-491c-ad5b-7eaa1577fb65/pathway/3dbd434f-b979-405b-97bf-e477a6d9669f																					no comment							
C1=C(C(=C(C=C1C(F)(F)F)Cl)N2C(=C(C(=N2)C#N)S(=O)C(F)(F)F)N)Cl	https://envipath.org/package/521c547a-fd2a-491c-ad5b-7eaa1577fb65/pathway/3dbd434f-b979-405b-97bf-e477a6d9669f/node/076b94f9-2824-4f24-9c43-420079a518a7	https://envipath.org/package/521c547a-fd2a-491c-ad5b-7eaa1577fb65/scenario/91350d01-8ea9-44a3-bad5-edea9f030457	no description	https://envipath.org/package/521c547a-fd2a-491c-ad5b-7eaa1577fb65/pathway/3dbd434f-b979-405b-97bf-e477a6d9669f																					>							
C1=C(C(=C(C=C1C(F)(F)F)Cl)N2C(=C(C(=N2)C#N)S(=O)C(F)(F)F)N)Cl	https://envipath.org/package/521c547a-fd2a-491c-ad5b-7eaa1577fb65/pathway/3dbd434f-b979-405b-97bf-e477a6d9669f/node/076b94f9-2824-4f24-9c43-420079a518a7	https://envipath.org/package/521c547a-fd2a-491c-ad5b-7eaa1577fb65/scenario/c365ffa9-97c5-444b-a629-52e281843339	no description	https://envipath.org/package/521c547a-fd2a-491c-ad5b-7eaa1577fb65/pathway/3dbd434f-b979-405b-97bf-e477a6d9669f																					no comment							
C1=CC(=C(C=C1)C(F)(F)F)C(=O)NCCC2=NC=C(C=C2Cl)C(F)(F)F	https://envipath.org/package/521c547a-fd2a-491c-ad5b-7eaa1577fb65/pathway/8804dca4-f30e-4380-b59d-5131fcfe8cb5/node/17ee30e2-c2de-4255-8fb6-9db552c68a00	https://envipath.org/package/521c547a-fd2a-491c-ad5b-7eaa1577fb65/scenario/583dbc8e-628e-40a8-9a2b-df2150f1c16b	no description	https://envipath.org/package/521c547a-fd2a-491c-ad5b-7eaa1577fb65/pathway/8804dca4-f30e-4380-b59d-5131fcfe8cb5																					>							
C1=CC(=C(C=C1)C(F)(F)F)C(=O)NCCC2=NC=C(C=C2Cl)C(F)(F)F	https://envipath.org/package/521c547a-fd2a-491c-ad5b-7eaa1577fb65/pathway/8804dca4-f30e-4380-b59d-5131fcfe8cb5/node/17ee30e2-c2de-4255-8fb6-9db552c68a00	https://envipath.org/package/521c547a-fd2a-491c-ad5b-7eaa1577fb65/scenario/dc6a6f56-fc38-4daf-b27b-02fc76eeb0cd	no description	https://envipath.org/package/521c547a-fd2a-491c-ad5b-7eaa1577fb65/pathway/8804dca4-f30e-4380-b59d-5131fcfe8cb5																					>							
C1=CC(=C(C=C1)C(F)(F)F)C(=O)NCCC2=NC=C(C=C2Cl)C(F)(F)F	https://envipath.org/package/521c547a-fd2a-491c-ad5b-7eaa1577fb65/pathway/8804dca4-f30e-4380-b59d-5131fcfe8cb5/node/17ee30e2-c2de-4255-8fb6-9db552c68a00	https://envipath.org/package/521c547a-fd2a-491c-ad5b-7eaa1577fb65/scenario/5aaca1f3-ed86-48fe-9fd5-d4dc1584729c	no description	https://envipath.org/package/521c547a-fd2a-491c-ad5b-7eaa1577fb65/pathway/8804dca4-f30e-4380-b59d-5131fcfe8cb5																					>							
C1=CC(=C(C=C1)C(F)(F)F)C(=O)NCCC2=NC=C(C=C2Cl)C(F)(F)F	https://envipath.org/package/521c547a-fd2a-491c-ad5b-7eaa1577fb65/pathway/8804dca4-f30e-4380-b59d-5131fcfe8cb5/node/17ee30e2-c2de-4255-8fb6-9db552c68a00	https://envipath.org/package/521c547a-fd2a-491c-ad5b-7eaa1577fb65/scenario/ef1d53b1-4a40-4464-9f69-c5874a26dff6	no description	https://envipath.org/package/521c547a-fd2a-491c-ad5b-7eaa1577fb65/pathway/8804dca4-f30e-4380-b59d-5131fcfe8cb5																					no comment							
CN1C=C(C(=N1)C(F)F)C(=O)NC2=C3C(=CC=C2)C4CCC3C4=C(Cl)Cl	https://envipath.org/package/521c547a-fd2a-491c-ad5b-7eaa1577fb65/pathway/998dbcdc-b4b5-4470-b92b-5b3306d9443c/node/671516ec-160b-4e72-b404-0b8850cdbe0d	https://envipath.org/package/521c547a-fd2a-491c-ad5b-7eaa1577fb65/scenario/683f5c4e-ddec-486a-ba24-a5e79e904f62	no description	https://envipath.org/package/521c547a-fd2a-491c-ad5b-7eaa1577fb65/pathway/998dbcdc-b4b5-4470-b92b-5b3306d9443c																					DT50 Max [days] > 19.74							
CN1C=C(C(=N1)C(F)F)C(=O)NC2=C3C(=CC=C2)C4CCC3C4=C(Cl)Cl	https://envipath.org/package/521c547a-fd2a-491c-ad5b-7eaa1577fb65/pathway/998dbcdc-b4b5-4470-b92b-5b3306d9443c/node/671516ec-160b-4e72-b404-0b8850cdbe0d	https://envipath.org/package/521c547a-fd2a-491c-ad5b-7eaa1577fb65/scenario/28d539bc-2399-4240-b201-5227aa746c7e	no description	https://envipath.org/package/521c547a-fd2a-491c-ad5b-7eaa1577fb65/pathway/998dbcdc-b4b5-4470-b92b-5b3306d9443c																					no comment							
CN1C=C(C(=N1)C(F)F)C(=O)NC2=C3C(=CC=C2)C4CCC3C4=C(Cl)Cl	https://envipath.org/package/521c547a-fd2a-491c-ad5b-7eaa1577fb65/pathway/998dbcdc-b4b5-4470-b92b-5b3306d9443c/node/671516ec-160b-4e72-b404-0b8850cdbe0d	https://envipath.org/package/521c547a-fd2a-491c-ad5b-7eaa1577fb65/scenario/c35ea08b-98dd-41e4-a9c1-b703a29c1b65	no description	https://envipath.org/package/521c547a-fd2a-491c-ad5b-7eaa1577fb65/pathway/998dbcdc-b4b5-4470-b92b-5b3306d9443c																					no comment							
CN1C=C(C(=N1)C(F)F)C(=O)NC2=C3C(=CC=C2)C4CCC3C4=C(Cl)Cl	https://envipath.org/package/521c547a-fd2a-491c-ad5b-7eaa1577fb65/pathway/998dbcdc-b4b5-4470-b92b-5b3306d9443c/node/671516ec-160b-4e72-b404-0b8850cdbe0d	https://envipath.org/package/521c547a-fd2a-491c-ad5b-7eaa1577fb65/scenario/3facde5e-3ff0-4dc3-9940-0d1cab161dfe	no description	https://envipath.org/package/521c547a-fd2a-491c-ad5b-7eaa1577fb65/pathway/998dbcdc-b4b5-4470-b92b-5b3306d9443c																					DT50 Max [days] > 19.74							
CC1CC2C3CCC4=CC(=O)C=CC4(C)C3(C(CC2(C)C1(C(=O)CCl)O)O)Cl	https://envipath.org/package/521c547a-fd2a-491c-ad5b-7eaa1577fb65/pathway/9bcaac81-e598-4ffd-85e6-720866789223/node/db10dcfd-54f4-48cf-9034-25cf64c1c394	https://envipath.org/package/521c547a-fd2a-491c-ad5b-7eaa1577fb65/scenario/9b66eb54-b91c-4dbf-87f1-b870e3edcf2f	no description	https://envipath.org/package/521c547a-fd2a-491c-ad5b-7eaa1577fb65/pathway/9bcaac81-e598-4ffd-85e6-720866789223																					no comment							
CC1=C(C(=CC(=C1)C#N)C(=O)NC)NC(=O)C2=CC(=NN2C3=NC=CC=C3Cl)Br	https://envipath.org/package/521c547a-fd2a-491c-ad5b-7eaa1577fb65/pathway/b742a045-47ed-4560-a489-564da3287290/node/a72ea272-54f5-4fd1-8e53-8959a49e311b	https://envipath.org/package/521c547a-fd2a-491c-ad5b-7eaa1577fb65/scenario/23d6a7dd-08e9-4450-8c00-5b6d23c96111	no description	https://envipath.org/package/521c547a-fd2a-491c-ad5b-7eaa1577fb65/pathway/b742a045-47ed-4560-a489-564da3287290																					no comment							
CC1=C(C(=CC(=C1)C#N)C(=O)NC)NC(=O)C2=CC(=NN2C3=NC=CC=C3Cl)Br	https://envipath.org/package/521c547a-fd2a-491c-ad5b-7eaa1577fb65/pathway/b742a045-47ed-4560-a489-564da3287290/node/a72ea272-54f5-4fd1-8e53-8959a49e311b	https://envipath.org/package/521c547a-fd2a-491c-ad5b-7eaa1577fb65/scenario/f0d69f7c-5f41-435d-86f0-f77a71242851	no description	https://envipath.org/package/521c547a-fd2a-491c-ad5b-7eaa1577fb65/pathway/b742a045-47ed-4560-a489-564da3287290																					>							
CC1=C(C(=CC(=C1)C#N)C(=O)NC)NC(=O)C2=CC(=NN2C3=NC=CC=C3Cl)Br	https://envipath.org/package/521c547a-fd2a-491c-ad5b-7eaa1577fb65/pathway/b742a045-47ed-4560-a489-564da3287290/node/a72ea272-54f5-4fd1-8e53-8959a49e311b	https://envipath.org/package/521c547a-fd2a-491c-ad5b-7eaa1577fb65/scenario/fff73375-94d9-49d2-99fc-e76948865aa2	no description	https://envipath.org/package/521c547a-fd2a-491c-ad5b-7eaa1577fb65/pathway/b742a045-47ed-4560-a489-564da3287290																					>							
CC1=C(C(=CC(=C1)C#N)C(=O)NC)NC(=O)C2=CC(=NN2C3=NC=CC=C3Cl)Br	https://envipath.org/package/521c547a-fd2a-491c-ad5b-7eaa1577fb65/pathway/b742a045-47ed-4560-a489-564da3287290/node/a72ea272-54f5-4fd1-8e53-8959a49e311b	https://envipath.org/package/521c547a-fd2a-491c-ad5b-7eaa1577fb65/scenario/ea5f793b-3c46-4099-bbcf-40c14f2cc333	no description	https://envipath.org/package/521c547a-fd2a-491c-ad5b-7eaa1577fb65/pathway/b742a045-47ed-4560-a489-564da3287290																					>							
CC(C)(C)C(C(=O)NC(CC1=CC=CC=C1)C(CN(CC2=CC=C(C=C2)C3=NC=CC=C3)NC(=O)C(C(C)(C)C)NC(=O)OC)O)NC(=O)OC	https://envipath.org/package/521c547a-fd2a-491c-ad5b-7eaa1577fb65/pathway/f0ac32a3-7643-4fc4-b747-acf9500403ec/node/feeff82c-52f2-4d08-ad51-679e4a4697e4	https://envipath.org/package/521c547a-fd2a-491c-ad5b-7eaa1577fb65/scenario/5c203c00-720a-4ad9-8757-9bc15adbd79b	no description	https://envipath.org/package/521c547a-fd2a-491c-ad5b-7eaa1577fb65/pathway/f0ac32a3-7643-4fc4-b747-acf9500403ec																					>							
CC(C)(C)C(C(=O)NC(CC1=CC=CC=C1)C(CN(CC2=CC=C(C=C2)C3=NC=CC=C3)NC(=O)C(C(C)(C)C)NC(=O)OC)O)NC(=O)OC	https://envipath.org/package/521c547a-fd2a-491c-ad5b-7eaa1577fb65/pathway/f0ac32a3-7643-4fc4-b747-acf9500403ec/node/feeff82c-52f2-4d08-ad51-679e4a4697e4	https://envipath.org/package/521c547a-fd2a-491c-ad5b-7eaa1577fb65/scenario/8c1855a7-b580-4bd7-a11e-356e6bfc63ee	no description	https://envipath.org/package/521c547a-fd2a-491c-ad5b-7eaa1577fb65/pathway/f0ac32a3-7643-4fc4-b747-acf9500403ec																					no comment							
CC(C)(C)C(C(=O)NC(CC1=CC=CC=C1)C(CN(CC2=CC=C(C=C2)C3=NC=CC=C3)NC(=O)C(C(C)(C)C)NC(=O)OC)O)NC(=O)OC	https://envipath.org/package/521c547a-fd2a-491c-ad5b-7eaa1577fb65/pathway/f0ac32a3-7643-4fc4-b747-acf9500403ec/node/feeff82c-52f2-4d08-ad51-679e4a4697e4	https://envipath.org/package/521c547a-fd2a-491c-ad5b-7eaa1577fb65/scenario/0db525c8-e5aa-4486-9a88-9b21374aa60d	no description	https://envipath.org/package/521c547a-fd2a-491c-ad5b-7eaa1577fb65/pathway/f0ac32a3-7643-4fc4-b747-acf9500403ec																					DT50 Max [days] > 19.74							
CC(C)(C)C(C(=O)NC(CC1=CC=CC=C1)C(CN(CC2=CC=C(C=C2)C3=NC=CC=C3)NC(=O)C(C(C)(C)C)NC(=O)OC)O)NC(=O)OC	https://envipath.org/package/521c547a-fd2a-491c-ad5b-7eaa1577fb65/pathway/f0ac32a3-7643-4fc4-b747-acf9500403ec/node/feeff82c-52f2-4d08-ad51-679e4a4697e4	https://envipath.org/package/521c547a-fd2a-491c-ad5b-7eaa1577fb65/scenario/ae66f876-eea8-467b-acf0-03d208793f4e	no description	https://envipath.org/package/521c547a-fd2a-491c-ad5b-7eaa1577fb65/pathway/f0ac32a3-7643-4fc4-b747-acf9500403ec																					no comment							
C#CCOC1=CC=C(CCNC(=O)C(C2=CC=C(C=C2)Cl)OCC#C)C=C1OC	https://envipath.org/package/521c547a-fd2a-491c-ad5b-7eaa1577fb65/pathway/042ce764-bff4-426e-93b8-0bf9e1c6720c/node/b519c34e-8151-42f8-8d5a-d7324ccedc72	https://envipath.org/package/521c547a-fd2a-491c-ad5b-7eaa1577fb65/scenario/70e5e14c-b839-4bdc-ad6c-cf26764632c4	no description	https://envipath.org/package/521c547a-fd2a-491c-ad5b-7eaa1577fb65/pathway/042ce764-bff4-426e-93b8-0bf9e1c6720c																					no comment							
C#CCOC1=CC=C(CCNC(=O)C(C2=CC=C(C=C2)Cl)OCC#C)C=C1OC	https://envipath.org/package/521c547a-fd2a-491c-ad5b-7eaa1577fb65/pathway/042ce764-bff4-426e-93b8-0bf9e1c6720c/node/b519c34e-8151-42f8-8d5a-d7324ccedc72	https://envipath.org/package/521c547a-fd2a-491c-ad5b-7eaa1577fb65/scenario/6d906efe-aaa2-42b6-bb71-7b7eb82c7155	no description	https://envipath.org/package/521c547a-fd2a-491c-ad5b-7eaa1577fb65/pathway/042ce764-bff4-426e-93b8-0bf9e1c6720c																					<							
C#CCOC1=CC=C(CCNC(=O)C(C2=CC=C(C=C2)Cl)OCC#C)C=C1OC	https://envipath.org/package/521c547a-fd2a-491c-ad5b-7eaa1577fb65/pathway/042ce764-bff4-426e-93b8-0bf9e1c6720c/node/b519c34e-8151-42f8-8d5a-d7324ccedc72	https://envipath.org/package/521c547a-fd2a-491c-ad5b-7eaa1577fb65/scenario/cec2efc7-f741-49c6-b3aa-4202fb0b8a2e	no description	https://envipath.org/package/521c547a-fd2a-491c-ad5b-7eaa1577fb65/pathway/042ce764-bff4-426e-93b8-0bf9e1c6720c																					no comment							
C#CCOC1=CC=C(CCNC(=O)C(C2=CC=C(C=C2)Cl)OCC#C)C=C1OC	https://envipath.org/package/521c547a-fd2a-491c-ad5b-7eaa1577fb65/pathway/042ce764-bff4-426e-93b8-0bf9e1c6720c/node/b519c34e-8151-42f8-8d5a-d7324ccedc72	https://envipath.org/package/521c547a-fd2a-491c-ad5b-7eaa1577fb65/scenario/f20da223-bc53-4b28-9114-18118dcb5309	no description	https://envipath.org/package/521c547a-fd2a-491c-ad5b-7eaa1577fb65/pathway/042ce764-bff4-426e-93b8-0bf9e1c6720c																					no comment							
C(CCCC(=O)NO)CCC(=O)NC1=CC=CC=C1	https://envipath.org/package/521c547a-fd2a-491c-ad5b-7eaa1577fb65/pathway/e3e3b34a-c4bc-4eb5-bc01-440e13719fa4/node/984f3fdd-0e3c-416b-86dc-dcaaef02c7f5	https://envipath.org/package/521c547a-fd2a-491c-ad5b-7eaa1577fb65/scenario/9b2a2f28-c954-4488-b2ac-7c7bd4bfac07	no description	https://envipath.org/package/521c547a-fd2a-491c-ad5b-7eaa1577fb65/pathway/e3e3b34a-c4bc-4eb5-bc01-440e13719fa4																					no comment							
C(CCCC(=O)NO)CCC(=O)NC1=CC=CC=C1	https://envipath.org/package/521c547a-fd2a-491c-ad5b-7eaa1577fb65/pathway/e3e3b34a-c4bc-4eb5-bc01-440e13719fa4/node/984f3fdd-0e3c-416b-86dc-dcaaef02c7f5	https://envipath.org/package/521c547a-fd2a-491c-ad5b-7eaa1577fb65/scenario/a457b3ca-291d-4c63-a774-23f6cabd9c51	no description	https://envipath.org/package/521c547a-fd2a-491c-ad5b-7eaa1577fb65/pathway/e3e3b34a-c4bc-4eb5-bc01-440e13719fa4																					no comment							
C(CCCC(=O)NO)CCC(=O)NC1=CC=CC=C1	https://envipath.org/package/521c547a-fd2a-491c-ad5b-7eaa1577fb65/pathway/e3e3b34a-c4bc-4eb5-bc01-440e13719fa4/node/984f3fdd-0e3c-416b-86dc-dcaaef02c7f5	https://envipath.org/package/521c547a-fd2a-491c-ad5b-7eaa1577fb65/scenario/65c25e4f-04b5-436f-b348-ac0c7e1d83e8	no description	https://envipath.org/package/521c547a-fd2a-491c-ad5b-7eaa1577fb65/pathway/e3e3b34a-c4bc-4eb5-bc01-440e13719fa4																					no comment							
C(CCCC(=O)NO)CCC(=O)NC1=CC=CC=C1	https://envipath.org/package/521c547a-fd2a-491c-ad5b-7eaa1577fb65/pathway/e3e3b34a-c4bc-4eb5-bc01-440e13719fa4/node/984f3fdd-0e3c-416b-86dc-dcaaef02c7f5	https://envipath.org/package/521c547a-fd2a-491c-ad5b-7eaa1577fb65/scenario/5a43ccd1-21cd-4cd5-a105-6bfdc253e9d6	no description	https://envipath.org/package/521c547a-fd2a-491c-ad5b-7eaa1577fb65/pathway/e3e3b34a-c4bc-4eb5-bc01-440e13719fa4																					<							
C1=CC=C(C=C1)C(C2=CC=CC=C2)(C3=C(C=CC=C3)Cl)N4C=CN=C4	https://envipath.org/package/521c547a-fd2a-491c-ad5b-7eaa1577fb65/pathway/d6872ad3-3125-4f96-bb66-3dc203742cc3/node/ae1a1549-901d-4cce-a47e-dbeacb1c2a04	https://envipath.org/package/521c547a-fd2a-491c-ad5b-7eaa1577fb65/scenario/a4680885-0c30-4451-af4e-724b09845d6d	no description	https://envipath.org/package/521c547a-fd2a-491c-ad5b-7eaa1577fb65/pathway/d6872ad3-3125-4f96-bb66-3dc203742cc3																					no comment							
C1=CC=C(C=C1)C(C2=CC=CC=C2)(C3=C(C=CC=C3)Cl)N4C=CN=C4	https://envipath.org/package/521c547a-fd2a-491c-ad5b-7eaa1577fb65/pathway/d6872ad3-3125-4f96-bb66-3dc203742cc3/node/ae1a1549-901d-4cce-a47e-dbeacb1c2a04	https://envipath.org/package/521c547a-fd2a-491c-ad5b-7eaa1577fb65/scenario/08c4f733-75fd-4c41-be37-43cf199ad933	no description	https://envipath.org/package/521c547a-fd2a-491c-ad5b-7eaa1577fb65/pathway/d6872ad3-3125-4f96-bb66-3dc203742cc3																					>							
C1=CC2=C(C=C1)C(=O)C(=O)C(=C2O)C3CCC(CC3)C4=CC=C(C=C4)Cl	https://envipath.org/package/521c547a-fd2a-491c-ad5b-7eaa1577fb65/pathway/f7351b9b-7353-4428-80d8-bbf9ec63e176/node/6e199ae4-6674-4344-9160-4eff602c34ba	https://envipath.org/package/521c547a-fd2a-491c-ad5b-7eaa1577fb65/scenario/744b76d1-c1f1-48dd-aa34-0d9d69b138f9	no description	https://envipath.org/package/521c547a-fd2a-491c-ad5b-7eaa1577fb65/pathway/f7351b9b-7353-4428-80d8-bbf9ec63e176																					no comment							
CS(=O)(=O)C1=CC=C(C(=C1)[N+](=O)[O-])C(=O)C2C(=O)CCCC2=O	https://envipath.org/package/521c547a-fd2a-491c-ad5b-7eaa1577fb65/pathway/10a7b8d7-e453-4a2f-94e2-75cf771ad37d/node/e981e0da-e27f-4bdc-966e-4bd2a99eccdc	https://envipath.org/package/521c547a-fd2a-491c-ad5b-7eaa1577fb65/scenario/7caf064b-6433-468e-b47f-d5616cc59562	no description	https://envipath.org/package/521c547a-fd2a-491c-ad5b-7eaa1577fb65/pathway/10a7b8d7-e453-4a2f-94e2-75cf771ad37d																					no comment							
CS(=O)(=O)C1=CC=C(C(=C1)[N+](=O)[O-])C(=O)C2C(=O)CCCC2=O	https://envipath.org/package/521c547a-fd2a-491c-ad5b-7eaa1577fb65/pathway/10a7b8d7-e453-4a2f-94e2-75cf771ad37d/node/e981e0da-e27f-4bdc-966e-4bd2a99eccdc	https://envipath.org/package/521c547a-fd2a-491c-ad5b-7eaa1577fb65/scenario/4286da75-dbd0-4f5a-a847-0a5303c36add	no description	https://envipath.org/package/521c547a-fd2a-491c-ad5b-7eaa1577fb65/pathway/10a7b8d7-e453-4a2f-94e2-75cf771ad37d																					>							
CS(=O)(=O)C1=CC=C(C(=C1)[N+](=O)[O-])C(=O)C2C(=O)CCCC2=O	https://envipath.org/package/521c547a-fd2a-491c-ad5b-7eaa1577fb65/pathway/10a7b8d7-e453-4a2f-94e2-75cf771ad37d/node/e981e0da-e27f-4bdc-966e-4bd2a99eccdc	https://envipath.org/package/521c547a-fd2a-491c-ad5b-7eaa1577fb65/scenario/58759a76-84c8-499b-95f1-49dea5e8fa42	no description	https://envipath.org/package/521c547a-fd2a-491c-ad5b-7eaa1577fb65/pathway/10a7b8d7-e453-4a2f-94e2-75cf771ad37d																					no comment							
CS(=O)(=O)C1=CC=C(C(=C1)[N+](=O)[O-])C(=O)C2C(=O)CCCC2=O	https://envipath.org/package/521c547a-fd2a-491c-ad5b-7eaa1577fb65/pathway/10a7b8d7-e453-4a2f-94e2-75cf771ad37d/node/e981e0da-e27f-4bdc-966e-4bd2a99eccdc	https://envipath.org/package/521c547a-fd2a-491c-ad5b-7eaa1577fb65/scenario/2f56eae2-e5d9-4ea7-b5f8-74907babd2bc	no description	https://envipath.org/package/521c547a-fd2a-491c-ad5b-7eaa1577fb65/pathway/10a7b8d7-e453-4a2f-94e2-75cf771ad37d																					no comment							
C1CC1C#CC2(C3=CC(=CC=C3NC(=O)O2)Cl)C(F)(F)F	https://envipath.org/package/521c547a-fd2a-491c-ad5b-7eaa1577fb65/pathway/276eaf33-597a-402d-9bc9-6c911faca658/node/95193cf8-677f-4259-a83a-f56b2c8afb89	https://envipath.org/package/521c547a-fd2a-491c-ad5b-7eaa1577fb65/scenario/ab479be7-0ef9-4333-b3ea-9314d4589174	no description	https://envipath.org/package/521c547a-fd2a-491c-ad5b-7eaa1577fb65/pathway/276eaf33-597a-402d-9bc9-6c911faca658																					no comment							
C1CC1C#CC2(C3=CC(=CC=C3NC(=O)O2)Cl)C(F)(F)F	https://envipath.org/package/521c547a-fd2a-491c-ad5b-7eaa1577fb65/pathway/276eaf33-597a-402d-9bc9-6c911faca658/node/95193cf8-677f-4259-a83a-f56b2c8afb89	https://envipath.org/package/521c547a-fd2a-491c-ad5b-7eaa1577fb65/scenario/aa295a57-f65d-4bdd-af6b-92a9ab25400c	no description	https://envipath.org/package/521c547a-fd2a-491c-ad5b-7eaa1577fb65/pathway/276eaf33-597a-402d-9bc9-6c911faca658																					no comment							
C1CC1C#CC2(C3=CC(=CC=C3NC(=O)O2)Cl)C(F)(F)F	https://envipath.org/package/521c547a-fd2a-491c-ad5b-7eaa1577fb65/pathway/276eaf33-597a-402d-9bc9-6c911faca658/node/95193cf8-677f-4259-a83a-f56b2c8afb89	https://envipath.org/package/521c547a-fd2a-491c-ad5b-7eaa1577fb65/scenario/1e495780-05a3-4ef8-bbfc-840db6e39c3e	no description	https://envipath.org/package/521c547a-fd2a-491c-ad5b-7eaa1577fb65/pathway/276eaf33-597a-402d-9bc9-6c911faca658																					no comment							
C1CC1C#CC2(C3=CC(=CC=C3NC(=O)O2)Cl)C(F)(F)F	https://envipath.org/package/521c547a-fd2a-491c-ad5b-7eaa1577fb65/pathway/276eaf33-597a-402d-9bc9-6c911faca658/node/95193cf8-677f-4259-a83a-f56b2c8afb89	https://envipath.org/package/521c547a-fd2a-491c-ad5b-7eaa1577fb65/scenario/53b7d159-3215-4b5d-b958-e1496f203860	no description	https://envipath.org/package/521c547a-fd2a-491c-ad5b-7eaa1577fb65/pathway/276eaf33-597a-402d-9bc9-6c911faca658																					no comment							
CC1(CCCCC1)C(=O)NC2=CC=C(C(=C2Cl)Cl)O	https://envipath.org/package/521c547a-fd2a-491c-ad5b-7eaa1577fb65/pathway/4666c1e8-931a-44a7-8afb-dd5bba6d4cd3/node/79e0a0eb-8821-4280-8b8a-2990814be506	https://envipath.org/package/521c547a-fd2a-491c-ad5b-7eaa1577fb65/scenario/a759886f-54cc-4d99-9ec1-b0e5e9b2ad51	no description	https://envipath.org/package/521c547a-fd2a-491c-ad5b-7eaa1577fb65/pathway/4666c1e8-931a-44a7-8afb-dd5bba6d4cd3																					no comment							
CC1(CCCCC1)C(=O)NC2=CC=C(C(=C2Cl)Cl)O	https://envipath.org/package/521c547a-fd2a-491c-ad5b-7eaa1577fb65/pathway/4666c1e8-931a-44a7-8afb-dd5bba6d4cd3/node/79e0a0eb-8821-4280-8b8a-2990814be506	https://envipath.org/package/521c547a-fd2a-491c-ad5b-7eaa1577fb65/scenario/93108405-d6d2-4880-8415-e0787a46e5ad	no description	https://envipath.org/package/521c547a-fd2a-491c-ad5b-7eaa1577fb65/pathway/4666c1e8-931a-44a7-8afb-dd5bba6d4cd3																					no comment							
CC1(CCCCC1)C(=O)NC2=CC=C(C(=C2Cl)Cl)O	https://envipath.org/package/521c547a-fd2a-491c-ad5b-7eaa1577fb65/pathway/4666c1e8-931a-44a7-8afb-dd5bba6d4cd3/node/79e0a0eb-8821-4280-8b8a-2990814be506	https://envipath.org/package/521c547a-fd2a-491c-ad5b-7eaa1577fb65/scenario/cb8dcba7-514a-418f-b162-d41a90dce0f3	no description	https://envipath.org/package/521c547a-fd2a-491c-ad5b-7eaa1577fb65/pathway/4666c1e8-931a-44a7-8afb-dd5bba6d4cd3																					no comment							
CC1(CCCCC1)C(=O)NC2=CC=C(C(=C2Cl)Cl)O	https://envipath.org/package/521c547a-fd2a-491c-ad5b-7eaa1577fb65/pathway/4666c1e8-931a-44a7-8afb-dd5bba6d4cd3/node/79e0a0eb-8821-4280-8b8a-2990814be506	https://envipath.org/package/521c547a-fd2a-491c-ad5b-7eaa1577fb65/scenario/08f73eee-57ef-4c19-b3f2-87b4c69d6b71	no description	https://envipath.org/package/521c547a-fd2a-491c-ad5b-7eaa1577fb65/pathway/4666c1e8-931a-44a7-8afb-dd5bba6d4cd3																					no comment							
COC1=NC=C(C2=NC(=NN21)S(=O)(=O)NC3=C(C=CC=C3F)F)F	https://envipath.org/package/521c547a-fd2a-491c-ad5b-7eaa1577fb65/pathway/e353055e-5985-4c3a-a57e-8a218b4506c5/node/3cc25e7e-123a-4e40-85f5-03f6d8254285	https://envipath.org/package/521c547a-fd2a-491c-ad5b-7eaa1577fb65/scenario/340d9ea4-262e-4c6f-8c19-231629dd7c65	no description	https://envipath.org/package/521c547a-fd2a-491c-ad5b-7eaa1577fb65/pathway/e353055e-5985-4c3a-a57e-8a218b4506c5																					>							
COC1=NC=C(C2=NC(=NN21)S(=O)(=O)NC3=C(C=CC=C3F)F)F	https://envipath.org/package/521c547a-fd2a-491c-ad5b-7eaa1577fb65/pathway/e353055e-5985-4c3a-a57e-8a218b4506c5/node/3cc25e7e-123a-4e40-85f5-03f6d8254285	https://envipath.org/package/521c547a-fd2a-491c-ad5b-7eaa1577fb65/scenario/b90aa01e-389c-4786-b0a3-cd75c1373284	no description	https://envipath.org/package/521c547a-fd2a-491c-ad5b-7eaa1577fb65/pathway/e353055e-5985-4c3a-a57e-8a218b4506c5																					no comment							
COC1=NC=C(C2=NC(=NN21)S(=O)(=O)NC3=C(C=CC=C3F)F)F	https://envipath.org/package/521c547a-fd2a-491c-ad5b-7eaa1577fb65/pathway/e353055e-5985-4c3a-a57e-8a218b4506c5/node/3cc25e7e-123a-4e40-85f5-03f6d8254285	https://envipath.org/package/521c547a-fd2a-491c-ad5b-7eaa1577fb65/scenario/dff063c7-6773-42a5-96f3-3e454ae6b773	no description	https://envipath.org/package/521c547a-fd2a-491c-ad5b-7eaa1577fb65/pathway/e353055e-5985-4c3a-a57e-8a218b4506c5																					no comment							
COC1=NC=C(C2=NC(=NN21)S(=O)(=O)NC3=C(C=CC=C3F)F)F	https://envipath.org/package/521c547a-fd2a-491c-ad5b-7eaa1577fb65/pathway/e353055e-5985-4c3a-a57e-8a218b4506c5/node/3cc25e7e-123a-4e40-85f5-03f6d8254285	https://envipath.org/package/521c547a-fd2a-491c-ad5b-7eaa1577fb65/scenario/a2990241-6eaa-4e43-9a9e-91952497474d	no description	https://envipath.org/package/521c547a-fd2a-491c-ad5b-7eaa1577fb65/pathway/e353055e-5985-4c3a-a57e-8a218b4506c5																					>							
CC(C1CC1)NC(=O)C2=CC(=CC(=C2NC(=O)C3=CC(=NN3C4=NC=CC=C4Cl)Br)Br)Cl	https://envipath.org/package/521c547a-fd2a-491c-ad5b-7eaa1577fb65/pathway/ccb3ee24-72fd-4be8-a7b2-1d3186157d1b/node/9579361f-0938-4ff6-8e6b-d2d8c0eb612e	https://envipath.org/package/521c547a-fd2a-491c-ad5b-7eaa1577fb65/scenario/4be8194b-558e-40d1-9287-7bff9a1431d3	no description	https://envipath.org/package/521c547a-fd2a-491c-ad5b-7eaa1577fb65/pathway/ccb3ee24-72fd-4be8-a7b2-1d3186157d1b																					>							
CC(C1CC1)NC(=O)C2=CC(=CC(=C2NC(=O)C3=CC(=NN3C4=NC=CC=C4Cl)Br)Br)Cl	https://envipath.org/package/521c547a-fd2a-491c-ad5b-7eaa1577fb65/pathway/ccb3ee24-72fd-4be8-a7b2-1d3186157d1b/node/9579361f-0938-4ff6-8e6b-d2d8c0eb612e	https://envipath.org/package/521c547a-fd2a-491c-ad5b-7eaa1577fb65/scenario/ed280e24-976b-427a-a56d-1cf871601903	no description	https://envipath.org/package/521c547a-fd2a-491c-ad5b-7eaa1577fb65/pathway/ccb3ee24-72fd-4be8-a7b2-1d3186157d1b																					>							
CC(C1CC1)NC(=O)C2=CC(=CC(=C2NC(=O)C3=CC(=NN3C4=NC=CC=C4Cl)Br)Br)Cl	https://envipath.org/package/521c547a-fd2a-491c-ad5b-7eaa1577fb65/pathway/ccb3ee24-72fd-4be8-a7b2-1d3186157d1b/node/9579361f-0938-4ff6-8e6b-d2d8c0eb612e	https://envipath.org/package/521c547a-fd2a-491c-ad5b-7eaa1577fb65/scenario/30b6f843-5c5c-4c06-a7c9-a301f1480585	no description	https://envipath.org/package/521c547a-fd2a-491c-ad5b-7eaa1577fb65/pathway/ccb3ee24-72fd-4be8-a7b2-1d3186157d1b																					>							
CC(C1CC1)NC(=O)C2=CC(=CC(=C2NC(=O)C3=CC(=NN3C4=NC=CC=C4Cl)Br)Br)Cl	https://envipath.org/package/521c547a-fd2a-491c-ad5b-7eaa1577fb65/pathway/ccb3ee24-72fd-4be8-a7b2-1d3186157d1b/node/9579361f-0938-4ff6-8e6b-d2d8c0eb612e	https://envipath.org/package/521c547a-fd2a-491c-ad5b-7eaa1577fb65/scenario/c4078d9b-5714-404c-b947-52df5383af47	no description	https://envipath.org/package/521c547a-fd2a-491c-ad5b-7eaa1577fb65/pathway/ccb3ee24-72fd-4be8-a7b2-1d3186157d1b																					>							
CC1=CC(=NN1CC(=O)N2CCC(CC2)C3=NC(=CS3)C4=NOC(C4)C5=C(C=CC=C5F)F)C(F)(F)F	https://envipath.org/package/521c547a-fd2a-491c-ad5b-7eaa1577fb65/pathway/47124a26-bf37-43b3-aecf-2d6d5b103768/node/d0e27bee-bd9d-4e82-9903-b7501812ea10	https://envipath.org/package/521c547a-fd2a-491c-ad5b-7eaa1577fb65/scenario/aa312b36-8a02-44ce-9167-c5772f3a37af	no description	https://envipath.org/package/521c547a-fd2a-491c-ad5b-7eaa1577fb65/pathway/47124a26-bf37-43b3-aecf-2d6d5b103768																					no comment							
CC1=CC(=NN1CC(=O)N2CCC(CC2)C3=NC(=CS3)C4=NOC(C4)C5=C(C=CC=C5F)F)C(F)(F)F	https://envipath.org/package/521c547a-fd2a-491c-ad5b-7eaa1577fb65/pathway/47124a26-bf37-43b3-aecf-2d6d5b103768/node/d0e27bee-bd9d-4e82-9903-b7501812ea10	https://envipath.org/package/521c547a-fd2a-491c-ad5b-7eaa1577fb65/scenario/345cb205-4478-4e9d-8dd3-b3948e7a18d0	no description	https://envipath.org/package/521c547a-fd2a-491c-ad5b-7eaa1577fb65/pathway/47124a26-bf37-43b3-aecf-2d6d5b103768																					no comment							
CC1=CC(=NN1CC(=O)N2CCC(CC2)C3=NC(=CS3)C4=NOC(C4)C5=C(C=CC=C5F)F)C(F)(F)F	https://envipath.org/package/521c547a-fd2a-491c-ad5b-7eaa1577fb65/pathway/47124a26-bf37-43b3-aecf-2d6d5b103768/node/d0e27bee-bd9d-4e82-9903-b7501812ea10	https://envipath.org/package/521c547a-fd2a-491c-ad5b-7eaa1577fb65/scenario/17ade16e-8797-4ccb-b780-5f467df07834	no description	https://envipath.org/package/521c547a-fd2a-491c-ad5b-7eaa1577fb65/pathway/47124a26-bf37-43b3-aecf-2d6d5b103768																					no comment							
CC1=CC(=NN1CC(=O)N2CCC(CC2)C3=NC(=CS3)C4=NOC(C4)C5=C(C=CC=C5F)F)C(F)(F)F	https://envipath.org/package/521c547a-fd2a-491c-ad5b-7eaa1577fb65/pathway/47124a26-bf37-43b3-aecf-2d6d5b103768/node/d0e27bee-bd9d-4e82-9903-b7501812ea10	https://envipath.org/package/521c547a-fd2a-491c-ad5b-7eaa1577fb65/scenario/41a24e1a-d228-42e4-b948-f1e8edd10bdd	no description	https://envipath.org/package/521c547a-fd2a-491c-ad5b-7eaa1577fb65/pathway/47124a26-bf37-43b3-aecf-2d6d5b103768																					no comment							
CC12CCC3=C4CCC(=O)C=C4CCC3C2CCC1(CC#N)O	https://envipath.org/package/521c547a-fd2a-491c-ad5b-7eaa1577fb65/pathway/c6e2edea-5d8d-46df-a931-2c07e35902c8/node/cc8c2be8-c194-4c18-8958-6527e447ede8	https://envipath.org/package/521c547a-fd2a-491c-ad5b-7eaa1577fb65/scenario/c46fc45b-4619-4237-b4d0-a03ea69aad66	no description	https://envipath.org/package/521c547a-fd2a-491c-ad5b-7eaa1577fb65/pathway/c6e2edea-5d8d-46df-a931-2c07e35902c8																					no comment							
CC12CCC3=C4CCC(=O)C=C4CCC3C2CCC1(CC#N)O	https://envipath.org/package/521c547a-fd2a-491c-ad5b-7eaa1577fb65/pathway/c6e2edea-5d8d-46df-a931-2c07e35902c8/node/cc8c2be8-c194-4c18-8958-6527e447ede8	https://envipath.org/package/521c547a-fd2a-491c-ad5b-7eaa1577fb65/scenario/2fcfc97e-140b-4936-bdba-43872c68fdef	no description	https://envipath.org/package/521c547a-fd2a-491c-ad5b-7eaa1577fb65/pathway/c6e2edea-5d8d-46df-a931-2c07e35902c8																					<							
CC12CCC3=C4CCC(=O)C=C4CCC3C2CCC1(CC#N)O	https://envipath.org/package/521c547a-fd2a-491c-ad5b-7eaa1577fb65/pathway/c6e2edea-5d8d-46df-a931-2c07e35902c8/node/cc8c2be8-c194-4c18-8958-6527e447ede8	https://envipath.org/package/521c547a-fd2a-491c-ad5b-7eaa1577fb65/scenario/e213f13f-bbe2-4886-844d-5c88f18c527f	no description	https://envipath.org/package/521c547a-fd2a-491c-ad5b-7eaa1577fb65/pathway/c6e2edea-5d8d-46df-a931-2c07e35902c8																					no comment							
CC12CCC3=C4CCC(=O)C=C4CCC3C2CCC1(CC#N)O	https://envipath.org/package/521c547a-fd2a-491c-ad5b-7eaa1577fb65/pathway/c6e2edea-5d8d-46df-a931-2c07e35902c8/node/cc8c2be8-c194-4c18-8958-6527e447ede8	https://envipath.org/package/521c547a-fd2a-491c-ad5b-7eaa1577fb65/scenario/695a3352-f481-4657-9e5e-df32ade194e5	no description	https://envipath.org/package/521c547a-fd2a-491c-ad5b-7eaa1577fb65/pathway/c6e2edea-5d8d-46df-a931-2c07e35902c8																					<							
C1=C(C(=C(C=C1C#N)Br)O)Br	https://envipath.org/package/521c547a-fd2a-491c-ad5b-7eaa1577fb65/pathway/c862bbdb-19ae-4232-b757-038db7ca7b69/node/b7e03e74-21cc-4972-a207-9d57c95210d6	https://envipath.org/package/521c547a-fd2a-491c-ad5b-7eaa1577fb65/scenario/b168fb12-b64c-4aab-8b46-7c8416ff0e66	no description	https://envipath.org/package/521c547a-fd2a-491c-ad5b-7eaa1577fb65/pathway/c862bbdb-19ae-4232-b757-038db7ca7b69																					<							
C1=C(C(=C(C=C1C#N)Br)O)Br	https://envipath.org/package/521c547a-fd2a-491c-ad5b-7eaa1577fb65/pathway/c862bbdb-19ae-4232-b757-038db7ca7b69/node/b7e03e74-21cc-4972-a207-9d57c95210d6	https://envipath.org/package/521c547a-fd2a-491c-ad5b-7eaa1577fb65/scenario/78d8a10d-5e6d-4794-8f02-b16850233996	no description	https://envipath.org/package/521c547a-fd2a-491c-ad5b-7eaa1577fb65/pathway/c862bbdb-19ae-4232-b757-038db7ca7b69																					no comment							
C1=C(C(=C(C=C1C#N)Br)O)Br	https://envipath.org/package/521c547a-fd2a-491c-ad5b-7eaa1577fb65/pathway/c862bbdb-19ae-4232-b757-038db7ca7b69/node/b7e03e74-21cc-4972-a207-9d57c95210d6	https://envipath.org/package/521c547a-fd2a-491c-ad5b-7eaa1577fb65/scenario/1f8f3283-1d51-41d1-ad97-e936271fa42f	no description	https://envipath.org/package/521c547a-fd2a-491c-ad5b-7eaa1577fb65/pathway/c862bbdb-19ae-4232-b757-038db7ca7b69																					no comment							
C1=C(C(=C(C=C1C#N)Br)O)Br	https://envipath.org/package/521c547a-fd2a-491c-ad5b-7eaa1577fb65/pathway/c862bbdb-19ae-4232-b757-038db7ca7b69/node/b7e03e74-21cc-4972-a207-9d57c95210d6	https://envipath.org/package/521c547a-fd2a-491c-ad5b-7eaa1577fb65/scenario/d0082b09-86bc-4233-a158-6949477306c1	no description	https://envipath.org/package/521c547a-fd2a-491c-ad5b-7eaa1577fb65/pathway/c862bbdb-19ae-4232-b757-038db7ca7b69																					no comment							
CCOC(=O)NCCOC1=CC=C(C=C1)OC2=CC=CC=C2	https://envipath.org/package/521c547a-fd2a-491c-ad5b-7eaa1577fb65/pathway/961e18a1-2a29-4deb-823f-87746a01ac07/node/36dbc063-99c8-468c-a347-55c5670f3888	https://envipath.org/package/521c547a-fd2a-491c-ad5b-7eaa1577fb65/scenario/8df28f82-ca62-4dbf-9e49-1fdfac5c78c0	no description	https://envipath.org/package/521c547a-fd2a-491c-ad5b-7eaa1577fb65/pathway/961e18a1-2a29-4deb-823f-87746a01ac07																					<							
CCOC(=O)NCCOC1=CC=C(C=C1)OC2=CC=CC=C2	https://envipath.org/package/521c547a-fd2a-491c-ad5b-7eaa1577fb65/pathway/961e18a1-2a29-4deb-823f-87746a01ac07/node/36dbc063-99c8-468c-a347-55c5670f3888	https://envipath.org/package/521c547a-fd2a-491c-ad5b-7eaa1577fb65/scenario/42d96503-7aea-46e3-869d-b0c4b5a720d9	no description	https://envipath.org/package/521c547a-fd2a-491c-ad5b-7eaa1577fb65/pathway/961e18a1-2a29-4deb-823f-87746a01ac07																					<							
CCOC(=O)NCCOC1=CC=C(C=C1)OC2=CC=CC=C2	https://envipath.org/package/521c547a-fd2a-491c-ad5b-7eaa1577fb65/pathway/961e18a1-2a29-4deb-823f-87746a01ac07/node/36dbc063-99c8-468c-a347-55c5670f3888	https://envipath.org/package/521c547a-fd2a-491c-ad5b-7eaa1577fb65/scenario/680ab75b-dd0a-4ca5-ace9-bac21aab2e91	no description	https://envipath.org/package/521c547a-fd2a-491c-ad5b-7eaa1577fb65/pathway/961e18a1-2a29-4deb-823f-87746a01ac07																					<							
CCOC(=O)NCCOC1=CC=C(C=C1)OC2=CC=CC=C2	https://envipath.org/package/521c547a-fd2a-491c-ad5b-7eaa1577fb65/pathway/961e18a1-2a29-4deb-823f-87746a01ac07/node/36dbc063-99c8-468c-a347-55c5670f3888	https://envipath.org/package/521c547a-fd2a-491c-ad5b-7eaa1577fb65/scenario/d2fe1148-9fb6-4c41-a8f7-3677d9f5a6be	no description	https://envipath.org/package/521c547a-fd2a-491c-ad5b-7eaa1577fb65/pathway/961e18a1-2a29-4deb-823f-87746a01ac07																					<							
C1=C(C=NC(=C1)Cl)CN(CC(F)F)C2=CC(=O)OC2	https://envipath.org/package/521c547a-fd2a-491c-ad5b-7eaa1577fb65/pathway/77377aa9-b0ff-4d17-bb0d-da98aecc09e0/node/14e7efe7-4abf-4db0-8120-c0dea27523ff	https://envipath.org/package/521c547a-fd2a-491c-ad5b-7eaa1577fb65/scenario/497b5252-35e4-4ce9-b306-b00c3bee3d9c	no description	https://envipath.org/package/521c547a-fd2a-491c-ad5b-7eaa1577fb65/pathway/77377aa9-b0ff-4d17-bb0d-da98aecc09e0																					>							
C1=C(C=NC(=C1)Cl)CN(CC(F)F)C2=CC(=O)OC2	https://envipath.org/package/521c547a-fd2a-491c-ad5b-7eaa1577fb65/pathway/77377aa9-b0ff-4d17-bb0d-da98aecc09e0/node/14e7efe7-4abf-4db0-8120-c0dea27523ff	https://envipath.org/package/521c547a-fd2a-491c-ad5b-7eaa1577fb65/scenario/b7496e3d-64f3-4bca-b2c8-1955b7dd21fc	no description	https://envipath.org/package/521c547a-fd2a-491c-ad5b-7eaa1577fb65/pathway/77377aa9-b0ff-4d17-bb0d-da98aecc09e0																					no comment							
C1=C(C=NC(=C1)Cl)CN(CC(F)F)C2=CC(=O)OC2	https://envipath.org/package/521c547a-fd2a-491c-ad5b-7eaa1577fb65/pathway/77377aa9-b0ff-4d17-bb0d-da98aecc09e0/node/14e7efe7-4abf-4db0-8120-c0dea27523ff	https://envipath.org/package/521c547a-fd2a-491c-ad5b-7eaa1577fb65/scenario/b98cfcbc-4b93-45c5-902e-6c87aed3c05a	no description	https://envipath.org/package/521c547a-fd2a-491c-ad5b-7eaa1577fb65/pathway/77377aa9-b0ff-4d17-bb0d-da98aecc09e0																					>							
C1=C(C=NC(=C1)Cl)CN(CC(F)F)C2=CC(=O)OC2	https://envipath.org/package/521c547a-fd2a-491c-ad5b-7eaa1577fb65/pathway/77377aa9-b0ff-4d17-bb0d-da98aecc09e0/node/14e7efe7-4abf-4db0-8120-c0dea27523ff	https://envipath.org/package/521c547a-fd2a-491c-ad5b-7eaa1577fb65/scenario/abf026f8-d933-49e1-b435-23abc4b65ad8	no description	https://envipath.org/package/521c547a-fd2a-491c-ad5b-7eaa1577fb65/pathway/77377aa9-b0ff-4d17-bb0d-da98aecc09e0																					>							
C1=C(C=NC(=C1)Cl)CN2CCNC2=N[N+](=O)[O-]	https://envipath.org/package/521c547a-fd2a-491c-ad5b-7eaa1577fb65/pathway/0cc3c404-d519-48cf-94ea-5bde04d19ea9/node/4642238c-28d7-43bd-94e2-17344f8427e8	https://envipath.org/package/521c547a-fd2a-491c-ad5b-7eaa1577fb65/scenario/8ef9c91c-2213-4cee-be1c-2eb051fdc3ab	no description	https://envipath.org/package/521c547a-fd2a-491c-ad5b-7eaa1577fb65/pathway/0cc3c404-d519-48cf-94ea-5bde04d19ea9																					>							
C1=C(C=NC(=C1)Cl)CN2CCNC2=N[N+](=O)[O-]	https://envipath.org/package/521c547a-fd2a-491c-ad5b-7eaa1577fb65/pathway/0cc3c404-d519-48cf-94ea-5bde04d19ea9/node/4642238c-28d7-43bd-94e2-17344f8427e8	https://envipath.org/package/521c547a-fd2a-491c-ad5b-7eaa1577fb65/scenario/3cbaab73-3840-4294-b5d3-7161cf69a5e8	no description	https://envipath.org/package/521c547a-fd2a-491c-ad5b-7eaa1577fb65/pathway/0cc3c404-d519-48cf-94ea-5bde04d19ea9																					>							
C1=C(C=NC(=C1)Cl)CN2CCNC2=N[N+](=O)[O-]	https://envipath.org/package/521c547a-fd2a-491c-ad5b-7eaa1577fb65/pathway/0cc3c404-d519-48cf-94ea-5bde04d19ea9/node/4642238c-28d7-43bd-94e2-17344f8427e8	https://envipath.org/package/521c547a-fd2a-491c-ad5b-7eaa1577fb65/scenario/a9e4c748-c8dd-4417-a786-e569d5ae4caf	no description	https://envipath.org/package/521c547a-fd2a-491c-ad5b-7eaa1577fb65/pathway/0cc3c404-d519-48cf-94ea-5bde04d19ea9																					>							
C1=C(C=NC(=C1)Cl)CN2CCNC2=N[N+](=O)[O-]	https://envipath.org/package/521c547a-fd2a-491c-ad5b-7eaa1577fb65/pathway/0cc3c404-d519-48cf-94ea-5bde04d19ea9/node/4642238c-28d7-43bd-94e2-17344f8427e8	https://envipath.org/package/521c547a-fd2a-491c-ad5b-7eaa1577fb65/scenario/23e4f65c-a8f2-4501-bebc-7a6a2a1ffb1d	no description	https://envipath.org/package/521c547a-fd2a-491c-ad5b-7eaa1577fb65/pathway/0cc3c404-d519-48cf-94ea-5bde04d19ea9																					>							
COC1=C(C(=CC=C1Cl)Cl)C(=O)O	https://envipath.org/package/521c547a-fd2a-491c-ad5b-7eaa1577fb65/pathway/62216907-6ed7-4232-a805-0a99ad8a4896/node/011fbc73-ac95-413f-aae4-d91bad35ed4b	https://envipath.org/package/521c547a-fd2a-491c-ad5b-7eaa1577fb65/scenario/281ae3fb-7f69-4be6-b0d9-b79b4f6c678b	no description	https://envipath.org/package/521c547a-fd2a-491c-ad5b-7eaa1577fb65/pathway/62216907-6ed7-4232-a805-0a99ad8a4896	1																	sorption corrected & abiotic degradation corrected										
COC1=C(C(=CC=C1Cl)Cl)C(=O)O	https://envipath.org/package/521c547a-fd2a-491c-ad5b-7eaa1577fb65/pathway/62216907-6ed7-4232-a805-0a99ad8a4896/node/011fbc73-ac95-413f-aae4-d91bad35ed4b	https://envipath.org/package/521c547a-fd2a-491c-ad5b-7eaa1577fb65/scenario/6b119a5d-449a-41bc-b9c0-1db9e218bdf6	no description	https://envipath.org/package/521c547a-fd2a-491c-ad5b-7eaa1577fb65/pathway/62216907-6ed7-4232-a805-0a99ad8a4896	1																	sorption corrected & abiotic degradation corrected										
COC1=C(C(=CC=C1Cl)Cl)C(=O)O	https://envipath.org/package/521c547a-fd2a-491c-ad5b-7eaa1577fb65/pathway/62216907-6ed7-4232-a805-0a99ad8a4896/node/011fbc73-ac95-413f-aae4-d91bad35ed4b	https://envipath.org/package/521c547a-fd2a-491c-ad5b-7eaa1577fb65/scenario/df1fc5d0-4221-4ac8-988b-1623aa063344	no description	https://envipath.org/package/521c547a-fd2a-491c-ad5b-7eaa1577fb65/pathway/62216907-6ed7-4232-a805-0a99ad8a4896																					no comment							
COC1=C(C(=CC=C1Cl)Cl)C(=O)O	https://envipath.org/package/521c547a-fd2a-491c-ad5b-7eaa1577fb65/pathway/62216907-6ed7-4232-a805-0a99ad8a4896/node/011fbc73-ac95-413f-aae4-d91bad35ed4b	https://envipath.org/package/521c547a-fd2a-491c-ad5b-7eaa1577fb65/scenario/89d6f378-e26a-44c8-a001-2f8fe3031db0	no description	https://envipath.org/package/521c547a-fd2a-491c-ad5b-7eaa1577fb65/pathway/62216907-6ed7-4232-a805-0a99ad8a4896																					no comment							
COC1=C(C(=CC=C1Cl)Cl)C(=O)O	https://envipath.org/package/521c547a-fd2a-491c-ad5b-7eaa1577fb65/pathway/62216907-6ed7-4232-a805-0a99ad8a4896/node/011fbc73-ac95-413f-aae4-d91bad35ed4b	https://envipath.org/package/521c547a-fd2a-491c-ad5b-7eaa1577fb65/scenario/5598a863-d7c7-4344-a7a5-9d98e77794a0	no description	https://envipath.org/package/521c547a-fd2a-491c-ad5b-7eaa1577fb65/pathway/62216907-6ed7-4232-a805-0a99ad8a4896	1																	sorption corrected & abiotic degradation corrected										
COC1=C(C(=CC=C1Cl)Cl)C(=O)O	https://envipath.org/package/521c547a-fd2a-491c-ad5b-7eaa1577fb65/pathway/62216907-6ed7-4232-a805-0a99ad8a4896/node/011fbc73-ac95-413f-aae4-d91bad35ed4b	https://envipath.org/package/521c547a-fd2a-491c-ad5b-7eaa1577fb65/scenario/79684277-ee5a-4bc6-8b35-678a0caee404	no description	https://envipath.org/package/521c547a-fd2a-491c-ad5b-7eaa1577fb65/pathway/62216907-6ed7-4232-a805-0a99ad8a4896																					>							
COC1=C(C(=CC=C1Cl)Cl)C(=O)O	https://envipath.org/package/521c547a-fd2a-491c-ad5b-7eaa1577fb65/pathway/62216907-6ed7-4232-a805-0a99ad8a4896/node/011fbc73-ac95-413f-aae4-d91bad35ed4b	https://envipath.org/package/521c547a-fd2a-491c-ad5b-7eaa1577fb65/scenario/06f8c308-11f5-446c-9e01-29c9ebe4443c	no description	https://envipath.org/package/521c547a-fd2a-491c-ad5b-7eaa1577fb65/pathway/62216907-6ed7-4232-a805-0a99ad8a4896																					>							
CC#CC(=O)N1CCCC1C2=NC(=C3C(=NC=CN32)N)C4=CC=C(C=C4)C(=O)NC5=NC=CC=C5	https://envipath.org/package/521c547a-fd2a-491c-ad5b-7eaa1577fb65/pathway/53a38542-d8b3-45a2-903d-fd742eefcb83/node/4943d265-4072-4b38-9a62-73c43f50deb2	https://envipath.org/package/521c547a-fd2a-491c-ad5b-7eaa1577fb65/scenario/b02a41c6-0795-43a3-ae3c-00e7eb36c787	no description	https://envipath.org/package/521c547a-fd2a-491c-ad5b-7eaa1577fb65/pathway/53a38542-d8b3-45a2-903d-fd742eefcb83																					no comment							
CC#CC(=O)N1CCCC1C2=NC(=C3C(=NC=CN32)N)C4=CC=C(C=C4)C(=O)NC5=NC=CC=C5	https://envipath.org/package/521c547a-fd2a-491c-ad5b-7eaa1577fb65/pathway/53a38542-d8b3-45a2-903d-fd742eefcb83/node/4943d265-4072-4b38-9a62-73c43f50deb2	https://envipath.org/package/521c547a-fd2a-491c-ad5b-7eaa1577fb65/scenario/9efb7894-a01d-4587-b16c-a8ce81c06a07	no description	https://envipath.org/package/521c547a-fd2a-491c-ad5b-7eaa1577fb65/pathway/53a38542-d8b3-45a2-903d-fd742eefcb83																					no comment							
CC#CC(=O)N1CCCC1C2=NC(=C3C(=NC=CN32)N)C4=CC=C(C=C4)C(=O)NC5=NC=CC=C5	https://envipath.org/package/521c547a-fd2a-491c-ad5b-7eaa1577fb65/pathway/53a38542-d8b3-45a2-903d-fd742eefcb83/node/4943d265-4072-4b38-9a62-73c43f50deb2	https://envipath.org/package/521c547a-fd2a-491c-ad5b-7eaa1577fb65/scenario/0c445609-5362-4e65-862d-d9bb8bf5829f	no description	https://envipath.org/package/521c547a-fd2a-491c-ad5b-7eaa1577fb65/pathway/53a38542-d8b3-45a2-903d-fd742eefcb83																					no comment							
CC#CC(=O)N1CCCC1C2=NC(=C3C(=NC=CN32)N)C4=CC=C(C=C4)C(=O)NC5=NC=CC=C5	https://envipath.org/package/521c547a-fd2a-491c-ad5b-7eaa1577fb65/pathway/53a38542-d8b3-45a2-903d-fd742eefcb83/node/4943d265-4072-4b38-9a62-73c43f50deb2	https://envipath.org/package/521c547a-fd2a-491c-ad5b-7eaa1577fb65/scenario/d4fca074-351a-4043-a496-2c598d277533	no description	https://envipath.org/package/521c547a-fd2a-491c-ad5b-7eaa1577fb65/pathway/53a38542-d8b3-45a2-903d-fd742eefcb83																					>							
CC1=C(C=CC=C1)OCC2=C(C=CC=C2)C(=NOC)C(=O)OC	https://envipath.org/package/521c547a-fd2a-491c-ad5b-7eaa1577fb65/pathway/49baaaad-6ace-4ddd-abb0-7fe80a872aba/node/a4875a0a-9ea0-4607-8081-db89cb8f52ce	https://envipath.org/package/521c547a-fd2a-491c-ad5b-7eaa1577fb65/scenario/88365110-0f6c-4e4d-ba96-20bfc4bb4cd6	no description	https://envipath.org/package/521c547a-fd2a-491c-ad5b-7eaa1577fb65/pathway/49baaaad-6ace-4ddd-abb0-7fe80a872aba																					<							
CC1=C(C=CC=C1)OCC2=C(C=CC=C2)C(=NOC)C(=O)OC	https://envipath.org/package/521c547a-fd2a-491c-ad5b-7eaa1577fb65/pathway/49baaaad-6ace-4ddd-abb0-7fe80a872aba/node/a4875a0a-9ea0-4607-8081-db89cb8f52ce	https://envipath.org/package/521c547a-fd2a-491c-ad5b-7eaa1577fb65/scenario/0430495c-8171-453b-a78d-cf4a0012f897	no description	https://envipath.org/package/521c547a-fd2a-491c-ad5b-7eaa1577fb65/pathway/49baaaad-6ace-4ddd-abb0-7fe80a872aba																					no comment							
CC1=C(C=CC=C1)OCC2=C(C=CC=C2)C(=NOC)C(=O)OC	https://envipath.org/package/521c547a-fd2a-491c-ad5b-7eaa1577fb65/pathway/49baaaad-6ace-4ddd-abb0-7fe80a872aba/node/a4875a0a-9ea0-4607-8081-db89cb8f52ce	https://envipath.org/package/521c547a-fd2a-491c-ad5b-7eaa1577fb65/scenario/ed639075-2cce-4412-b286-59f9fe64caaf	no description	https://envipath.org/package/521c547a-fd2a-491c-ad5b-7eaa1577fb65/pathway/49baaaad-6ace-4ddd-abb0-7fe80a872aba																					no comment							
CC1=C(C=CC=C1)OCC2=C(C=CC=C2)C(=NOC)C(=O)OC	https://envipath.org/package/521c547a-fd2a-491c-ad5b-7eaa1577fb65/pathway/49baaaad-6ace-4ddd-abb0-7fe80a872aba/node/a4875a0a-9ea0-4607-8081-db89cb8f52ce	https://envipath.org/package/521c547a-fd2a-491c-ad5b-7eaa1577fb65/scenario/c69c473d-6d5f-49c2-88b0-fca2269cf787	no description	https://envipath.org/package/521c547a-fd2a-491c-ad5b-7eaa1577fb65/pathway/49baaaad-6ace-4ddd-abb0-7fe80a872aba																					no comment							
CCNC1=NC(=NC(=N1)NC(C)(C)C)Cl	https://envipath.org/package/521c547a-fd2a-491c-ad5b-7eaa1577fb65/pathway/6ee97260-2305-4951-9f9b-6888df47901c/node/2e69c1e3-be82-4c19-9b40-16515a9836c4	https://envipath.org/package/521c547a-fd2a-491c-ad5b-7eaa1577fb65/scenario/d121855d-7c21-483d-a55f-9920ece30df5	no description	https://envipath.org/package/521c547a-fd2a-491c-ad5b-7eaa1577fb65/pathway/6ee97260-2305-4951-9f9b-6888df47901c																					>							
CCNC1=NC(=NC(=N1)NC(C)(C)C)Cl	https://envipath.org/package/521c547a-fd2a-491c-ad5b-7eaa1577fb65/pathway/6ee97260-2305-4951-9f9b-6888df47901c/node/2e69c1e3-be82-4c19-9b40-16515a9836c4	https://envipath.org/package/521c547a-fd2a-491c-ad5b-7eaa1577fb65/scenario/fa89ec34-63de-415f-ad88-578578fd2309	no description	https://envipath.org/package/521c547a-fd2a-491c-ad5b-7eaa1577fb65/pathway/6ee97260-2305-4951-9f9b-6888df47901c																					>							
CCNC1=NC(=NC(=N1)NC(C)(C)C)Cl	https://envipath.org/package/521c547a-fd2a-491c-ad5b-7eaa1577fb65/pathway/6ee97260-2305-4951-9f9b-6888df47901c/node/2e69c1e3-be82-4c19-9b40-16515a9836c4	https://envipath.org/package/521c547a-fd2a-491c-ad5b-7eaa1577fb65/scenario/8bc228b0-e13c-4bca-8049-ec9a25ae8e37	no description	https://envipath.org/package/521c547a-fd2a-491c-ad5b-7eaa1577fb65/pathway/6ee97260-2305-4951-9f9b-6888df47901c																					no comment							
CCNC1=NC(=NC(=N1)NC(C)(C)C)Cl	https://envipath.org/package/521c547a-fd2a-491c-ad5b-7eaa1577fb65/pathway/6ee97260-2305-4951-9f9b-6888df47901c/node/2e69c1e3-be82-4c19-9b40-16515a9836c4	https://envipath.org/package/521c547a-fd2a-491c-ad5b-7eaa1577fb65/scenario/accc7360-be16-42ff-a192-e4d2c2d77123	no description	https://envipath.org/package/521c547a-fd2a-491c-ad5b-7eaa1577fb65/pathway/6ee97260-2305-4951-9f9b-6888df47901c																					>							
COC(=O)C1=C(C=CC=C1)C(=O)O	https://envipath.org/package/521c547a-fd2a-491c-ad5b-7eaa1577fb65/pathway/c63453b6-0f55-4c78-8797-20d2152c9dcc/node/fabc9b44-899f-4239-b468-dace0bac4297	https://envipath.org/package/521c547a-fd2a-491c-ad5b-7eaa1577fb65/scenario/e3c359dc-3f2a-46a1-9c3b-2e592ca757a6	no description	https://envipath.org/package/521c547a-fd2a-491c-ad5b-7eaa1577fb65/pathway/c63453b6-0f55-4c78-8797-20d2152c9dcc	2																											
COC(=O)C1=C(C=CC=C1)C(=O)O	https://envipath.org/package/521c547a-fd2a-491c-ad5b-7eaa1577fb65/pathway/c63453b6-0f55-4c78-8797-20d2152c9dcc/node/fabc9b44-899f-4239-b468-dace0bac4297	https://envipath.org/package/521c547a-fd2a-491c-ad5b-7eaa1577fb65/scenario/3bc58431-af7c-4ecf-96f5-13f5a3207e65	no description	https://envipath.org/package/521c547a-fd2a-491c-ad5b-7eaa1577fb65/pathway/c63453b6-0f55-4c78-8797-20d2152c9dcc	2																											
COC(=O)C1=C(C=CC=C1)C(=O)O	https://envipath.org/package/521c547a-fd2a-491c-ad5b-7eaa1577fb65/pathway/c63453b6-0f55-4c78-8797-20d2152c9dcc/node/fabc9b44-899f-4239-b468-dace0bac4297	https://envipath.org/package/521c547a-fd2a-491c-ad5b-7eaa1577fb65/scenario/6afaa609-421e-447b-b14f-118e4bd6ab3f	no description	https://envipath.org/package/521c547a-fd2a-491c-ad5b-7eaa1577fb65/pathway/c63453b6-0f55-4c78-8797-20d2152c9dcc	2																											
COC(=O)C1=C(C=CC=C1)C(=O)OC	https://envipath.org/package/521c547a-fd2a-491c-ad5b-7eaa1577fb65/pathway/c63453b6-0f55-4c78-8797-20d2152c9dcc/node/8f6f5276-dbcc-4dfc-9406-61dc30975083	https://envipath.org/package/521c547a-fd2a-491c-ad5b-7eaa1577fb65/scenario/9a2b57ac-4ae5-404c-b30a-a7a9c7a3a7d3	no description	https://envipath.org/package/521c547a-fd2a-491c-ad5b-7eaa1577fb65/pathway/c63453b6-0f55-4c78-8797-20d2152c9dcc	1																	sorption corrected & abiotic degradation corrected										
COC(=O)C1=C(C=CC=C1)C(=O)OC	https://envipath.org/package/521c547a-fd2a-491c-ad5b-7eaa1577fb65/pathway/c63453b6-0f55-4c78-8797-20d2152c9dcc/node/8f6f5276-dbcc-4dfc-9406-61dc30975083	https://envipath.org/package/521c547a-fd2a-491c-ad5b-7eaa1577fb65/scenario/6f34f93b-1533-4ef1-80d5-fadb42f9d50d	no description	https://envipath.org/package/521c547a-fd2a-491c-ad5b-7eaa1577fb65/pathway/c63453b6-0f55-4c78-8797-20d2152c9dcc	1																	sorption corrected & abiotic degradation corrected										
COC(=O)C1=C(C=CC=C1)C(=O)OC	https://envipath.org/package/521c547a-fd2a-491c-ad5b-7eaa1577fb65/pathway/c63453b6-0f55-4c78-8797-20d2152c9dcc/node/8f6f5276-dbcc-4dfc-9406-61dc30975083	https://envipath.org/package/521c547a-fd2a-491c-ad5b-7eaa1577fb65/scenario/7054735f-8b96-49f6-8814-d073c896a5f9	no description	https://envipath.org/package/521c547a-fd2a-491c-ad5b-7eaa1577fb65/pathway/c63453b6-0f55-4c78-8797-20d2152c9dcc	1																	sorption corrected & abiotic degradation corrected										
CCC(=O)C(CC(C)N(C)C)(C1=CC=CC=C1)C2=CC=CC=C2	https://envipath.org/package/521c547a-fd2a-491c-ad5b-7eaa1577fb65/pathway/bd58277b-7a7b-4435-9e3e-ddc8ed948b8a/node/21c74932-3ac4-4c11-9628-281eb66d0d69	https://envipath.org/package/521c547a-fd2a-491c-ad5b-7eaa1577fb65/scenario/ffeae282-2042-4228-af0c-59a042713b14	no description	https://envipath.org/package/521c547a-fd2a-491c-ad5b-7eaa1577fb65/pathway/bd58277b-7a7b-4435-9e3e-ddc8ed948b8a	1																	sorption corrected & abiotic degradation corrected										
CCC(=O)C(CC(C)N(C)C)(C1=CC=CC=C1)C2=CC=CC=C2	https://envipath.org/package/521c547a-fd2a-491c-ad5b-7eaa1577fb65/pathway/bd58277b-7a7b-4435-9e3e-ddc8ed948b8a/node/21c74932-3ac4-4c11-9628-281eb66d0d69	https://envipath.org/package/521c547a-fd2a-491c-ad5b-7eaa1577fb65/scenario/eebc63f7-031f-474f-b1bd-0199a5c3bc33	no description	https://envipath.org/package/521c547a-fd2a-491c-ad5b-7eaa1577fb65/pathway/bd58277b-7a7b-4435-9e3e-ddc8ed948b8a	1																	sorption corrected & abiotic degradation corrected										
CCC(=O)C(CC(C)N(C)C)(C1=CC=CC=C1)C2=CC=CC=C2	https://envipath.org/package/521c547a-fd2a-491c-ad5b-7eaa1577fb65/pathway/bd58277b-7a7b-4435-9e3e-ddc8ed948b8a/node/21c74932-3ac4-4c11-9628-281eb66d0d69	https://envipath.org/package/521c547a-fd2a-491c-ad5b-7eaa1577fb65/scenario/c8f105c9-91b7-40dc-9c69-6138f86ea782	no description	https://envipath.org/package/521c547a-fd2a-491c-ad5b-7eaa1577fb65/pathway/bd58277b-7a7b-4435-9e3e-ddc8ed948b8a	1																	sorption corrected & abiotic degradation corrected										
CC(CC(C1=CC=CC=C1)(C2=CC=CC=C2)C(=O)CCO)N(C)C	https://envipath.org/package/521c547a-fd2a-491c-ad5b-7eaa1577fb65/pathway/bd58277b-7a7b-4435-9e3e-ddc8ed948b8a/node/f4c7cca3-992a-401e-beb3-3f97670a5d25	https://envipath.org/package/521c547a-fd2a-491c-ad5b-7eaa1577fb65/scenario/cd1c4aed-2020-4d98-afaa-ab6560788e7f	no description	https://envipath.org/package/521c547a-fd2a-491c-ad5b-7eaa1577fb65/pathway/bd58277b-7a7b-4435-9e3e-ddc8ed948b8a	3																											
CC(CC(C1=CC=CC=C1)(C2=CC=CC=C2)C(=O)CCO)N(C)C	https://envipath.org/package/521c547a-fd2a-491c-ad5b-7eaa1577fb65/pathway/bd58277b-7a7b-4435-9e3e-ddc8ed948b8a/node/f4c7cca3-992a-401e-beb3-3f97670a5d25	https://envipath.org/package/521c547a-fd2a-491c-ad5b-7eaa1577fb65/scenario/f80ef2db-4e20-4263-8d58-e35dc815d011	no description	https://envipath.org/package/521c547a-fd2a-491c-ad5b-7eaa1577fb65/pathway/bd58277b-7a7b-4435-9e3e-ddc8ed948b8a	3																											
CC(CC(C1=CC=CC=C1)(C2=CC=CC=C2)C(=O)CCO)N(C)C	https://envipath.org/package/521c547a-fd2a-491c-ad5b-7eaa1577fb65/pathway/bd58277b-7a7b-4435-9e3e-ddc8ed948b8a/node/f4c7cca3-992a-401e-beb3-3f97670a5d25	https://envipath.org/package/521c547a-fd2a-491c-ad5b-7eaa1577fb65/scenario/25ab0814-f261-4dd0-9098-932677b761f4	no description	https://envipath.org/package/521c547a-fd2a-491c-ad5b-7eaa1577fb65/pathway/bd58277b-7a7b-4435-9e3e-ddc8ed948b8a	3																											
CCC(C1=CC=CC=C1)(C(=O)N)C(=O)N	https://envipath.org/package/521c547a-fd2a-491c-ad5b-7eaa1577fb65/pathway/8611ab8a-9827-4e49-bdd0-ed22189786a6/node/47d511cd-6b25-401a-9c09-d0b49215c515	https://envipath.org/package/521c547a-fd2a-491c-ad5b-7eaa1577fb65/scenario/5bee1670-1169-4a41-9d95-2fe042b2ddae	no description	https://envipath.org/package/521c547a-fd2a-491c-ad5b-7eaa1577fb65/pathway/8611ab8a-9827-4e49-bdd0-ed22189786a6	1																	sorption corrected & abiotic degradation corrected										
CCC(C1=CC=CC=C1)(C(=O)N)C(=O)N	https://envipath.org/package/521c547a-fd2a-491c-ad5b-7eaa1577fb65/pathway/8611ab8a-9827-4e49-bdd0-ed22189786a6/node/47d511cd-6b25-401a-9c09-d0b49215c515	https://envipath.org/package/521c547a-fd2a-491c-ad5b-7eaa1577fb65/scenario/8042dfe6-9d97-431c-aedd-af86f1afe01f	no description	https://envipath.org/package/521c547a-fd2a-491c-ad5b-7eaa1577fb65/pathway/8611ab8a-9827-4e49-bdd0-ed22189786a6	1																	sorption corrected & abiotic degradation corrected										
CCC(C1=CC=CC=C1)(C(=O)N)C(=O)N	https://envipath.org/package/521c547a-fd2a-491c-ad5b-7eaa1577fb65/pathway/8611ab8a-9827-4e49-bdd0-ed22189786a6/node/47d511cd-6b25-401a-9c09-d0b49215c515	https://envipath.org/package/521c547a-fd2a-491c-ad5b-7eaa1577fb65/scenario/987cba53-f02e-4310-ba41-8c0d355d2a0a	no description	https://envipath.org/package/521c547a-fd2a-491c-ad5b-7eaa1577fb65/pathway/8611ab8a-9827-4e49-bdd0-ed22189786a6	1																	sorption corrected & abiotic degradation corrected										
C1=C(C=CC(=C1)F)C(=O)CC(CN2CCC(CC2)(C3=CC=C(C=C3)Cl)O)O	https://envipath.org/package/521c547a-fd2a-491c-ad5b-7eaa1577fb65/pathway/13161165-e93f-409d-b4c2-be9b9ad7db21/node/57caee87-0eb3-4318-8cb2-2e8f414fe35b	https://envipath.org/package/521c547a-fd2a-491c-ad5b-7eaa1577fb65/scenario/6d92e804-49dc-49b1-b1c6-28ffc35e2b84	no description	https://envipath.org/package/521c547a-fd2a-491c-ad5b-7eaa1577fb65/pathway/13161165-e93f-409d-b4c2-be9b9ad7db21	3																											
C1=C(C=CC(=C1)F)C(=O)CC(CN2CCC(CC2)(C3=CC=C(C=C3)Cl)O)O	https://envipath.org/package/521c547a-fd2a-491c-ad5b-7eaa1577fb65/pathway/13161165-e93f-409d-b4c2-be9b9ad7db21/node/57caee87-0eb3-4318-8cb2-2e8f414fe35b	https://envipath.org/package/521c547a-fd2a-491c-ad5b-7eaa1577fb65/scenario/4478a0f5-b9ff-49fb-8905-308ca9b641c9	no description	https://envipath.org/package/521c547a-fd2a-491c-ad5b-7eaa1577fb65/pathway/13161165-e93f-409d-b4c2-be9b9ad7db21	3																											
C1=C(C=CC(=C1)F)C(=O)CC(CN2CCC(CC2)(C3=CC=C(C=C3)Cl)O)O	https://envipath.org/package/521c547a-fd2a-491c-ad5b-7eaa1577fb65/pathway/13161165-e93f-409d-b4c2-be9b9ad7db21/node/57caee87-0eb3-4318-8cb2-2e8f414fe35b	https://envipath.org/package/521c547a-fd2a-491c-ad5b-7eaa1577fb65/scenario/655ee093-5334-4dc6-9683-efe4e2ebd392	no description	https://envipath.org/package/521c547a-fd2a-491c-ad5b-7eaa1577fb65/pathway/13161165-e93f-409d-b4c2-be9b9ad7db21	3																											
C(CC(=O)C1=CC=C(C=C1)F)CN2CCC(CC2)(C3=CC=C(C=C3)Cl)O	https://envipath.org/package/521c547a-fd2a-491c-ad5b-7eaa1577fb65/pathway/13161165-e93f-409d-b4c2-be9b9ad7db21/node/8034c9bd-04e6-473c-b0b4-096777287d09	https://envipath.org/package/521c547a-fd2a-491c-ad5b-7eaa1577fb65/scenario/522c2493-9c15-44b3-a5aa-e92bdc86aeef	no description	https://envipath.org/package/521c547a-fd2a-491c-ad5b-7eaa1577fb65/pathway/13161165-e93f-409d-b4c2-be9b9ad7db21	1																	sorption corrected & abiotic degradation corrected										
C(CC(=O)C1=CC=C(C=C1)F)CN2CCC(CC2)(C3=CC=C(C=C3)Cl)O	https://envipath.org/package/521c547a-fd2a-491c-ad5b-7eaa1577fb65/pathway/13161165-e93f-409d-b4c2-be9b9ad7db21/node/8034c9bd-04e6-473c-b0b4-096777287d09	https://envipath.org/package/521c547a-fd2a-491c-ad5b-7eaa1577fb65/scenario/efca632c-445a-44f3-8ba6-39e7a4225a50	no description	https://envipath.org/package/521c547a-fd2a-491c-ad5b-7eaa1577fb65/pathway/13161165-e93f-409d-b4c2-be9b9ad7db21	1																	sorption corrected & abiotic degradation corrected										
C(CC(=O)C1=CC=C(C=C1)F)CN2CCC(CC2)(C3=CC=C(C=C3)Cl)O	https://envipath.org/package/521c547a-fd2a-491c-ad5b-7eaa1577fb65/pathway/13161165-e93f-409d-b4c2-be9b9ad7db21/node/8034c9bd-04e6-473c-b0b4-096777287d09	https://envipath.org/package/521c547a-fd2a-491c-ad5b-7eaa1577fb65/scenario/e5ae2d7e-e4aa-4a24-baf2-5e6552547d86	no description	https://envipath.org/package/521c547a-fd2a-491c-ad5b-7eaa1577fb65/pathway/13161165-e93f-409d-b4c2-be9b9ad7db21	1																	sorption corrected & abiotic degradation corrected										
C1=C(C=CC(=C1)F)C(=O)C(CCN2CCC(CC2)(C3=CC=C(C=C3)Cl)O)O	https://envipath.org/package/521c547a-fd2a-491c-ad5b-7eaa1577fb65/pathway/13161165-e93f-409d-b4c2-be9b9ad7db21/node/07a236d6-2940-435b-bffd-81ceb1988f2b	https://envipath.org/package/521c547a-fd2a-491c-ad5b-7eaa1577fb65/scenario/6bf73258-f275-4d2c-b7ed-c75fedd19c2c	no description	https://envipath.org/package/521c547a-fd2a-491c-ad5b-7eaa1577fb65/pathway/13161165-e93f-409d-b4c2-be9b9ad7db21	3																											
C1=C(C=CC(=C1)F)C(=O)C(CCN2CCC(CC2)(C3=CC=C(C=C3)Cl)O)O	https://envipath.org/package/521c547a-fd2a-491c-ad5b-7eaa1577fb65/pathway/13161165-e93f-409d-b4c2-be9b9ad7db21/node/07a236d6-2940-435b-bffd-81ceb1988f2b	https://envipath.org/package/521c547a-fd2a-491c-ad5b-7eaa1577fb65/scenario/20769bb2-9571-471c-854a-a441b1b98784	no description	https://envipath.org/package/521c547a-fd2a-491c-ad5b-7eaa1577fb65/pathway/13161165-e93f-409d-b4c2-be9b9ad7db21	3																											
C1=C(C=CC(=C1)F)C(=O)C(CCN2CCC(CC2)(C3=CC=C(C=C3)Cl)O)O	https://envipath.org/package/521c547a-fd2a-491c-ad5b-7eaa1577fb65/pathway/13161165-e93f-409d-b4c2-be9b9ad7db21/node/07a236d6-2940-435b-bffd-81ceb1988f2b	https://envipath.org/package/521c547a-fd2a-491c-ad5b-7eaa1577fb65/scenario/4244dc74-cf61-4be9-a8ca-4c5a421e0ae9	no description	https://envipath.org/package/521c547a-fd2a-491c-ad5b-7eaa1577fb65/pathway/13161165-e93f-409d-b4c2-be9b9ad7db21	3																											
C(CC(=O)C1=CC=C(C=C1)F)CNCCC(CC=O)(C2=CC=C(C=C2)Cl)O	https://envipath.org/package/521c547a-fd2a-491c-ad5b-7eaa1577fb65/pathway/13161165-e93f-409d-b4c2-be9b9ad7db21/node/fdf58bb6-c998-4b8e-80ca-0da88d0cd8d1	https://envipath.org/package/521c547a-fd2a-491c-ad5b-7eaa1577fb65/scenario/2e0414fb-5812-4ca8-b848-23010e1268d9	no description	https://envipath.org/package/521c547a-fd2a-491c-ad5b-7eaa1577fb65/pathway/13161165-e93f-409d-b4c2-be9b9ad7db21	3																											
C(CC(=O)C1=CC=C(C=C1)F)CNCCC(CC=O)(C2=CC=C(C=C2)Cl)O	https://envipath.org/package/521c547a-fd2a-491c-ad5b-7eaa1577fb65/pathway/13161165-e93f-409d-b4c2-be9b9ad7db21/node/fdf58bb6-c998-4b8e-80ca-0da88d0cd8d1	https://envipath.org/package/521c547a-fd2a-491c-ad5b-7eaa1577fb65/scenario/920af732-afa7-4e49-9bd6-be2940f89667	no description	https://envipath.org/package/521c547a-fd2a-491c-ad5b-7eaa1577fb65/pathway/13161165-e93f-409d-b4c2-be9b9ad7db21	3																											
C(CC(=O)C1=CC=C(C=C1)F)CNCCC(CC=O)(C2=CC=C(C=C2)Cl)O	https://envipath.org/package/521c547a-fd2a-491c-ad5b-7eaa1577fb65/pathway/13161165-e93f-409d-b4c2-be9b9ad7db21/node/fdf58bb6-c998-4b8e-80ca-0da88d0cd8d1	https://envipath.org/package/521c547a-fd2a-491c-ad5b-7eaa1577fb65/scenario/f9409176-f714-4649-8cf6-f7facd0ad55d	no description	https://envipath.org/package/521c547a-fd2a-491c-ad5b-7eaa1577fb65/pathway/13161165-e93f-409d-b4c2-be9b9ad7db21	3																											
C1=C(C=CC(=C1)Cl)C2(CCNCC2)O	https://envipath.org/package/521c547a-fd2a-491c-ad5b-7eaa1577fb65/pathway/13161165-e93f-409d-b4c2-be9b9ad7db21/node/cf3c1ac6-8a02-4eb4-8dbc-e4956f35c924	https://envipath.org/package/521c547a-fd2a-491c-ad5b-7eaa1577fb65/scenario/115dc3f1-1bac-4e2a-8881-73fceae5da6d	no description	https://envipath.org/package/521c547a-fd2a-491c-ad5b-7eaa1577fb65/pathway/13161165-e93f-409d-b4c2-be9b9ad7db21	2																											
C1=C(C=CC(=C1)Cl)C2(CCNCC2)O	https://envipath.org/package/521c547a-fd2a-491c-ad5b-7eaa1577fb65/pathway/13161165-e93f-409d-b4c2-be9b9ad7db21/node/cf3c1ac6-8a02-4eb4-8dbc-e4956f35c924	https://envipath.org/package/521c547a-fd2a-491c-ad5b-7eaa1577fb65/scenario/7b719ebe-7a2e-44bc-8d91-fe6727935592	no description	https://envipath.org/package/521c547a-fd2a-491c-ad5b-7eaa1577fb65/pathway/13161165-e93f-409d-b4c2-be9b9ad7db21	2																											
C1=C(C=CC(=C1)Cl)C2(CCNCC2)O	https://envipath.org/package/521c547a-fd2a-491c-ad5b-7eaa1577fb65/pathway/13161165-e93f-409d-b4c2-be9b9ad7db21/node/cf3c1ac6-8a02-4eb4-8dbc-e4956f35c924	https://envipath.org/package/521c547a-fd2a-491c-ad5b-7eaa1577fb65/scenario/cd15f2e5-a6ad-485b-9c9c-247f010a4248	no description	https://envipath.org/package/521c547a-fd2a-491c-ad5b-7eaa1577fb65/pathway/13161165-e93f-409d-b4c2-be9b9ad7db21	2																											
C=C1CC23CC1(CCC2C4(C=CC(C(C)(C4C3C(=O)O)C(=O)O)O)O)O	https://envipath.org/package/521c547a-fd2a-491c-ad5b-7eaa1577fb65/pathway/7917efb6-b016-4d34-89c6-def3118fe67b/node/5758dbb2-e58a-47df-9a12-663bdb351a53	https://envipath.org/package/521c547a-fd2a-491c-ad5b-7eaa1577fb65/scenario/2603e590-9537-4817-966d-95e7af755402	no description	https://envipath.org/package/521c547a-fd2a-491c-ad5b-7eaa1577fb65/pathway/7917efb6-b016-4d34-89c6-def3118fe67b	2																											
C=C1CC23CC1(CCC2C4(C=CC(C(C)(C4C3C(=O)O)C(=O)O)O)O)O	https://envipath.org/package/521c547a-fd2a-491c-ad5b-7eaa1577fb65/pathway/7917efb6-b016-4d34-89c6-def3118fe67b/node/5758dbb2-e58a-47df-9a12-663bdb351a53	https://envipath.org/package/521c547a-fd2a-491c-ad5b-7eaa1577fb65/scenario/d61cb130-bc7e-4c35-8ac4-a7841985d225	no description	https://envipath.org/package/521c547a-fd2a-491c-ad5b-7eaa1577fb65/pathway/7917efb6-b016-4d34-89c6-def3118fe67b	2																											
C=C1CC23CC1(CCC2C4(C=CC(C(C)(C4C3C(=O)O)C(=O)O)O)O)O	https://envipath.org/package/521c547a-fd2a-491c-ad5b-7eaa1577fb65/pathway/7917efb6-b016-4d34-89c6-def3118fe67b/node/5758dbb2-e58a-47df-9a12-663bdb351a53	https://envipath.org/package/521c547a-fd2a-491c-ad5b-7eaa1577fb65/scenario/a3198f9f-5ec3-453d-a0ce-81e118ef11fa	no description	https://envipath.org/package/521c547a-fd2a-491c-ad5b-7eaa1577fb65/pathway/7917efb6-b016-4d34-89c6-def3118fe67b	2																											
C=C1CC23CC1(CCC2C45/C=C\C(=O)C(C)(C4C3C(=O)O)C(=O)O5)O	https://envipath.org/package/521c547a-fd2a-491c-ad5b-7eaa1577fb65/pathway/7917efb6-b016-4d34-89c6-def3118fe67b/node/5ce189fb-b198-47f7-9c86-4497db442ef9	https://envipath.org/package/521c547a-fd2a-491c-ad5b-7eaa1577fb65/scenario/23c17102-5789-4e35-9a29-02f5e3bc6b20	no description	https://envipath.org/package/521c547a-fd2a-491c-ad5b-7eaa1577fb65/pathway/7917efb6-b016-4d34-89c6-def3118fe67b	2																											
C=C1CC23CC1(CCC2C45/C=C\C(=O)C(C)(C4C3C(=O)O)C(=O)O5)O	https://envipath.org/package/521c547a-fd2a-491c-ad5b-7eaa1577fb65/pathway/7917efb6-b016-4d34-89c6-def3118fe67b/node/5ce189fb-b198-47f7-9c86-4497db442ef9	https://envipath.org/package/521c547a-fd2a-491c-ad5b-7eaa1577fb65/scenario/fbd2b7f5-9a71-4e3b-9f76-b6b3e4c7ea33	no description	https://envipath.org/package/521c547a-fd2a-491c-ad5b-7eaa1577fb65/pathway/7917efb6-b016-4d34-89c6-def3118fe67b	2																											
C=C1CC23CC1(CCC2C45/C=C\C(=O)C(C)(C4C3C(=O)O)C(=O)O5)O	https://envipath.org/package/521c547a-fd2a-491c-ad5b-7eaa1577fb65/pathway/7917efb6-b016-4d34-89c6-def3118fe67b/node/5ce189fb-b198-47f7-9c86-4497db442ef9	https://envipath.org/package/521c547a-fd2a-491c-ad5b-7eaa1577fb65/scenario/9ed3b3a7-1fce-45a1-a170-64ccb93e59b8	no description	https://envipath.org/package/521c547a-fd2a-491c-ad5b-7eaa1577fb65/pathway/7917efb6-b016-4d34-89c6-def3118fe67b	2																											
C=C1CC23CC1(CCC2C45C=CC(C(C)(C4C3C(=O)O)C(=O)O5)O)O	https://envipath.org/package/521c547a-fd2a-491c-ad5b-7eaa1577fb65/pathway/7917efb6-b016-4d34-89c6-def3118fe67b/node/5a3baafd-560e-4cad-a886-57c4d64821d3	https://envipath.org/package/521c547a-fd2a-491c-ad5b-7eaa1577fb65/scenario/7d91837e-3f08-4c52-8cd0-4a9331da7175	no description	https://envipath.org/package/521c547a-fd2a-491c-ad5b-7eaa1577fb65/pathway/7917efb6-b016-4d34-89c6-def3118fe67b	1																	sorption corrected & abiotic degradation corrected										
C=C1CC23CC1(CCC2C45C=CC(C(C)(C4C3C(=O)O)C(=O)O5)O)O	https://envipath.org/package/521c547a-fd2a-491c-ad5b-7eaa1577fb65/pathway/7917efb6-b016-4d34-89c6-def3118fe67b/node/5a3baafd-560e-4cad-a886-57c4d64821d3	https://envipath.org/package/521c547a-fd2a-491c-ad5b-7eaa1577fb65/scenario/243515b1-13c4-4e88-9ab9-ef28c7c9129f	no description	https://envipath.org/package/521c547a-fd2a-491c-ad5b-7eaa1577fb65/pathway/7917efb6-b016-4d34-89c6-def3118fe67b	1																	sorption corrected & abiotic degradation corrected										
C=C1CC23CC1(CCC2C45C=CC(C(C)(C4C3C(=O)O)C(=O)O5)O)O	https://envipath.org/package/521c547a-fd2a-491c-ad5b-7eaa1577fb65/pathway/7917efb6-b016-4d34-89c6-def3118fe67b/node/5a3baafd-560e-4cad-a886-57c4d64821d3	https://envipath.org/package/521c547a-fd2a-491c-ad5b-7eaa1577fb65/scenario/79d0e5c6-e20e-4c1a-8b43-f762d3dbd97f	no description	https://envipath.org/package/521c547a-fd2a-491c-ad5b-7eaa1577fb65/pathway/7917efb6-b016-4d34-89c6-def3118fe67b	1																	sorption corrected & abiotic degradation corrected										
C1=CC2=C(C=C1O)C(=CN2)CCN	https://envipath.org/package/521c547a-fd2a-491c-ad5b-7eaa1577fb65/pathway/67f59c8f-f546-4683-86c8-100c22e3acf1/node/f762053e-1418-4698-a4d4-e367e6f5d3f4	https://envipath.org/package/521c547a-fd2a-491c-ad5b-7eaa1577fb65/scenario/796d8f1a-40cb-4034-aaed-2c57076a3e3e	no description	https://envipath.org/package/521c547a-fd2a-491c-ad5b-7eaa1577fb65/pathway/67f59c8f-f546-4683-86c8-100c22e3acf1	1																	sorption corrected & abiotic degradation corrected										
C1=CC2=C(C=C1O)C(=CN2)CCN	https://envipath.org/package/521c547a-fd2a-491c-ad5b-7eaa1577fb65/pathway/67f59c8f-f546-4683-86c8-100c22e3acf1/node/f762053e-1418-4698-a4d4-e367e6f5d3f4	https://envipath.org/package/521c547a-fd2a-491c-ad5b-7eaa1577fb65/scenario/ed441269-6d21-4504-8d78-3c0fdaf012f8	no description	https://envipath.org/package/521c547a-fd2a-491c-ad5b-7eaa1577fb65/pathway/67f59c8f-f546-4683-86c8-100c22e3acf1	1																	sorption corrected & abiotic degradation corrected										
C1=CC2=C(C=C1O)C(=CN2)CCN	https://envipath.org/package/521c547a-fd2a-491c-ad5b-7eaa1577fb65/pathway/67f59c8f-f546-4683-86c8-100c22e3acf1/node/f762053e-1418-4698-a4d4-e367e6f5d3f4	https://envipath.org/package/521c547a-fd2a-491c-ad5b-7eaa1577fb65/scenario/cc591b95-d01e-4960-b68b-b1e0c55115b6	no description	https://envipath.org/package/521c547a-fd2a-491c-ad5b-7eaa1577fb65/pathway/67f59c8f-f546-4683-86c8-100c22e3acf1	1																	sorption corrected & abiotic degradation corrected										
CC(C)N(C1=CC=CC=C1)C(=O)CS(=O)(=O)O	https://envipath.org/package/521c547a-fd2a-491c-ad5b-7eaa1577fb65/pathway/9ad5eb32-1075-41ec-970a-f45a1e899aeb/node/654c5b88-c9b4-4249-8fec-af5443a7c627	https://envipath.org/package/521c547a-fd2a-491c-ad5b-7eaa1577fb65/scenario/aec9fe3f-3df1-49ff-93da-d558eb8d908f	no description	https://envipath.org/package/521c547a-fd2a-491c-ad5b-7eaa1577fb65/pathway/9ad5eb32-1075-41ec-970a-f45a1e899aeb	1																	sorption corrected & abiotic degradation corrected										
CC(C)N(C1=CC=CC=C1)C(=O)CS(=O)(=O)O	https://envipath.org/package/521c547a-fd2a-491c-ad5b-7eaa1577fb65/pathway/9ad5eb32-1075-41ec-970a-f45a1e899aeb/node/654c5b88-c9b4-4249-8fec-af5443a7c627	https://envipath.org/package/521c547a-fd2a-491c-ad5b-7eaa1577fb65/scenario/e253039c-2033-4f97-98ec-c70750d12d42	no description	https://envipath.org/package/521c547a-fd2a-491c-ad5b-7eaa1577fb65/pathway/9ad5eb32-1075-41ec-970a-f45a1e899aeb	1																	sorption corrected & abiotic degradation corrected										
CC(C)N(C1=CC=CC=C1)C(=O)CS(=O)(=O)O	https://envipath.org/package/521c547a-fd2a-491c-ad5b-7eaa1577fb65/pathway/9ad5eb32-1075-41ec-970a-f45a1e899aeb/node/654c5b88-c9b4-4249-8fec-af5443a7c627	https://envipath.org/package/521c547a-fd2a-491c-ad5b-7eaa1577fb65/scenario/aac380d6-e70b-4e97-a0c8-81d671cb0b87	no description	https://envipath.org/package/521c547a-fd2a-491c-ad5b-7eaa1577fb65/pathway/9ad5eb32-1075-41ec-970a-f45a1e899aeb	1																	sorption corrected & abiotic degradation corrected										
CC(C(=O)C1=CC=CC(=C1)Cl)NC(C)(C)C	https://envipath.org/package/521c547a-fd2a-491c-ad5b-7eaa1577fb65/pathway/8750c02a-c737-4376-8694-ce3775fbdf9a/node/371aaffb-2703-432e-b3cc-f365a3f52faf	https://envipath.org/package/521c547a-fd2a-491c-ad5b-7eaa1577fb65/scenario/59e43e38-4e72-4b57-808c-4fa4382c7ffc	no description	https://envipath.org/package/521c547a-fd2a-491c-ad5b-7eaa1577fb65/pathway/8750c02a-c737-4376-8694-ce3775fbdf9a	1																	sorption corrected & abiotic degradation corrected										
CC(C(=O)C1=CC=CC(=C1)Cl)NC(C)(C)C	https://envipath.org/package/521c547a-fd2a-491c-ad5b-7eaa1577fb65/pathway/8750c02a-c737-4376-8694-ce3775fbdf9a/node/371aaffb-2703-432e-b3cc-f365a3f52faf	https://envipath.org/package/521c547a-fd2a-491c-ad5b-7eaa1577fb65/scenario/56c05b92-97ba-4506-87a8-01050515c81e	no description	https://envipath.org/package/521c547a-fd2a-491c-ad5b-7eaa1577fb65/pathway/8750c02a-c737-4376-8694-ce3775fbdf9a	1																	sorption corrected & abiotic degradation corrected										
CC(C(=O)C1=CC=CC(=C1)Cl)NC(C)(C)C	https://envipath.org/package/521c547a-fd2a-491c-ad5b-7eaa1577fb65/pathway/8750c02a-c737-4376-8694-ce3775fbdf9a/node/371aaffb-2703-432e-b3cc-f365a3f52faf	https://envipath.org/package/521c547a-fd2a-491c-ad5b-7eaa1577fb65/scenario/689c610f-2d7b-4830-a2c2-2f6acedeae9c	no description	https://envipath.org/package/521c547a-fd2a-491c-ad5b-7eaa1577fb65/pathway/8750c02a-c737-4376-8694-ce3775fbdf9a	1																	sorption corrected & abiotic degradation corrected										
C1CCC2(CC1)CC(=O)NC2	https://envipath.org/package/521c547a-fd2a-491c-ad5b-7eaa1577fb65/pathway/3cac86f8-3387-44e4-84ca-4b9b7afcde51/node/7806930e-ffe0-44fb-95eb-2d84bbce8883	https://envipath.org/package/521c547a-fd2a-491c-ad5b-7eaa1577fb65/scenario/f8bcb9a0-1a27-4b1f-bec4-a31172312ad1	no description	https://envipath.org/package/521c547a-fd2a-491c-ad5b-7eaa1577fb65/pathway/3cac86f8-3387-44e4-84ca-4b9b7afcde51	1																	sorption corrected & abiotic degradation corrected										
C1CCC2(CC1)CC(=O)NC2	https://envipath.org/package/521c547a-fd2a-491c-ad5b-7eaa1577fb65/pathway/3cac86f8-3387-44e4-84ca-4b9b7afcde51/node/7806930e-ffe0-44fb-95eb-2d84bbce8883	https://envipath.org/package/521c547a-fd2a-491c-ad5b-7eaa1577fb65/scenario/e09cd4b2-eadf-4a72-a39e-875453a317bc	no description	https://envipath.org/package/521c547a-fd2a-491c-ad5b-7eaa1577fb65/pathway/3cac86f8-3387-44e4-84ca-4b9b7afcde51	1																	sorption corrected & abiotic degradation corrected										
C1CCC2(CC1)CC(=O)NC2	https://envipath.org/package/521c547a-fd2a-491c-ad5b-7eaa1577fb65/pathway/3cac86f8-3387-44e4-84ca-4b9b7afcde51/node/7806930e-ffe0-44fb-95eb-2d84bbce8883	https://envipath.org/package/521c547a-fd2a-491c-ad5b-7eaa1577fb65/scenario/94491b01-79e4-4b21-bcae-babe333ff5b1	no description	https://envipath.org/package/521c547a-fd2a-491c-ad5b-7eaa1577fb65/pathway/3cac86f8-3387-44e4-84ca-4b9b7afcde51	1																	sorption corrected & abiotic degradation corrected										
COC1=CC=CC(=C1O)OC	https://envipath.org/package/521c547a-fd2a-491c-ad5b-7eaa1577fb65/pathway/2753a36c-82a0-461d-906b-92c9764e4f2e/node/d2032705-87c3-4f01-b5b2-e3d2f4571bfe	https://envipath.org/package/521c547a-fd2a-491c-ad5b-7eaa1577fb65/scenario/f46dd4aa-c656-40f0-9d5e-1f6e6cc5e68e	no description	https://envipath.org/package/521c547a-fd2a-491c-ad5b-7eaa1577fb65/pathway/2753a36c-82a0-461d-906b-92c9764e4f2e	1																	sorption corrected & abiotic degradation corrected										
COC1=CC=CC(=C1O)OC	https://envipath.org/package/521c547a-fd2a-491c-ad5b-7eaa1577fb65/pathway/2753a36c-82a0-461d-906b-92c9764e4f2e/node/d2032705-87c3-4f01-b5b2-e3d2f4571bfe	https://envipath.org/package/521c547a-fd2a-491c-ad5b-7eaa1577fb65/scenario/c581c422-6e48-4e35-8101-5752efd6c520	no description	https://envipath.org/package/521c547a-fd2a-491c-ad5b-7eaa1577fb65/pathway/2753a36c-82a0-461d-906b-92c9764e4f2e	1																	sorption corrected & abiotic degradation corrected										
COC1=CC=CC(=C1O)OC	https://envipath.org/package/521c547a-fd2a-491c-ad5b-7eaa1577fb65/pathway/2753a36c-82a0-461d-906b-92c9764e4f2e/node/d2032705-87c3-4f01-b5b2-e3d2f4571bfe	https://envipath.org/package/521c547a-fd2a-491c-ad5b-7eaa1577fb65/scenario/0067f359-b383-490c-bfae-a93f4c5debd4	no description	https://envipath.org/package/521c547a-fd2a-491c-ad5b-7eaa1577fb65/pathway/2753a36c-82a0-461d-906b-92c9764e4f2e	1																	sorption corrected & abiotic degradation corrected										
CC1=C(C(=C(C(=C1)Cl)O)O)OC(C)C(=O)O	https://envipath.org/package/521c547a-fd2a-491c-ad5b-7eaa1577fb65/pathway/a16c423b-35a2-4aa0-810f-2c1e47e508c8/node/7d4f21e9-8b11-4b63-b8ae-033bb28e3f68	https://envipath.org/package/521c547a-fd2a-491c-ad5b-7eaa1577fb65/scenario/8964b9b9-70f3-460e-bf66-0e150e7e0c46	no description	https://envipath.org/package/521c547a-fd2a-491c-ad5b-7eaa1577fb65/pathway/a16c423b-35a2-4aa0-810f-2c1e47e508c8	4																											
CC1=C(C(=C(C(=C1)Cl)O)O)OC(C)C(=O)O	https://envipath.org/package/521c547a-fd2a-491c-ad5b-7eaa1577fb65/pathway/a16c423b-35a2-4aa0-810f-2c1e47e508c8/node/7d4f21e9-8b11-4b63-b8ae-033bb28e3f68	https://envipath.org/package/521c547a-fd2a-491c-ad5b-7eaa1577fb65/scenario/ec109b6b-6236-4531-a50b-f74c84f54c4b	no description	https://envipath.org/package/521c547a-fd2a-491c-ad5b-7eaa1577fb65/pathway/a16c423b-35a2-4aa0-810f-2c1e47e508c8	4																											
CC1=C(C(=C(C(=C1)Cl)O)O)OC(C)C(=O)O	https://envipath.org/package/521c547a-fd2a-491c-ad5b-7eaa1577fb65/pathway/a16c423b-35a2-4aa0-810f-2c1e47e508c8/node/7d4f21e9-8b11-4b63-b8ae-033bb28e3f68	https://envipath.org/package/521c547a-fd2a-491c-ad5b-7eaa1577fb65/scenario/9c35a91e-c09d-459b-a3b2-cf63598ed4ff	no description	https://envipath.org/package/521c547a-fd2a-491c-ad5b-7eaa1577fb65/pathway/a16c423b-35a2-4aa0-810f-2c1e47e508c8	4																											
CC(C(=O)O)OC1=CC=C(C=C1CO)Cl	https://envipath.org/package/521c547a-fd2a-491c-ad5b-7eaa1577fb65/pathway/a16c423b-35a2-4aa0-810f-2c1e47e508c8/node/2e77d907-8140-4b33-abcc-0820d399f595	https://envipath.org/package/521c547a-fd2a-491c-ad5b-7eaa1577fb65/scenario/10557e3b-bd42-4b2c-97ea-5fd9e68e2e65	no description	https://envipath.org/package/521c547a-fd2a-491c-ad5b-7eaa1577fb65/pathway/a16c423b-35a2-4aa0-810f-2c1e47e508c8	4																											
CC(C(=O)O)OC1=CC=C(C=C1CO)Cl	https://envipath.org/package/521c547a-fd2a-491c-ad5b-7eaa1577fb65/pathway/a16c423b-35a2-4aa0-810f-2c1e47e508c8/node/2e77d907-8140-4b33-abcc-0820d399f595	https://envipath.org/package/521c547a-fd2a-491c-ad5b-7eaa1577fb65/scenario/b55462a8-bd04-41d5-8d53-77389e0d3a0e	no description	https://envipath.org/package/521c547a-fd2a-491c-ad5b-7eaa1577fb65/pathway/a16c423b-35a2-4aa0-810f-2c1e47e508c8	4																											
CC(C(=O)O)OC1=CC=C(C=C1CO)Cl	https://envipath.org/package/521c547a-fd2a-491c-ad5b-7eaa1577fb65/pathway/a16c423b-35a2-4aa0-810f-2c1e47e508c8/node/2e77d907-8140-4b33-abcc-0820d399f595	https://envipath.org/package/521c547a-fd2a-491c-ad5b-7eaa1577fb65/scenario/fd3894ff-8250-4ada-9000-82270f45c61e	no description	https://envipath.org/package/521c547a-fd2a-491c-ad5b-7eaa1577fb65/pathway/a16c423b-35a2-4aa0-810f-2c1e47e508c8	4																											
CC1=C(C=CC=C1)OC(C)C(=O)O	https://envipath.org/package/521c547a-fd2a-491c-ad5b-7eaa1577fb65/pathway/a16c423b-35a2-4aa0-810f-2c1e47e508c8/node/076541a7-8b50-44db-b1c4-3160cc03bd82	https://envipath.org/package/521c547a-fd2a-491c-ad5b-7eaa1577fb65/scenario/2deacce6-6bed-4c31-b8f0-7b3feeed428a	no description	https://envipath.org/package/521c547a-fd2a-491c-ad5b-7eaa1577fb65/pathway/a16c423b-35a2-4aa0-810f-2c1e47e508c8	2																											
CC1=C(C=CC=C1)OC(C)C(=O)O	https://envipath.org/package/521c547a-fd2a-491c-ad5b-7eaa1577fb65/pathway/a16c423b-35a2-4aa0-810f-2c1e47e508c8/node/076541a7-8b50-44db-b1c4-3160cc03bd82	https://envipath.org/package/521c547a-fd2a-491c-ad5b-7eaa1577fb65/scenario/37a2d956-0cac-4b87-a8ee-106c0af7f0d8	no description	https://envipath.org/package/521c547a-fd2a-491c-ad5b-7eaa1577fb65/pathway/a16c423b-35a2-4aa0-810f-2c1e47e508c8	2																											
CC1=C(C=CC=C1)OC(C)C(=O)O	https://envipath.org/package/521c547a-fd2a-491c-ad5b-7eaa1577fb65/pathway/a16c423b-35a2-4aa0-810f-2c1e47e508c8/node/076541a7-8b50-44db-b1c4-3160cc03bd82	https://envipath.org/package/521c547a-fd2a-491c-ad5b-7eaa1577fb65/scenario/c3bbbd3b-75c6-461d-aba7-723fa6085383	no description	https://envipath.org/package/521c547a-fd2a-491c-ad5b-7eaa1577fb65/pathway/a16c423b-35a2-4aa0-810f-2c1e47e508c8	2																											
CC1=CC(=CC=C1OC(C)C(=O)O)Cl	https://envipath.org/package/521c547a-fd2a-491c-ad5b-7eaa1577fb65/pathway/a16c423b-35a2-4aa0-810f-2c1e47e508c8/node/72323053-a72b-46c0-90ce-695ad49036ff	https://envipath.org/package/521c547a-fd2a-491c-ad5b-7eaa1577fb65/scenario/bd379bc0-6c8d-4b30-a92e-dfb7d7c061f0	no description	https://envipath.org/package/521c547a-fd2a-491c-ad5b-7eaa1577fb65/pathway/a16c423b-35a2-4aa0-810f-2c1e47e508c8	1																	sorption corrected & abiotic degradation corrected										
CC1=CC(=CC=C1OC(C)C(=O)O)Cl	https://envipath.org/package/521c547a-fd2a-491c-ad5b-7eaa1577fb65/pathway/a16c423b-35a2-4aa0-810f-2c1e47e508c8/node/72323053-a72b-46c0-90ce-695ad49036ff	https://envipath.org/package/521c547a-fd2a-491c-ad5b-7eaa1577fb65/scenario/e8b8275a-40ea-4cd4-8fd8-699c08a67138	no description	https://envipath.org/package/521c547a-fd2a-491c-ad5b-7eaa1577fb65/pathway/a16c423b-35a2-4aa0-810f-2c1e47e508c8	1																	sorption corrected & abiotic degradation corrected										
CC1=CC(=CC=C1OC(C)C(=O)O)Cl	https://envipath.org/package/521c547a-fd2a-491c-ad5b-7eaa1577fb65/pathway/a16c423b-35a2-4aa0-810f-2c1e47e508c8/node/72323053-a72b-46c0-90ce-695ad49036ff	https://envipath.org/package/521c547a-fd2a-491c-ad5b-7eaa1577fb65/scenario/044b00f5-6379-4194-9a33-4facb666a62f	no description	https://envipath.org/package/521c547a-fd2a-491c-ad5b-7eaa1577fb65/pathway/a16c423b-35a2-4aa0-810f-2c1e47e508c8	1																	sorption corrected & abiotic degradation corrected										
CNCC/C=C/1\C2=C(C=CC=C2)CCC3=C1C=CC=C3	https://envipath.org/package/521c547a-fd2a-491c-ad5b-7eaa1577fb65/pathway/6f369c3c-ef96-4125-96b3-2864feff9bfb/node/907dc925-31a2-485d-aa2b-3836b8602c2c	https://envipath.org/package/521c547a-fd2a-491c-ad5b-7eaa1577fb65/scenario/0246e5c9-d9d1-4820-9b24-fb6b7050043f	no description	https://envipath.org/package/521c547a-fd2a-491c-ad5b-7eaa1577fb65/pathway/6f369c3c-ef96-4125-96b3-2864feff9bfb	2																											
CNCC/C=C/1\C2=C(C=CC=C2)CCC3=C1C=CC=C3	https://envipath.org/package/521c547a-fd2a-491c-ad5b-7eaa1577fb65/pathway/6f369c3c-ef96-4125-96b3-2864feff9bfb/node/907dc925-31a2-485d-aa2b-3836b8602c2c	https://envipath.org/package/521c547a-fd2a-491c-ad5b-7eaa1577fb65/scenario/ac3ad9e0-a8a0-45b4-a996-1633310fb2a0	no description	https://envipath.org/package/521c547a-fd2a-491c-ad5b-7eaa1577fb65/pathway/6f369c3c-ef96-4125-96b3-2864feff9bfb	2																											
CNCC/C=C/1\C2=C(C=CC=C2)CCC3=C1C=CC=C3	https://envipath.org/package/521c547a-fd2a-491c-ad5b-7eaa1577fb65/pathway/6f369c3c-ef96-4125-96b3-2864feff9bfb/node/907dc925-31a2-485d-aa2b-3836b8602c2c	https://envipath.org/package/521c547a-fd2a-491c-ad5b-7eaa1577fb65/scenario/4ce03609-031a-4fa1-b0b9-9efc391aed32	no description	https://envipath.org/package/521c547a-fd2a-491c-ad5b-7eaa1577fb65/pathway/6f369c3c-ef96-4125-96b3-2864feff9bfb	2																											
CN(C)CC(/C=C/1\C2=C(C=CC=C2)CCC3=C1C=CC=C3)O	https://envipath.org/package/521c547a-fd2a-491c-ad5b-7eaa1577fb65/pathway/6f369c3c-ef96-4125-96b3-2864feff9bfb/node/1451ff76-5f96-45cf-9e85-605368e67f90	https://envipath.org/package/521c547a-fd2a-491c-ad5b-7eaa1577fb65/scenario/000ecaf2-a7ba-4864-928b-e0bb7db5bd36	no description	https://envipath.org/package/521c547a-fd2a-491c-ad5b-7eaa1577fb65/pathway/6f369c3c-ef96-4125-96b3-2864feff9bfb	3																											
CN(C)CC(/C=C/1\C2=C(C=CC=C2)CCC3=C1C=CC=C3)O	https://envipath.org/package/521c547a-fd2a-491c-ad5b-7eaa1577fb65/pathway/6f369c3c-ef96-4125-96b3-2864feff9bfb/node/1451ff76-5f96-45cf-9e85-605368e67f90	https://envipath.org/package/521c547a-fd2a-491c-ad5b-7eaa1577fb65/scenario/3232942e-d56a-45fd-8f67-5e82501b99bd	no description	https://envipath.org/package/521c547a-fd2a-491c-ad5b-7eaa1577fb65/pathway/6f369c3c-ef96-4125-96b3-2864feff9bfb	3																											
CN(C)CC(/C=C/1\C2=C(C=CC=C2)CCC3=C1C=CC=C3)O	https://envipath.org/package/521c547a-fd2a-491c-ad5b-7eaa1577fb65/pathway/6f369c3c-ef96-4125-96b3-2864feff9bfb/node/1451ff76-5f96-45cf-9e85-605368e67f90	https://envipath.org/package/521c547a-fd2a-491c-ad5b-7eaa1577fb65/scenario/ae9ccb85-6449-46c7-9c3d-c9bcbfafc0af	no description	https://envipath.org/package/521c547a-fd2a-491c-ad5b-7eaa1577fb65/pathway/6f369c3c-ef96-4125-96b3-2864feff9bfb	3																											
CN(C)C(C/C=C/1\C2=C(C=CC=C2)CCC3=C1C=CC=C3)O	https://envipath.org/package/521c547a-fd2a-491c-ad5b-7eaa1577fb65/pathway/6f369c3c-ef96-4125-96b3-2864feff9bfb/node/ada1bba3-8e71-43ea-97c9-2746c2f7725a	https://envipath.org/package/521c547a-fd2a-491c-ad5b-7eaa1577fb65/scenario/0b684ffe-0015-4883-a442-9714eefa6006	no description	https://envipath.org/package/521c547a-fd2a-491c-ad5b-7eaa1577fb65/pathway/6f369c3c-ef96-4125-96b3-2864feff9bfb	3																											
CN(C)C(C/C=C/1\C2=C(C=CC=C2)CCC3=C1C=CC=C3)O	https://envipath.org/package/521c547a-fd2a-491c-ad5b-7eaa1577fb65/pathway/6f369c3c-ef96-4125-96b3-2864feff9bfb/node/ada1bba3-8e71-43ea-97c9-2746c2f7725a	https://envipath.org/package/521c547a-fd2a-491c-ad5b-7eaa1577fb65/scenario/29868031-4f85-447a-9f73-7eb9dd884333	no description	https://envipath.org/package/521c547a-fd2a-491c-ad5b-7eaa1577fb65/pathway/6f369c3c-ef96-4125-96b3-2864feff9bfb	3																											
CN(C)C(C/C=C/1\C2=C(C=CC=C2)CCC3=C1C=CC=C3)O	https://envipath.org/package/521c547a-fd2a-491c-ad5b-7eaa1577fb65/pathway/6f369c3c-ef96-4125-96b3-2864feff9bfb/node/ada1bba3-8e71-43ea-97c9-2746c2f7725a	https://envipath.org/package/521c547a-fd2a-491c-ad5b-7eaa1577fb65/scenario/11c697ae-7f96-4672-80b0-46f6289eee3e	no description	https://envipath.org/package/521c547a-fd2a-491c-ad5b-7eaa1577fb65/pathway/6f369c3c-ef96-4125-96b3-2864feff9bfb	3																											
CN(C)CC/C=C/1\C2=C(C=CC=C2)CCC3=C1C=CC=C3	https://envipath.org/package/521c547a-fd2a-491c-ad5b-7eaa1577fb65/pathway/6f369c3c-ef96-4125-96b3-2864feff9bfb/node/70dc6a9e-9b4d-4566-8744-d10272c693f7	https://envipath.org/package/521c547a-fd2a-491c-ad5b-7eaa1577fb65/scenario/aafc69d8-5fe2-4307-b4b7-081d26b37080	no description	https://envipath.org/package/521c547a-fd2a-491c-ad5b-7eaa1577fb65/pathway/6f369c3c-ef96-4125-96b3-2864feff9bfb	1																	sorption corrected & abiotic degradation corrected										
CN(C)CC/C=C/1\C2=C(C=CC=C2)CCC3=C1C=CC=C3	https://envipath.org/package/521c547a-fd2a-491c-ad5b-7eaa1577fb65/pathway/6f369c3c-ef96-4125-96b3-2864feff9bfb/node/70dc6a9e-9b4d-4566-8744-d10272c693f7	https://envipath.org/package/521c547a-fd2a-491c-ad5b-7eaa1577fb65/scenario/8f0a6e4d-deeb-48e2-81ed-8cc391343e90	no description	https://envipath.org/package/521c547a-fd2a-491c-ad5b-7eaa1577fb65/pathway/6f369c3c-ef96-4125-96b3-2864feff9bfb	1																	sorption corrected & abiotic degradation corrected										
CN(C)CC/C=C/1\C2=C(C=CC=C2)CCC3=C1C=CC=C3	https://envipath.org/package/521c547a-fd2a-491c-ad5b-7eaa1577fb65/pathway/6f369c3c-ef96-4125-96b3-2864feff9bfb/node/70dc6a9e-9b4d-4566-8744-d10272c693f7	https://envipath.org/package/521c547a-fd2a-491c-ad5b-7eaa1577fb65/scenario/9dfe1737-326b-4a8b-a148-3db215f34633	no description	https://envipath.org/package/521c547a-fd2a-491c-ad5b-7eaa1577fb65/pathway/6f369c3c-ef96-4125-96b3-2864feff9bfb	1																	sorption corrected & abiotic degradation corrected										
CN(C)CC/C=C\1/C2=C(C=CC=C2)CC(C3=C1C=CC=C3)O	https://envipath.org/package/521c547a-fd2a-491c-ad5b-7eaa1577fb65/pathway/6f369c3c-ef96-4125-96b3-2864feff9bfb/node/0e149901-93fe-402e-8da1-04b1cc78d569	https://envipath.org/package/521c547a-fd2a-491c-ad5b-7eaa1577fb65/scenario/4bcd34d1-4d94-43bf-aa03-2d7b07b166b8	no description	https://envipath.org/package/521c547a-fd2a-491c-ad5b-7eaa1577fb65/pathway/6f369c3c-ef96-4125-96b3-2864feff9bfb	3																											
CN(C)CC/C=C\1/C2=C(C=CC=C2)CC(C3=C1C=CC=C3)O	https://envipath.org/package/521c547a-fd2a-491c-ad5b-7eaa1577fb65/pathway/6f369c3c-ef96-4125-96b3-2864feff9bfb/node/0e149901-93fe-402e-8da1-04b1cc78d569	https://envipath.org/package/521c547a-fd2a-491c-ad5b-7eaa1577fb65/scenario/26e06dd6-e9f8-4ca4-b8ad-7067a7de58b6	no description	https://envipath.org/package/521c547a-fd2a-491c-ad5b-7eaa1577fb65/pathway/6f369c3c-ef96-4125-96b3-2864feff9bfb	3																											
CN(C)CC/C=C\1/C2=C(C=CC=C2)CC(C3=C1C=CC=C3)O	https://envipath.org/package/521c547a-fd2a-491c-ad5b-7eaa1577fb65/pathway/6f369c3c-ef96-4125-96b3-2864feff9bfb/node/0e149901-93fe-402e-8da1-04b1cc78d569	https://envipath.org/package/521c547a-fd2a-491c-ad5b-7eaa1577fb65/scenario/1124c332-44ab-4a2a-8660-2d81298140e0	no description	https://envipath.org/package/521c547a-fd2a-491c-ad5b-7eaa1577fb65/pathway/6f369c3c-ef96-4125-96b3-2864feff9bfb	3																											
CC1=CC(=O)C(C(=O)C)C(=O)O1	https://envipath.org/package/521c547a-fd2a-491c-ad5b-7eaa1577fb65/pathway/bd73f9db-baca-40c7-bfb9-4f276b0cec4c/node/e029c9e2-15bd-48a8-b04c-c83fb36d2bf7	https://envipath.org/package/521c547a-fd2a-491c-ad5b-7eaa1577fb65/scenario/b0f02544-f895-4528-bfbd-aa0ebba2fb9f	no description	https://envipath.org/package/521c547a-fd2a-491c-ad5b-7eaa1577fb65/pathway/bd73f9db-baca-40c7-bfb9-4f276b0cec4c	1																	sorption corrected & abiotic degradation corrected										
CC1=CC(=O)C(C(=O)C)C(=O)O1	https://envipath.org/package/521c547a-fd2a-491c-ad5b-7eaa1577fb65/pathway/bd73f9db-baca-40c7-bfb9-4f276b0cec4c/node/e029c9e2-15bd-48a8-b04c-c83fb36d2bf7	https://envipath.org/package/521c547a-fd2a-491c-ad5b-7eaa1577fb65/scenario/3c087b20-750d-47e7-82af-9ff9bd8359f3	no description	https://envipath.org/package/521c547a-fd2a-491c-ad5b-7eaa1577fb65/pathway/bd73f9db-baca-40c7-bfb9-4f276b0cec4c	1																	sorption corrected & abiotic degradation corrected										
CC1=CC(=O)C(C(=O)C)C(=O)O1	https://envipath.org/package/521c547a-fd2a-491c-ad5b-7eaa1577fb65/pathway/bd73f9db-baca-40c7-bfb9-4f276b0cec4c/node/e029c9e2-15bd-48a8-b04c-c83fb36d2bf7	https://envipath.org/package/521c547a-fd2a-491c-ad5b-7eaa1577fb65/scenario/fff22801-8b37-48f0-b84b-38fd3d9ec5cc	no description	https://envipath.org/package/521c547a-fd2a-491c-ad5b-7eaa1577fb65/pathway/bd73f9db-baca-40c7-bfb9-4f276b0cec4c	1																	sorption corrected & abiotic degradation corrected										
CN1C(=O)CC(C2=CC=CC=C2)C1=O	https://envipath.org/package/521c547a-fd2a-491c-ad5b-7eaa1577fb65/pathway/5da0a1a5-0bae-493c-a34e-3c096c54c333/node/cf31957c-455c-4e16-a943-f7ed9e4a4e0f	https://envipath.org/package/521c547a-fd2a-491c-ad5b-7eaa1577fb65/scenario/5f4a0b0a-fc29-405c-90ff-d43a9bd0668a	no description	https://envipath.org/package/521c547a-fd2a-491c-ad5b-7eaa1577fb65/pathway/5da0a1a5-0bae-493c-a34e-3c096c54c333	1																	sorption corrected & abiotic degradation corrected										
CN1C(=O)CC(C2=CC=CC=C2)C1=O	https://envipath.org/package/521c547a-fd2a-491c-ad5b-7eaa1577fb65/pathway/5da0a1a5-0bae-493c-a34e-3c096c54c333/node/cf31957c-455c-4e16-a943-f7ed9e4a4e0f	https://envipath.org/package/521c547a-fd2a-491c-ad5b-7eaa1577fb65/scenario/3561746c-040d-4221-b31b-4d86a3026c50	no description	https://envipath.org/package/521c547a-fd2a-491c-ad5b-7eaa1577fb65/pathway/5da0a1a5-0bae-493c-a34e-3c096c54c333	1																	sorption corrected & abiotic degradation corrected										
CN1C(=O)CC(C2=CC=CC=C2)C1=O	https://envipath.org/package/521c547a-fd2a-491c-ad5b-7eaa1577fb65/pathway/5da0a1a5-0bae-493c-a34e-3c096c54c333/node/cf31957c-455c-4e16-a943-f7ed9e4a4e0f	https://envipath.org/package/521c547a-fd2a-491c-ad5b-7eaa1577fb65/scenario/9e968bab-6104-4bab-99b8-502b68211a7b	no description	https://envipath.org/package/521c547a-fd2a-491c-ad5b-7eaa1577fb65/pathway/5da0a1a5-0bae-493c-a34e-3c096c54c333	1																	sorption corrected & abiotic degradation corrected										
C=CC(=O)NC(C)(C)CS(=O)(=O)O	https://envipath.org/package/521c547a-fd2a-491c-ad5b-7eaa1577fb65/pathway/636957c6-42b6-4dc1-b67a-e1f938a8f365/node/c7b6d6b8-38a1-4f02-91b9-eb5e9751f125	https://envipath.org/package/521c547a-fd2a-491c-ad5b-7eaa1577fb65/scenario/1a73c90d-f3e6-4f40-ac4d-c21792598938	no description	https://envipath.org/package/521c547a-fd2a-491c-ad5b-7eaa1577fb65/pathway/636957c6-42b6-4dc1-b67a-e1f938a8f365	1																	sorption corrected & abiotic degradation corrected										
C=CC(=O)NC(C)(C)CS(=O)(=O)O	https://envipath.org/package/521c547a-fd2a-491c-ad5b-7eaa1577fb65/pathway/636957c6-42b6-4dc1-b67a-e1f938a8f365/node/c7b6d6b8-38a1-4f02-91b9-eb5e9751f125	https://envipath.org/package/521c547a-fd2a-491c-ad5b-7eaa1577fb65/scenario/f61ec9ec-172b-424c-965a-3bd9166110a3	no description	https://envipath.org/package/521c547a-fd2a-491c-ad5b-7eaa1577fb65/pathway/636957c6-42b6-4dc1-b67a-e1f938a8f365	1																	sorption corrected & abiotic degradation corrected										
C=CC(=O)NC(C)(C)CS(=O)(=O)O	https://envipath.org/package/521c547a-fd2a-491c-ad5b-7eaa1577fb65/pathway/636957c6-42b6-4dc1-b67a-e1f938a8f365/node/c7b6d6b8-38a1-4f02-91b9-eb5e9751f125	https://envipath.org/package/521c547a-fd2a-491c-ad5b-7eaa1577fb65/scenario/0f7d9033-a32f-4dce-a971-5dee928d5dc6	no description	https://envipath.org/package/521c547a-fd2a-491c-ad5b-7eaa1577fb65/pathway/636957c6-42b6-4dc1-b67a-e1f938a8f365	1																	sorption corrected & abiotic degradation corrected										
COC(=O)C1CCC(CC1)C(=O)OC	https://envipath.org/package/521c547a-fd2a-491c-ad5b-7eaa1577fb65/pathway/ca7d1094-bd5e-4d32-9721-a5e96f70bf61/node/668024f3-113c-4c27-b92f-e70503d7957b	https://envipath.org/package/521c547a-fd2a-491c-ad5b-7eaa1577fb65/scenario/434fedc9-8eb0-42bd-9a27-74e1640f8383	no description	https://envipath.org/package/521c547a-fd2a-491c-ad5b-7eaa1577fb65/pathway/ca7d1094-bd5e-4d32-9721-a5e96f70bf61	1																	sorption corrected & abiotic degradation corrected										
COC(=O)C1CCC(CC1)C(=O)OC	https://envipath.org/package/521c547a-fd2a-491c-ad5b-7eaa1577fb65/pathway/ca7d1094-bd5e-4d32-9721-a5e96f70bf61/node/668024f3-113c-4c27-b92f-e70503d7957b	https://envipath.org/package/521c547a-fd2a-491c-ad5b-7eaa1577fb65/scenario/c304b9b5-4e8e-4da9-9ffb-2ec7050f9337	no description	https://envipath.org/package/521c547a-fd2a-491c-ad5b-7eaa1577fb65/pathway/ca7d1094-bd5e-4d32-9721-a5e96f70bf61	1																	sorption corrected & abiotic degradation corrected										
COC(=O)C1CCC(CC1)C(=O)OC	https://envipath.org/package/521c547a-fd2a-491c-ad5b-7eaa1577fb65/pathway/ca7d1094-bd5e-4d32-9721-a5e96f70bf61/node/668024f3-113c-4c27-b92f-e70503d7957b	https://envipath.org/package/521c547a-fd2a-491c-ad5b-7eaa1577fb65/scenario/c798e10e-4734-4242-aecf-826ca168c580	no description	https://envipath.org/package/521c547a-fd2a-491c-ad5b-7eaa1577fb65/pathway/ca7d1094-bd5e-4d32-9721-a5e96f70bf61	1																	sorption corrected & abiotic degradation corrected										
COC(=O)C1CCC(CC1)C(=O)O	https://envipath.org/package/521c547a-fd2a-491c-ad5b-7eaa1577fb65/pathway/ca7d1094-bd5e-4d32-9721-a5e96f70bf61/node/1f98b4b3-f3b5-477b-b506-1657a73c9887	https://envipath.org/package/521c547a-fd2a-491c-ad5b-7eaa1577fb65/scenario/6b602407-d2d1-46f0-94d2-cfb729eea151	no description	https://envipath.org/package/521c547a-fd2a-491c-ad5b-7eaa1577fb65/pathway/ca7d1094-bd5e-4d32-9721-a5e96f70bf61	2																											
COC(=O)C1CCC(CC1)C(=O)O	https://envipath.org/package/521c547a-fd2a-491c-ad5b-7eaa1577fb65/pathway/ca7d1094-bd5e-4d32-9721-a5e96f70bf61/node/1f98b4b3-f3b5-477b-b506-1657a73c9887	https://envipath.org/package/521c547a-fd2a-491c-ad5b-7eaa1577fb65/scenario/daf6b1a5-aa6f-4a40-add6-e719cf8b165b	no description	https://envipath.org/package/521c547a-fd2a-491c-ad5b-7eaa1577fb65/pathway/ca7d1094-bd5e-4d32-9721-a5e96f70bf61	2																											
COC(=O)C1CCC(CC1)C(=O)O	https://envipath.org/package/521c547a-fd2a-491c-ad5b-7eaa1577fb65/pathway/ca7d1094-bd5e-4d32-9721-a5e96f70bf61/node/1f98b4b3-f3b5-477b-b506-1657a73c9887	https://envipath.org/package/521c547a-fd2a-491c-ad5b-7eaa1577fb65/scenario/d26102ff-d1f9-4eff-b7c6-c0a0ba29a5fc	no description	https://envipath.org/package/521c547a-fd2a-491c-ad5b-7eaa1577fb65/pathway/ca7d1094-bd5e-4d32-9721-a5e96f70bf61	2																											
CCOC(=O)C1=C(C=CC=C1)C(=O)O	https://envipath.org/package/521c547a-fd2a-491c-ad5b-7eaa1577fb65/pathway/05e37325-0e72-4a7c-8a3d-8e8210450fc2/node/f7087f49-eec1-4c1f-885a-b9bd9e9b6894	https://envipath.org/package/521c547a-fd2a-491c-ad5b-7eaa1577fb65/scenario/0544e7bd-009e-4b2a-9791-79d3721fcdad	no description	https://envipath.org/package/521c547a-fd2a-491c-ad5b-7eaa1577fb65/pathway/05e37325-0e72-4a7c-8a3d-8e8210450fc2	2																											
CCOC(=O)C1=C(C=CC=C1)C(=O)O	https://envipath.org/package/521c547a-fd2a-491c-ad5b-7eaa1577fb65/pathway/05e37325-0e72-4a7c-8a3d-8e8210450fc2/node/f7087f49-eec1-4c1f-885a-b9bd9e9b6894	https://envipath.org/package/521c547a-fd2a-491c-ad5b-7eaa1577fb65/scenario/19812c99-dcad-49c2-85fb-05543e6cd417	no description	https://envipath.org/package/521c547a-fd2a-491c-ad5b-7eaa1577fb65/pathway/05e37325-0e72-4a7c-8a3d-8e8210450fc2	2																											
CCOC(=O)C1=C(C=CC=C1)C(=O)O	https://envipath.org/package/521c547a-fd2a-491c-ad5b-7eaa1577fb65/pathway/05e37325-0e72-4a7c-8a3d-8e8210450fc2/node/f7087f49-eec1-4c1f-885a-b9bd9e9b6894	https://envipath.org/package/521c547a-fd2a-491c-ad5b-7eaa1577fb65/scenario/0e566c6f-a782-4abc-89d6-b023dfb41d11	no description	https://envipath.org/package/521c547a-fd2a-491c-ad5b-7eaa1577fb65/pathway/05e37325-0e72-4a7c-8a3d-8e8210450fc2	2																											
CCOC(=O)C1=C(C=CC=C1)C(=O)OCC	https://envipath.org/package/521c547a-fd2a-491c-ad5b-7eaa1577fb65/pathway/05e37325-0e72-4a7c-8a3d-8e8210450fc2/node/44b8a619-5572-4c8c-a3af-530cc1259788	https://envipath.org/package/521c547a-fd2a-491c-ad5b-7eaa1577fb65/scenario/4ea7b4b4-e91c-4e31-a0a7-3ba4a3c4698f	no description	https://envipath.org/package/521c547a-fd2a-491c-ad5b-7eaa1577fb65/pathway/05e37325-0e72-4a7c-8a3d-8e8210450fc2	1																	sorption corrected & abiotic degradation corrected										
CCOC(=O)C1=C(C=CC=C1)C(=O)OCC	https://envipath.org/package/521c547a-fd2a-491c-ad5b-7eaa1577fb65/pathway/05e37325-0e72-4a7c-8a3d-8e8210450fc2/node/44b8a619-5572-4c8c-a3af-530cc1259788	https://envipath.org/package/521c547a-fd2a-491c-ad5b-7eaa1577fb65/scenario/56ae70a4-2182-4ff7-bd05-a28db5aeafae	no description	https://envipath.org/package/521c547a-fd2a-491c-ad5b-7eaa1577fb65/pathway/05e37325-0e72-4a7c-8a3d-8e8210450fc2	1																	sorption corrected & abiotic degradation corrected										
CCOC(=O)C1=C(C=CC=C1)C(=O)OCC	https://envipath.org/package/521c547a-fd2a-491c-ad5b-7eaa1577fb65/pathway/05e37325-0e72-4a7c-8a3d-8e8210450fc2/node/44b8a619-5572-4c8c-a3af-530cc1259788	https://envipath.org/package/521c547a-fd2a-491c-ad5b-7eaa1577fb65/scenario/8db461f0-4637-41e8-a53e-7b26341d5ddc	no description	https://envipath.org/package/521c547a-fd2a-491c-ad5b-7eaa1577fb65/pathway/05e37325-0e72-4a7c-8a3d-8e8210450fc2	1																	sorption corrected & abiotic degradation corrected										
CCOC(=O)C1=CC=CC(=C1C(=O)OCC)O	https://envipath.org/package/521c547a-fd2a-491c-ad5b-7eaa1577fb65/pathway/05e37325-0e72-4a7c-8a3d-8e8210450fc2/node/5fe3f49e-7fa3-420c-89f7-abddf87b0a64	https://envipath.org/package/521c547a-fd2a-491c-ad5b-7eaa1577fb65/scenario/46c90e1b-3814-4b1c-9a3a-72abe24fb0fe	no description	https://envipath.org/package/521c547a-fd2a-491c-ad5b-7eaa1577fb65/pathway/05e37325-0e72-4a7c-8a3d-8e8210450fc2	3																											
CCOC(=O)C1=CC=CC(=C1C(=O)OCC)O	https://envipath.org/package/521c547a-fd2a-491c-ad5b-7eaa1577fb65/pathway/05e37325-0e72-4a7c-8a3d-8e8210450fc2/node/5fe3f49e-7fa3-420c-89f7-abddf87b0a64	https://envipath.org/package/521c547a-fd2a-491c-ad5b-7eaa1577fb65/scenario/f5024ecb-435f-4be3-94d3-8afd37572bde	no description	https://envipath.org/package/521c547a-fd2a-491c-ad5b-7eaa1577fb65/pathway/05e37325-0e72-4a7c-8a3d-8e8210450fc2	3																											
CCOC(=O)C1=CC=CC(=C1C(=O)OCC)O	https://envipath.org/package/521c547a-fd2a-491c-ad5b-7eaa1577fb65/pathway/05e37325-0e72-4a7c-8a3d-8e8210450fc2/node/5fe3f49e-7fa3-420c-89f7-abddf87b0a64	https://envipath.org/package/521c547a-fd2a-491c-ad5b-7eaa1577fb65/scenario/fb2929ea-1851-404d-92b5-2eb25d48b361	no description	https://envipath.org/package/521c547a-fd2a-491c-ad5b-7eaa1577fb65/pathway/05e37325-0e72-4a7c-8a3d-8e8210450fc2	3																											
CC1=CC=C(C=C1OCCCC(C)(C)C(=O)O)CO	https://envipath.org/package/521c547a-fd2a-491c-ad5b-7eaa1577fb65/pathway/cd3ffa2b-fbde-49fd-a3a7-52e02264f389/node/e2333fa5-f970-4577-987e-f59e3d01fba6	https://envipath.org/package/521c547a-fd2a-491c-ad5b-7eaa1577fb65/scenario/887906b5-7c55-46b3-90a5-c00d6ef091b8	no description	https://envipath.org/package/521c547a-fd2a-491c-ad5b-7eaa1577fb65/pathway/cd3ffa2b-fbde-49fd-a3a7-52e02264f389	3																											
CC1=CC=C(C=C1OCCCC(C)(C)C(=O)O)CO	https://envipath.org/package/521c547a-fd2a-491c-ad5b-7eaa1577fb65/pathway/cd3ffa2b-fbde-49fd-a3a7-52e02264f389/node/e2333fa5-f970-4577-987e-f59e3d01fba6	https://envipath.org/package/521c547a-fd2a-491c-ad5b-7eaa1577fb65/scenario/f4d6abda-3b14-4be3-a5ff-891f721cf408	no description	https://envipath.org/package/521c547a-fd2a-491c-ad5b-7eaa1577fb65/pathway/cd3ffa2b-fbde-49fd-a3a7-52e02264f389	3																											
CC1=CC=C(C=C1OCCCC(C)(C)C(=O)O)CO	https://envipath.org/package/521c547a-fd2a-491c-ad5b-7eaa1577fb65/pathway/cd3ffa2b-fbde-49fd-a3a7-52e02264f389/node/e2333fa5-f970-4577-987e-f59e3d01fba6	https://envipath.org/package/521c547a-fd2a-491c-ad5b-7eaa1577fb65/scenario/3ce48ffa-4982-4da7-8d98-e8d53dafcb13	no description	https://envipath.org/package/521c547a-fd2a-491c-ad5b-7eaa1577fb65/pathway/cd3ffa2b-fbde-49fd-a3a7-52e02264f389	3																											
CC1=CC=C(C)C(=C1)OCCCC(C)(C)C(=O)O	https://envipath.org/package/521c547a-fd2a-491c-ad5b-7eaa1577fb65/pathway/cd3ffa2b-fbde-49fd-a3a7-52e02264f389/node/9d56eda4-2185-4f0d-9b34-fdc02cbd65a1	https://envipath.org/package/521c547a-fd2a-491c-ad5b-7eaa1577fb65/scenario/87ecea23-a791-45bb-b34c-d8dc4388df93	no description	https://envipath.org/package/521c547a-fd2a-491c-ad5b-7eaa1577fb65/pathway/cd3ffa2b-fbde-49fd-a3a7-52e02264f389	1																	sorption corrected & abiotic degradation corrected										
CC1=CC=C(C)C(=C1)OCCCC(C)(C)C(=O)O	https://envipath.org/package/521c547a-fd2a-491c-ad5b-7eaa1577fb65/pathway/cd3ffa2b-fbde-49fd-a3a7-52e02264f389/node/9d56eda4-2185-4f0d-9b34-fdc02cbd65a1	https://envipath.org/package/521c547a-fd2a-491c-ad5b-7eaa1577fb65/scenario/292d9024-1c10-4338-8e9b-4378f3b0de22	no description	https://envipath.org/package/521c547a-fd2a-491c-ad5b-7eaa1577fb65/pathway/cd3ffa2b-fbde-49fd-a3a7-52e02264f389	1																	sorption corrected & abiotic degradation corrected										
CC1=CC=C(C)C(=C1)OCCCC(C)(C)C(=O)O	https://envipath.org/package/521c547a-fd2a-491c-ad5b-7eaa1577fb65/pathway/cd3ffa2b-fbde-49fd-a3a7-52e02264f389/node/9d56eda4-2185-4f0d-9b34-fdc02cbd65a1	https://envipath.org/package/521c547a-fd2a-491c-ad5b-7eaa1577fb65/scenario/8f6a5997-aac0-41f3-9505-9959c0afe4fd	no description	https://envipath.org/package/521c547a-fd2a-491c-ad5b-7eaa1577fb65/pathway/cd3ffa2b-fbde-49fd-a3a7-52e02264f389	1																	sorption corrected & abiotic degradation corrected										
CC1=CC=C(CO)C(=C1)OCCCC(C)(C)C(=O)O	https://envipath.org/package/521c547a-fd2a-491c-ad5b-7eaa1577fb65/pathway/cd3ffa2b-fbde-49fd-a3a7-52e02264f389/node/4cb58e7d-a202-4cdf-b31c-585a95257110	https://envipath.org/package/521c547a-fd2a-491c-ad5b-7eaa1577fb65/scenario/2feae33c-1bf7-475b-b7bf-4d1b93af20c7	no description	https://envipath.org/package/521c547a-fd2a-491c-ad5b-7eaa1577fb65/pathway/cd3ffa2b-fbde-49fd-a3a7-52e02264f389	2																											
CC1=CC=C(CO)C(=C1)OCCCC(C)(C)C(=O)O	https://envipath.org/package/521c547a-fd2a-491c-ad5b-7eaa1577fb65/pathway/cd3ffa2b-fbde-49fd-a3a7-52e02264f389/node/4cb58e7d-a202-4cdf-b31c-585a95257110	https://envipath.org/package/521c547a-fd2a-491c-ad5b-7eaa1577fb65/scenario/a6fc241e-b64c-44a0-9817-466152d147c2	no description	https://envipath.org/package/521c547a-fd2a-491c-ad5b-7eaa1577fb65/pathway/cd3ffa2b-fbde-49fd-a3a7-52e02264f389	2																											
CC1=CC=C(CO)C(=C1)OCCCC(C)(C)C(=O)O	https://envipath.org/package/521c547a-fd2a-491c-ad5b-7eaa1577fb65/pathway/cd3ffa2b-fbde-49fd-a3a7-52e02264f389/node/4cb58e7d-a202-4cdf-b31c-585a95257110	https://envipath.org/package/521c547a-fd2a-491c-ad5b-7eaa1577fb65/scenario/e0cc65fa-709a-4e6e-8e47-41f9e5055fb2	no description	https://envipath.org/package/521c547a-fd2a-491c-ad5b-7eaa1577fb65/pathway/cd3ffa2b-fbde-49fd-a3a7-52e02264f389	2																											
CC1=CC(=CC=C1OCC(=O)O)Cl	https://envipath.org/package/521c547a-fd2a-491c-ad5b-7eaa1577fb65/pathway/b5c9ffd8-0657-4700-a404-7bcaa94ba838/node/e534d0bb-ae98-4c3e-9470-6937751fce71	https://envipath.org/package/521c547a-fd2a-491c-ad5b-7eaa1577fb65/scenario/d13fd23d-c95d-40c9-9771-a1d518820197	no description	https://envipath.org/package/521c547a-fd2a-491c-ad5b-7eaa1577fb65/pathway/b5c9ffd8-0657-4700-a404-7bcaa94ba838	1																	sorption corrected & abiotic degradation corrected										
CC1=CC(=CC=C1OCC(=O)O)Cl	https://envipath.org/package/521c547a-fd2a-491c-ad5b-7eaa1577fb65/pathway/b5c9ffd8-0657-4700-a404-7bcaa94ba838/node/e534d0bb-ae98-4c3e-9470-6937751fce71	https://envipath.org/package/521c547a-fd2a-491c-ad5b-7eaa1577fb65/scenario/8cb2c3ab-2d99-4a01-9410-bcf469c25640	no description	https://envipath.org/package/521c547a-fd2a-491c-ad5b-7eaa1577fb65/pathway/b5c9ffd8-0657-4700-a404-7bcaa94ba838	1																	sorption corrected & abiotic degradation corrected										
CC1=CC(=CC=C1OCC(=O)O)Cl	https://envipath.org/package/521c547a-fd2a-491c-ad5b-7eaa1577fb65/pathway/b5c9ffd8-0657-4700-a404-7bcaa94ba838/node/e534d0bb-ae98-4c3e-9470-6937751fce71	https://envipath.org/package/521c547a-fd2a-491c-ad5b-7eaa1577fb65/scenario/c3f2951c-deb3-4994-929e-e00e704fea14	no description	https://envipath.org/package/521c547a-fd2a-491c-ad5b-7eaa1577fb65/pathway/b5c9ffd8-0657-4700-a404-7bcaa94ba838	1																	sorption corrected & abiotic degradation corrected										
CC(C)(C)NCC(=O)C1=CC=C(C(=C1)CO)O	https://envipath.org/package/521c547a-fd2a-491c-ad5b-7eaa1577fb65/pathway/a9f43134-2427-4419-998a-f3757bf590e8/node/133d57f6-592d-4082-a38b-43c2dd2032fc	https://envipath.org/package/521c547a-fd2a-491c-ad5b-7eaa1577fb65/scenario/a3cea3ca-73c4-417e-8dea-d92f27a8082f	no description	https://envipath.org/package/521c547a-fd2a-491c-ad5b-7eaa1577fb65/pathway/a9f43134-2427-4419-998a-f3757bf590e8	2																											
CC(C)(C)NCC(=O)C1=CC=C(C(=C1)CO)O	https://envipath.org/package/521c547a-fd2a-491c-ad5b-7eaa1577fb65/pathway/a9f43134-2427-4419-998a-f3757bf590e8/node/133d57f6-592d-4082-a38b-43c2dd2032fc	https://envipath.org/package/521c547a-fd2a-491c-ad5b-7eaa1577fb65/scenario/dd8aa847-6c2f-47ca-a483-d427632f87a8	no description	https://envipath.org/package/521c547a-fd2a-491c-ad5b-7eaa1577fb65/pathway/a9f43134-2427-4419-998a-f3757bf590e8	2																											
CC(C)(C)NCC(=O)C1=CC=C(C(=C1)CO)O	https://envipath.org/package/521c547a-fd2a-491c-ad5b-7eaa1577fb65/pathway/a9f43134-2427-4419-998a-f3757bf590e8/node/133d57f6-592d-4082-a38b-43c2dd2032fc	https://envipath.org/package/521c547a-fd2a-491c-ad5b-7eaa1577fb65/scenario/8c49e702-0c41-44fe-838e-74d0c1f350cd	no description	https://envipath.org/package/521c547a-fd2a-491c-ad5b-7eaa1577fb65/pathway/a9f43134-2427-4419-998a-f3757bf590e8	2																											
CC(C)(C)NCC(C1=CC=C(C(=C1)C=O)O)O	https://envipath.org/package/521c547a-fd2a-491c-ad5b-7eaa1577fb65/pathway/a9f43134-2427-4419-998a-f3757bf590e8/node/c11ef3ce-62ae-46e7-9c8a-9c5b86d6811b	https://envipath.org/package/521c547a-fd2a-491c-ad5b-7eaa1577fb65/scenario/4e710b4d-0534-4853-91b1-1016a89ef961	no description	https://envipath.org/package/521c547a-fd2a-491c-ad5b-7eaa1577fb65/pathway/a9f43134-2427-4419-998a-f3757bf590e8	2																											
CC(C)(C)NCC(C1=CC=C(C(=C1)C=O)O)O	https://envipath.org/package/521c547a-fd2a-491c-ad5b-7eaa1577fb65/pathway/a9f43134-2427-4419-998a-f3757bf590e8/node/c11ef3ce-62ae-46e7-9c8a-9c5b86d6811b	https://envipath.org/package/521c547a-fd2a-491c-ad5b-7eaa1577fb65/scenario/c3b931fc-a2e1-48ed-b089-fea2898e755a	no description	https://envipath.org/package/521c547a-fd2a-491c-ad5b-7eaa1577fb65/pathway/a9f43134-2427-4419-998a-f3757bf590e8	2																											
CC(C)(C)NCC(C1=CC=C(C(=C1)C=O)O)O	https://envipath.org/package/521c547a-fd2a-491c-ad5b-7eaa1577fb65/pathway/a9f43134-2427-4419-998a-f3757bf590e8/node/c11ef3ce-62ae-46e7-9c8a-9c5b86d6811b	https://envipath.org/package/521c547a-fd2a-491c-ad5b-7eaa1577fb65/scenario/8fdc745d-ddb6-459e-8856-830c608d2583	no description	https://envipath.org/package/521c547a-fd2a-491c-ad5b-7eaa1577fb65/pathway/a9f43134-2427-4419-998a-f3757bf590e8	2																											
CC(C)(C)NCC(C1=CC=C(C(=C1)CO)O)O	https://envipath.org/package/521c547a-fd2a-491c-ad5b-7eaa1577fb65/pathway/a9f43134-2427-4419-998a-f3757bf590e8/node/c83ebd46-a2b5-43e9-867c-fdc3577156be	https://envipath.org/package/521c547a-fd2a-491c-ad5b-7eaa1577fb65/scenario/274f24b1-6a64-4bd8-9803-731047fa9366	no description	https://envipath.org/package/521c547a-fd2a-491c-ad5b-7eaa1577fb65/pathway/a9f43134-2427-4419-998a-f3757bf590e8	1																	sorption corrected & abiotic degradation corrected										
CC(C)(C)NCC(C1=CC=C(C(=C1)CO)O)O	https://envipath.org/package/521c547a-fd2a-491c-ad5b-7eaa1577fb65/pathway/a9f43134-2427-4419-998a-f3757bf590e8/node/c83ebd46-a2b5-43e9-867c-fdc3577156be	https://envipath.org/package/521c547a-fd2a-491c-ad5b-7eaa1577fb65/scenario/9a7b0963-302b-4f19-a1ad-89ae312463e7	no description	https://envipath.org/package/521c547a-fd2a-491c-ad5b-7eaa1577fb65/pathway/a9f43134-2427-4419-998a-f3757bf590e8	1																	sorption corrected & abiotic degradation corrected										
CC(C)(C)NCC(C1=CC=C(C(=C1)CO)O)O	https://envipath.org/package/521c547a-fd2a-491c-ad5b-7eaa1577fb65/pathway/a9f43134-2427-4419-998a-f3757bf590e8/node/c83ebd46-a2b5-43e9-867c-fdc3577156be	https://envipath.org/package/521c547a-fd2a-491c-ad5b-7eaa1577fb65/scenario/6f049240-69d2-4f42-9591-8f400512ed77	no description	https://envipath.org/package/521c547a-fd2a-491c-ad5b-7eaa1577fb65/pathway/a9f43134-2427-4419-998a-f3757bf590e8	1																	sorption corrected & abiotic degradation corrected										
C1=C(C=C(C(=C1)OCC(=O)O)Cl)Cl	https://envipath.org/package/521c547a-fd2a-491c-ad5b-7eaa1577fb65/pathway/dfb64cf3-4abc-4824-b00b-28cd2fc62ac4/node/675226e2-6460-4d9f-8a34-73df2725097e	https://envipath.org/package/521c547a-fd2a-491c-ad5b-7eaa1577fb65/scenario/5360503b-3738-4e7d-b978-1aba482e607d	no description	https://envipath.org/package/521c547a-fd2a-491c-ad5b-7eaa1577fb65/pathway/dfb64cf3-4abc-4824-b00b-28cd2fc62ac4	1																	sorption corrected & abiotic degradation corrected										
C1=C(C=C(C(=C1)OCC(=O)O)Cl)Cl	https://envipath.org/package/521c547a-fd2a-491c-ad5b-7eaa1577fb65/pathway/dfb64cf3-4abc-4824-b00b-28cd2fc62ac4/node/675226e2-6460-4d9f-8a34-73df2725097e	https://envipath.org/package/521c547a-fd2a-491c-ad5b-7eaa1577fb65/scenario/96d5e32c-3db4-4132-bf8e-4e248df79ea1	no description	https://envipath.org/package/521c547a-fd2a-491c-ad5b-7eaa1577fb65/pathway/dfb64cf3-4abc-4824-b00b-28cd2fc62ac4	1																	sorption corrected & abiotic degradation corrected										
C1=C(C=C(C(=C1)OCC(=O)O)Cl)Cl	https://envipath.org/package/521c547a-fd2a-491c-ad5b-7eaa1577fb65/pathway/dfb64cf3-4abc-4824-b00b-28cd2fc62ac4/node/675226e2-6460-4d9f-8a34-73df2725097e	https://envipath.org/package/521c547a-fd2a-491c-ad5b-7eaa1577fb65/scenario/dbf6e96b-f333-43ef-a3a8-dbb1fb83fa45	no description	https://envipath.org/package/521c547a-fd2a-491c-ad5b-7eaa1577fb65/pathway/dfb64cf3-4abc-4824-b00b-28cd2fc62ac4	1																	sorption corrected & abiotic degradation corrected										
C1=CC2=C(C=C1)OC(=O)C=C2	https://envipath.org/package/521c547a-fd2a-491c-ad5b-7eaa1577fb65/pathway/33f9030c-c16a-449f-8cfb-909ff300ed5b/node/a164a20a-144d-49f5-8e88-f29e19f8ba27	https://envipath.org/package/521c547a-fd2a-491c-ad5b-7eaa1577fb65/scenario/2ef2fd64-8b77-49dd-81b1-070a0ca9ff5b	no description	https://envipath.org/package/521c547a-fd2a-491c-ad5b-7eaa1577fb65/pathway/33f9030c-c16a-449f-8cfb-909ff300ed5b	1																	sorption corrected & abiotic degradation corrected										
C1=CC2=C(C=C1)OC(=O)C=C2	https://envipath.org/package/521c547a-fd2a-491c-ad5b-7eaa1577fb65/pathway/33f9030c-c16a-449f-8cfb-909ff300ed5b/node/a164a20a-144d-49f5-8e88-f29e19f8ba27	https://envipath.org/package/521c547a-fd2a-491c-ad5b-7eaa1577fb65/scenario/906f394a-1399-4afa-80e6-0dcd85067539	no description	https://envipath.org/package/521c547a-fd2a-491c-ad5b-7eaa1577fb65/pathway/33f9030c-c16a-449f-8cfb-909ff300ed5b	1																	sorption corrected & abiotic degradation corrected										
C1=CC2=C(C=C1)OC(=O)C=C2	https://envipath.org/package/521c547a-fd2a-491c-ad5b-7eaa1577fb65/pathway/33f9030c-c16a-449f-8cfb-909ff300ed5b/node/a164a20a-144d-49f5-8e88-f29e19f8ba27	https://envipath.org/package/521c547a-fd2a-491c-ad5b-7eaa1577fb65/scenario/0fc82aad-7c7a-435e-b102-650f6ad4d998	no description	https://envipath.org/package/521c547a-fd2a-491c-ad5b-7eaa1577fb65/pathway/33f9030c-c16a-449f-8cfb-909ff300ed5b	1																	sorption corrected & abiotic degradation corrected										
CCOC(=O)CC(C(=O)OCC)SP(=O)(O)OC	https://envipath.org/package/521c547a-fd2a-491c-ad5b-7eaa1577fb65/pathway/037296b1-aa64-4143-89d9-f47e35cf1b6e/node/038e03e3-b60e-4579-b402-fd7dc7242a20	https://envipath.org/package/521c547a-fd2a-491c-ad5b-7eaa1577fb65/scenario/8883727a-5c95-41eb-9bf4-204b7db44742	no description	https://envipath.org/package/521c547a-fd2a-491c-ad5b-7eaa1577fb65/pathway/037296b1-aa64-4143-89d9-f47e35cf1b6e	2																											
CCOC(=O)CC(C(=O)OCC)SP(=O)(O)OC	https://envipath.org/package/521c547a-fd2a-491c-ad5b-7eaa1577fb65/pathway/037296b1-aa64-4143-89d9-f47e35cf1b6e/node/038e03e3-b60e-4579-b402-fd7dc7242a20	https://envipath.org/package/521c547a-fd2a-491c-ad5b-7eaa1577fb65/scenario/17065aeb-2252-4305-8104-641bdfb78a7b	no description	https://envipath.org/package/521c547a-fd2a-491c-ad5b-7eaa1577fb65/pathway/037296b1-aa64-4143-89d9-f47e35cf1b6e	2																											
CCOC(=O)CC(C(=O)OCC)SP(=O)(O)OC	https://envipath.org/package/521c547a-fd2a-491c-ad5b-7eaa1577fb65/pathway/037296b1-aa64-4143-89d9-f47e35cf1b6e/node/038e03e3-b60e-4579-b402-fd7dc7242a20	https://envipath.org/package/521c547a-fd2a-491c-ad5b-7eaa1577fb65/scenario/2ce844b5-0ef2-496a-b2e9-600a3271573e	no description	https://envipath.org/package/521c547a-fd2a-491c-ad5b-7eaa1577fb65/pathway/037296b1-aa64-4143-89d9-f47e35cf1b6e	2																											
CCOC(=O)CC(C(=O)OCC)SP(=O)(OC)OC	https://envipath.org/package/521c547a-fd2a-491c-ad5b-7eaa1577fb65/pathway/037296b1-aa64-4143-89d9-f47e35cf1b6e/node/07007d7c-2eee-4909-ab8e-6118e6af6b27	https://envipath.org/package/521c547a-fd2a-491c-ad5b-7eaa1577fb65/scenario/f47876e6-d2e7-4848-8877-8bd25a509ad5	no description	https://envipath.org/package/521c547a-fd2a-491c-ad5b-7eaa1577fb65/pathway/037296b1-aa64-4143-89d9-f47e35cf1b6e	1																	sorption corrected & abiotic degradation corrected										
CCOC(=O)CC(C(=O)OCC)SP(=O)(OC)OC	https://envipath.org/package/521c547a-fd2a-491c-ad5b-7eaa1577fb65/pathway/037296b1-aa64-4143-89d9-f47e35cf1b6e/node/07007d7c-2eee-4909-ab8e-6118e6af6b27	https://envipath.org/package/521c547a-fd2a-491c-ad5b-7eaa1577fb65/scenario/5ccf69ce-b750-494c-96ec-4b7d9454564a	no description	https://envipath.org/package/521c547a-fd2a-491c-ad5b-7eaa1577fb65/pathway/037296b1-aa64-4143-89d9-f47e35cf1b6e	1																	sorption corrected & abiotic degradation corrected										
CCOC(=O)CC(C(=O)OCC)SP(=O)(OC)OC	https://envipath.org/package/521c547a-fd2a-491c-ad5b-7eaa1577fb65/pathway/037296b1-aa64-4143-89d9-f47e35cf1b6e/node/07007d7c-2eee-4909-ab8e-6118e6af6b27	https://envipath.org/package/521c547a-fd2a-491c-ad5b-7eaa1577fb65/scenario/88bb1dc2-6701-41fb-bcd3-7c1eac4c7adf	no description	https://envipath.org/package/521c547a-fd2a-491c-ad5b-7eaa1577fb65/pathway/037296b1-aa64-4143-89d9-f47e35cf1b6e	1																	sorption corrected & abiotic degradation corrected										
CCOC(=O)CC(C(=O)O)SP(=O)(OC)OC	https://envipath.org/package/521c547a-fd2a-491c-ad5b-7eaa1577fb65/pathway/037296b1-aa64-4143-89d9-f47e35cf1b6e/node/a384b8ef-1078-4533-8576-8cb753145994	https://envipath.org/package/521c547a-fd2a-491c-ad5b-7eaa1577fb65/scenario/0cf2a913-668e-41c3-980b-d69615df99aa	no description	https://envipath.org/package/521c547a-fd2a-491c-ad5b-7eaa1577fb65/pathway/037296b1-aa64-4143-89d9-f47e35cf1b6e	3																											
CCOC(=O)CC(C(=O)O)SP(=O)(OC)OC	https://envipath.org/package/521c547a-fd2a-491c-ad5b-7eaa1577fb65/pathway/037296b1-aa64-4143-89d9-f47e35cf1b6e/node/a384b8ef-1078-4533-8576-8cb753145994	https://envipath.org/package/521c547a-fd2a-491c-ad5b-7eaa1577fb65/scenario/6b121a2c-3dad-4d63-a13d-15a52a335844	no description	https://envipath.org/package/521c547a-fd2a-491c-ad5b-7eaa1577fb65/pathway/037296b1-aa64-4143-89d9-f47e35cf1b6e	3																											
CCOC(=O)CC(C(=O)O)SP(=O)(OC)OC	https://envipath.org/package/521c547a-fd2a-491c-ad5b-7eaa1577fb65/pathway/037296b1-aa64-4143-89d9-f47e35cf1b6e/node/a384b8ef-1078-4533-8576-8cb753145994	https://envipath.org/package/521c547a-fd2a-491c-ad5b-7eaa1577fb65/scenario/38bc5c4a-93d5-4348-af1a-80c3e325c55b	no description	https://envipath.org/package/521c547a-fd2a-491c-ad5b-7eaa1577fb65/pathway/037296b1-aa64-4143-89d9-f47e35cf1b6e	3																											
CC(=O)CC(C1=CC=CC=C1)C2=C(C3=C(C=CC=C3)OC2=O)O	https://envipath.org/package/521c547a-fd2a-491c-ad5b-7eaa1577fb65/pathway/0259a0b3-3663-4181-a4c3-61cb51309428/node/ebf64e84-7c4d-424e-96a8-d063f4270c4a	https://envipath.org/package/521c547a-fd2a-491c-ad5b-7eaa1577fb65/scenario/0763fb1c-e38b-4475-a571-507219c07954	no description	https://envipath.org/package/521c547a-fd2a-491c-ad5b-7eaa1577fb65/pathway/0259a0b3-3663-4181-a4c3-61cb51309428	1																	sorption corrected & abiotic degradation corrected										
CC(=O)CC(C1=CC=CC=C1)C2=C(C3=C(C=CC=C3)OC2=O)O	https://envipath.org/package/521c547a-fd2a-491c-ad5b-7eaa1577fb65/pathway/0259a0b3-3663-4181-a4c3-61cb51309428/node/ebf64e84-7c4d-424e-96a8-d063f4270c4a	https://envipath.org/package/521c547a-fd2a-491c-ad5b-7eaa1577fb65/scenario/78abe3aa-80d1-4237-ad28-4c079c747c63	no description	https://envipath.org/package/521c547a-fd2a-491c-ad5b-7eaa1577fb65/pathway/0259a0b3-3663-4181-a4c3-61cb51309428	1																	sorption corrected & abiotic degradation corrected										
CC(=O)CC(C1=CC=CC=C1)C2=C(C3=C(C=CC=C3)OC2=O)O	https://envipath.org/package/521c547a-fd2a-491c-ad5b-7eaa1577fb65/pathway/0259a0b3-3663-4181-a4c3-61cb51309428/node/ebf64e84-7c4d-424e-96a8-d063f4270c4a	https://envipath.org/package/521c547a-fd2a-491c-ad5b-7eaa1577fb65/scenario/e8126590-5210-4e5a-88af-bf6e305b7ec5	no description	https://envipath.org/package/521c547a-fd2a-491c-ad5b-7eaa1577fb65/pathway/0259a0b3-3663-4181-a4c3-61cb51309428	1																	sorption corrected & abiotic degradation corrected										
CC(=O)CC(C1=CC=CC=C1)/C(=C(/C2=C(C=CC=C2)O)\O)/C(=O)O	https://envipath.org/package/521c547a-fd2a-491c-ad5b-7eaa1577fb65/pathway/0259a0b3-3663-4181-a4c3-61cb51309428/node/21dd3775-38fc-4fa9-9fcf-8181c6785830	https://envipath.org/package/521c547a-fd2a-491c-ad5b-7eaa1577fb65/scenario/b24d6fc9-c09f-493c-ae5b-0698d95788c7	no description	https://envipath.org/package/521c547a-fd2a-491c-ad5b-7eaa1577fb65/pathway/0259a0b3-3663-4181-a4c3-61cb51309428	2																											
CC(=O)CC(C1=CC=CC=C1)/C(=C(/C2=C(C=CC=C2)O)\O)/C(=O)O	https://envipath.org/package/521c547a-fd2a-491c-ad5b-7eaa1577fb65/pathway/0259a0b3-3663-4181-a4c3-61cb51309428/node/21dd3775-38fc-4fa9-9fcf-8181c6785830	https://envipath.org/package/521c547a-fd2a-491c-ad5b-7eaa1577fb65/scenario/6aed1f87-4d12-4375-ad1b-3f8019bca08d	no description	https://envipath.org/package/521c547a-fd2a-491c-ad5b-7eaa1577fb65/pathway/0259a0b3-3663-4181-a4c3-61cb51309428	2																											
CC(=O)CC(C1=CC=CC=C1)/C(=C(/C2=C(C=CC=C2)O)\O)/C(=O)O	https://envipath.org/package/521c547a-fd2a-491c-ad5b-7eaa1577fb65/pathway/0259a0b3-3663-4181-a4c3-61cb51309428/node/21dd3775-38fc-4fa9-9fcf-8181c6785830	https://envipath.org/package/521c547a-fd2a-491c-ad5b-7eaa1577fb65/scenario/f6981818-f897-499f-812b-170889fd5fe2	no description	https://envipath.org/package/521c547a-fd2a-491c-ad5b-7eaa1577fb65/pathway/0259a0b3-3663-4181-a4c3-61cb51309428	2																											
CC(=O)CC(C1=CC=CC=C1)C2C(C3C=CC=CC3OC2=O)O	https://envipath.org/package/521c547a-fd2a-491c-ad5b-7eaa1577fb65/pathway/0259a0b3-3663-4181-a4c3-61cb51309428/node/dfdad6ae-4523-456e-ba8e-07284442a227	https://envipath.org/package/521c547a-fd2a-491c-ad5b-7eaa1577fb65/scenario/e785bb96-2ced-489a-b93c-80597c84e169	no description	https://envipath.org/package/521c547a-fd2a-491c-ad5b-7eaa1577fb65/pathway/0259a0b3-3663-4181-a4c3-61cb51309428	3																											
CC(=O)CC(C1=CC=CC=C1)C2C(C3C=CC=CC3OC2=O)O	https://envipath.org/package/521c547a-fd2a-491c-ad5b-7eaa1577fb65/pathway/0259a0b3-3663-4181-a4c3-61cb51309428/node/dfdad6ae-4523-456e-ba8e-07284442a227	https://envipath.org/package/521c547a-fd2a-491c-ad5b-7eaa1577fb65/scenario/d16e0334-ca69-4e14-9521-d7a559a055d9	no description	https://envipath.org/package/521c547a-fd2a-491c-ad5b-7eaa1577fb65/pathway/0259a0b3-3663-4181-a4c3-61cb51309428	3																											
CC(=O)CC(C1=CC=CC=C1)C2C(C3C=CC=CC3OC2=O)O	https://envipath.org/package/521c547a-fd2a-491c-ad5b-7eaa1577fb65/pathway/0259a0b3-3663-4181-a4c3-61cb51309428/node/dfdad6ae-4523-456e-ba8e-07284442a227	https://envipath.org/package/521c547a-fd2a-491c-ad5b-7eaa1577fb65/scenario/6c2b4065-a6a1-4cad-ad6f-96b2d1d2910e	no description	https://envipath.org/package/521c547a-fd2a-491c-ad5b-7eaa1577fb65/pathway/0259a0b3-3663-4181-a4c3-61cb51309428	3																											
C1=CC=C(C=C1)C(CC(=O)CO)C2=C(C3=C(C=CC=C3)OC2=O)O	https://envipath.org/package/521c547a-fd2a-491c-ad5b-7eaa1577fb65/pathway/0259a0b3-3663-4181-a4c3-61cb51309428/node/3fce6fd0-8ee5-490c-bee9-d0e4b7b4d130	https://envipath.org/package/521c547a-fd2a-491c-ad5b-7eaa1577fb65/scenario/8477047b-0345-4734-8ade-beb4cb8a2238	no description	https://envipath.org/package/521c547a-fd2a-491c-ad5b-7eaa1577fb65/pathway/0259a0b3-3663-4181-a4c3-61cb51309428	3																											
C1=CC=C(C=C1)C(CC(=O)CO)C2=C(C3=C(C=CC=C3)OC2=O)O	https://envipath.org/package/521c547a-fd2a-491c-ad5b-7eaa1577fb65/pathway/0259a0b3-3663-4181-a4c3-61cb51309428/node/3fce6fd0-8ee5-490c-bee9-d0e4b7b4d130	https://envipath.org/package/521c547a-fd2a-491c-ad5b-7eaa1577fb65/scenario/77fcb561-23a8-4310-a576-d1b6056666d6	no description	https://envipath.org/package/521c547a-fd2a-491c-ad5b-7eaa1577fb65/pathway/0259a0b3-3663-4181-a4c3-61cb51309428	3																											
C1=CC=C(C=C1)C(CC(=O)CO)C2=C(C3=C(C=CC=C3)OC2=O)O	https://envipath.org/package/521c547a-fd2a-491c-ad5b-7eaa1577fb65/pathway/0259a0b3-3663-4181-a4c3-61cb51309428/node/3fce6fd0-8ee5-490c-bee9-d0e4b7b4d130	https://envipath.org/package/521c547a-fd2a-491c-ad5b-7eaa1577fb65/scenario/27639e88-372d-4973-8032-1686853f8fd6	no description	https://envipath.org/package/521c547a-fd2a-491c-ad5b-7eaa1577fb65/pathway/0259a0b3-3663-4181-a4c3-61cb51309428	3																											
CC(C)N(C1=CC=CC=C1)C(=O)C(=O)O	https://envipath.org/package/521c547a-fd2a-491c-ad5b-7eaa1577fb65/pathway/2448883d-8739-4889-a98c-74e72458390c/node/1624602e-c11e-4b95-a636-02683b9f3db1	https://envipath.org/package/521c547a-fd2a-491c-ad5b-7eaa1577fb65/scenario/d3dd7320-80df-4313-90fd-42e338fb1120	no description	https://envipath.org/package/521c547a-fd2a-491c-ad5b-7eaa1577fb65/pathway/2448883d-8739-4889-a98c-74e72458390c	1																	sorption corrected & abiotic degradation corrected										
CC(C)N(C1=CC=CC=C1)C(=O)C(=O)O	https://envipath.org/package/521c547a-fd2a-491c-ad5b-7eaa1577fb65/pathway/2448883d-8739-4889-a98c-74e72458390c/node/1624602e-c11e-4b95-a636-02683b9f3db1	https://envipath.org/package/521c547a-fd2a-491c-ad5b-7eaa1577fb65/scenario/50dcb9d5-df02-4791-821d-be92c75b84de	no description	https://envipath.org/package/521c547a-fd2a-491c-ad5b-7eaa1577fb65/pathway/2448883d-8739-4889-a98c-74e72458390c	1																	sorption corrected & abiotic degradation corrected										
CC(C)N(C1=CC=CC=C1)C(=O)C(=O)O	https://envipath.org/package/521c547a-fd2a-491c-ad5b-7eaa1577fb65/pathway/2448883d-8739-4889-a98c-74e72458390c/node/1624602e-c11e-4b95-a636-02683b9f3db1	https://envipath.org/package/521c547a-fd2a-491c-ad5b-7eaa1577fb65/scenario/93fd5f53-ba33-4611-b50d-ca2d48a7ed52	no description	https://envipath.org/package/521c547a-fd2a-491c-ad5b-7eaa1577fb65/pathway/2448883d-8739-4889-a98c-74e72458390c	1																	sorption corrected & abiotic degradation corrected										
CCN(CC)C(=O)C1=C(C(=CC=C1)C)O	https://envipath.org/package/521c547a-fd2a-491c-ad5b-7eaa1577fb65/pathway/3cda972f-6ff0-494a-b85d-c0d5f8bd233e/node/95c48631-4dab-491a-9b35-25a8c9a2b80b	https://envipath.org/package/521c547a-fd2a-491c-ad5b-7eaa1577fb65/scenario/4491dbb3-e404-421a-a2e2-871d1a2b5eef	no description	https://envipath.org/package/521c547a-fd2a-491c-ad5b-7eaa1577fb65/pathway/3cda972f-6ff0-494a-b85d-c0d5f8bd233e	3																											
CCN(CC)C(=O)C1=C(C(=CC=C1)C)O	https://envipath.org/package/521c547a-fd2a-491c-ad5b-7eaa1577fb65/pathway/3cda972f-6ff0-494a-b85d-c0d5f8bd233e/node/95c48631-4dab-491a-9b35-25a8c9a2b80b	https://envipath.org/package/521c547a-fd2a-491c-ad5b-7eaa1577fb65/scenario/cfe56328-2bf9-4a51-80e9-41b28ba09abc	no description	https://envipath.org/package/521c547a-fd2a-491c-ad5b-7eaa1577fb65/pathway/3cda972f-6ff0-494a-b85d-c0d5f8bd233e	3																											
CCN(CC)C(=O)C1=C(C(=CC=C1)C)O	https://envipath.org/package/521c547a-fd2a-491c-ad5b-7eaa1577fb65/pathway/3cda972f-6ff0-494a-b85d-c0d5f8bd233e/node/95c48631-4dab-491a-9b35-25a8c9a2b80b	https://envipath.org/package/521c547a-fd2a-491c-ad5b-7eaa1577fb65/scenario/716722e0-e86c-4011-979f-6dee8839611c	no description	https://envipath.org/package/521c547a-fd2a-491c-ad5b-7eaa1577fb65/pathway/3cda972f-6ff0-494a-b85d-c0d5f8bd233e	3																											
CCN(CC)C(=O)C1=CC(=CC=C1)C	https://envipath.org/package/521c547a-fd2a-491c-ad5b-7eaa1577fb65/pathway/3cda972f-6ff0-494a-b85d-c0d5f8bd233e/node/44431f4c-9b48-4cec-b1db-d6d93fbed014	https://envipath.org/package/521c547a-fd2a-491c-ad5b-7eaa1577fb65/scenario/283be200-b922-4619-b8e7-a28926c45db3	no description	https://envipath.org/package/521c547a-fd2a-491c-ad5b-7eaa1577fb65/pathway/3cda972f-6ff0-494a-b85d-c0d5f8bd233e	1																	sorption corrected & abiotic degradation corrected										
CCN(CC)C(=O)C1=CC(=CC=C1)C	https://envipath.org/package/521c547a-fd2a-491c-ad5b-7eaa1577fb65/pathway/3cda972f-6ff0-494a-b85d-c0d5f8bd233e/node/44431f4c-9b48-4cec-b1db-d6d93fbed014	https://envipath.org/package/521c547a-fd2a-491c-ad5b-7eaa1577fb65/scenario/aae9b4d4-e6d8-4f57-bb36-ae4d4a1da850	no description	https://envipath.org/package/521c547a-fd2a-491c-ad5b-7eaa1577fb65/pathway/3cda972f-6ff0-494a-b85d-c0d5f8bd233e	1																	sorption corrected & abiotic degradation corrected										
CCN(CC)C(=O)C1=CC(=CC=C1)C	https://envipath.org/package/521c547a-fd2a-491c-ad5b-7eaa1577fb65/pathway/3cda972f-6ff0-494a-b85d-c0d5f8bd233e/node/44431f4c-9b48-4cec-b1db-d6d93fbed014	https://envipath.org/package/521c547a-fd2a-491c-ad5b-7eaa1577fb65/scenario/ca19722a-5bca-4442-9c42-bcac0831409c	no description	https://envipath.org/package/521c547a-fd2a-491c-ad5b-7eaa1577fb65/pathway/3cda972f-6ff0-494a-b85d-c0d5f8bd233e	1																	sorption corrected & abiotic degradation corrected										
CCNC(=O)C1=CC(=CC=C1)C	https://envipath.org/package/521c547a-fd2a-491c-ad5b-7eaa1577fb65/pathway/3cda972f-6ff0-494a-b85d-c0d5f8bd233e/node/3ea81fef-8d5d-4f3d-83d2-eb65cc1a5b7b	https://envipath.org/package/521c547a-fd2a-491c-ad5b-7eaa1577fb65/scenario/196adc0b-0fd2-45f1-829a-7a92fa1a3161	no description	https://envipath.org/package/521c547a-fd2a-491c-ad5b-7eaa1577fb65/pathway/3cda972f-6ff0-494a-b85d-c0d5f8bd233e	3																											
CCNC(=O)C1=CC(=CC=C1)C	https://envipath.org/package/521c547a-fd2a-491c-ad5b-7eaa1577fb65/pathway/3cda972f-6ff0-494a-b85d-c0d5f8bd233e/node/3ea81fef-8d5d-4f3d-83d2-eb65cc1a5b7b	https://envipath.org/package/521c547a-fd2a-491c-ad5b-7eaa1577fb65/scenario/3d17d756-b95e-4e84-aa55-dcd6f13e1a48	DOI: 10.1021/es100970m	https://envipath.org/package/521c547a-fd2a-491c-ad5b-7eaa1577fb65/pathway/3cda972f-6ff0-494a-b85d-c0d5f8bd233e		aerob	{'end': 6.2, 'start': 6.2}	pilot scale WWTP (membrane Bioreactor) Duebendorf, Switzerland	amber glass bottle		shaking	sludge age	49.95	3.0	100.0	spiking in solvent	{'end': 20.0, 'start': 20.0}	mixed WW (municipal & industrial)		7.9												
CCNC(=O)C1=CC(=CC=C1)C	https://envipath.org/package/521c547a-fd2a-491c-ad5b-7eaa1577fb65/pathway/3cda972f-6ff0-494a-b85d-c0d5f8bd233e/node/3ea81fef-8d5d-4f3d-83d2-eb65cc1a5b7b	https://envipath.org/package/521c547a-fd2a-491c-ad5b-7eaa1577fb65/scenario/ed79280d-e48b-46ad-8161-b4dd06773e45	DOI: 10.1021/es101035b	https://envipath.org/package/521c547a-fd2a-491c-ad5b-7eaa1577fb65/pathway/3cda972f-6ff0-494a-b85d-c0d5f8bd233e		aerob	{'end': 6.2, 'start': 6.2}	Duebendorf, Switzerland	amber glass		shaking		49.95	3.0	100.0	spiking in solvent	{'end': 20.0, 'start': 20.0}	mixed WW (municipal & industrial)			nanofiltered ps-MBR effluent											
CCNC(=O)C1=CC(=CC=C1)C	https://envipath.org/package/521c547a-fd2a-491c-ad5b-7eaa1577fb65/pathway/3cda972f-6ff0-494a-b85d-c0d5f8bd233e/node/3ea81fef-8d5d-4f3d-83d2-eb65cc1a5b7b	https://envipath.org/package/521c547a-fd2a-491c-ad5b-7eaa1577fb65/scenario/898be832-5f4f-4038-bd2e-4d330f1a30ab	no description	https://envipath.org/package/521c547a-fd2a-491c-ad5b-7eaa1577fb65/pathway/3cda972f-6ff0-494a-b85d-c0d5f8bd233e	3																											
CCNC(=O)C1=CC(=CC=C1)C	https://envipath.org/package/521c547a-fd2a-491c-ad5b-7eaa1577fb65/pathway/3cda972f-6ff0-494a-b85d-c0d5f8bd233e/node/3ea81fef-8d5d-4f3d-83d2-eb65cc1a5b7b	https://envipath.org/package/521c547a-fd2a-491c-ad5b-7eaa1577fb65/scenario/84e91459-6921-4da0-84e6-38251d3a41ab	no description	https://envipath.org/package/521c547a-fd2a-491c-ad5b-7eaa1577fb65/pathway/3cda972f-6ff0-494a-b85d-c0d5f8bd233e	3																											
CCN(CC)C(=O)C1=CC(=CC=C1)CO	https://envipath.org/package/521c547a-fd2a-491c-ad5b-7eaa1577fb65/pathway/3cda972f-6ff0-494a-b85d-c0d5f8bd233e/node/7a2093df-4111-49c8-b546-99c0dd41dbc1	https://envipath.org/package/521c547a-fd2a-491c-ad5b-7eaa1577fb65/scenario/af3b2382-6777-4f41-906d-44ded593d3d9	no description	https://envipath.org/package/521c547a-fd2a-491c-ad5b-7eaa1577fb65/pathway/3cda972f-6ff0-494a-b85d-c0d5f8bd233e	3																											
CCN(CC)C(=O)C1=CC(=CC=C1)CO	https://envipath.org/package/521c547a-fd2a-491c-ad5b-7eaa1577fb65/pathway/3cda972f-6ff0-494a-b85d-c0d5f8bd233e/node/7a2093df-4111-49c8-b546-99c0dd41dbc1	https://envipath.org/package/521c547a-fd2a-491c-ad5b-7eaa1577fb65/scenario/cb6ae945-a40f-4f19-ab03-b9dfb630bb23	no description	https://envipath.org/package/521c547a-fd2a-491c-ad5b-7eaa1577fb65/pathway/3cda972f-6ff0-494a-b85d-c0d5f8bd233e	3																											
CCN(CC)C(=O)C1=CC(=CC=C1)CO	https://envipath.org/package/521c547a-fd2a-491c-ad5b-7eaa1577fb65/pathway/3cda972f-6ff0-494a-b85d-c0d5f8bd233e/node/7a2093df-4111-49c8-b546-99c0dd41dbc1	https://envipath.org/package/521c547a-fd2a-491c-ad5b-7eaa1577fb65/scenario/d4ea02c6-ff6c-4c3c-bcb1-bdcfe603397f	no description	https://envipath.org/package/521c547a-fd2a-491c-ad5b-7eaa1577fb65/pathway/3cda972f-6ff0-494a-b85d-c0d5f8bd233e	3																											
CCN(CC)C(=O)C1=CC=CC(=C1)C(=O)O	https://envipath.org/package/521c547a-fd2a-491c-ad5b-7eaa1577fb65/pathway/3cda972f-6ff0-494a-b85d-c0d5f8bd233e/node/92a58838-6781-485b-ab8a-148edb1fcc6d	https://envipath.org/package/521c547a-fd2a-491c-ad5b-7eaa1577fb65/scenario/3d17d756-b95e-4e84-aa55-dcd6f13e1a48	DOI: 10.1021/es100970m	https://envipath.org/package/521c547a-fd2a-491c-ad5b-7eaa1577fb65/pathway/3cda972f-6ff0-494a-b85d-c0d5f8bd233e		aerob	{'end': 6.2, 'start': 6.2}	pilot scale WWTP (membrane Bioreactor) Duebendorf, Switzerland	amber glass bottle		shaking	sludge age	49.95	3.0	100.0	spiking in solvent	{'end': 20.0, 'start': 20.0}	mixed WW (municipal & industrial)		7.9												
CCN(CC)C(=O)C1=CC=CC(=C1)C(=O)O	https://envipath.org/package/521c547a-fd2a-491c-ad5b-7eaa1577fb65/pathway/3cda972f-6ff0-494a-b85d-c0d5f8bd233e/node/92a58838-6781-485b-ab8a-148edb1fcc6d	https://envipath.org/package/521c547a-fd2a-491c-ad5b-7eaa1577fb65/scenario/ed79280d-e48b-46ad-8161-b4dd06773e45	DOI: 10.1021/es101035b	https://envipath.org/package/521c547a-fd2a-491c-ad5b-7eaa1577fb65/pathway/3cda972f-6ff0-494a-b85d-c0d5f8bd233e		aerob	{'end': 6.2, 'start': 6.2}	Duebendorf, Switzerland	amber glass		shaking		49.95	3.0	100.0	spiking in solvent	{'end': 20.0, 'start': 20.0}	mixed WW (municipal & industrial)			nanofiltered ps-MBR effluent											
CNC1CCC(C2=CC=C(C(=C2)Cl)Cl)C3=C1C=CC=C3	https://envipath.org/package/521c547a-fd2a-491c-ad5b-7eaa1577fb65/pathway/14f05d65-a406-4b70-83ef-ccf674df184a/node/0afdf810-fb49-4e17-93e1-1ba4a95e299a	https://envipath.org/package/521c547a-fd2a-491c-ad5b-7eaa1577fb65/scenario/13305f55-4005-498b-8d27-169c95bd048e	no description	https://envipath.org/package/521c547a-fd2a-491c-ad5b-7eaa1577fb65/pathway/14f05d65-a406-4b70-83ef-ccf674df184a	1																											
CNC1CCC(C2=CC=C(C(=C2)Cl)Cl)C3=C1C=CC=C3	https://envipath.org/package/521c547a-fd2a-491c-ad5b-7eaa1577fb65/pathway/14f05d65-a406-4b70-83ef-ccf674df184a/node/0afdf810-fb49-4e17-93e1-1ba4a95e299a	https://envipath.org/package/521c547a-fd2a-491c-ad5b-7eaa1577fb65/scenario/065b6f33-affc-4018-a4c6-289f80c71554	no description	https://envipath.org/package/521c547a-fd2a-491c-ad5b-7eaa1577fb65/pathway/14f05d65-a406-4b70-83ef-ccf674df184a	1																	sorption corrected & abiotic degradation corrected										
CNC1CCC(C2=CC=C(C(=C2)Cl)Cl)C3=C1C=CC=C3	https://envipath.org/package/521c547a-fd2a-491c-ad5b-7eaa1577fb65/pathway/14f05d65-a406-4b70-83ef-ccf674df184a/node/0afdf810-fb49-4e17-93e1-1ba4a95e299a	https://envipath.org/package/521c547a-fd2a-491c-ad5b-7eaa1577fb65/scenario/6ad4efb1-bcc2-4caa-8f75-fdfc0f1f8035	no description	https://envipath.org/package/521c547a-fd2a-491c-ad5b-7eaa1577fb65/pathway/14f05d65-a406-4b70-83ef-ccf674df184a	1																	sorption corrected & abiotic degradation corrected										
CNC1CCC(C2=CC=C(C(=C2)Cl)Cl)(C3=C1C=CC=C3)O	https://envipath.org/package/521c547a-fd2a-491c-ad5b-7eaa1577fb65/pathway/14f05d65-a406-4b70-83ef-ccf674df184a/node/c50b1fd7-c1c7-4589-80ef-584dc3b75bfe	https://envipath.org/package/521c547a-fd2a-491c-ad5b-7eaa1577fb65/scenario/dd9c5aa8-43e7-4f63-a4fb-6e86afa64c10	no description	https://envipath.org/package/521c547a-fd2a-491c-ad5b-7eaa1577fb65/pathway/14f05d65-a406-4b70-83ef-ccf674df184a	2																											
CNC1CCC(C2=CC=C(C(=C2)Cl)Cl)(C3=C1C=CC=C3)O	https://envipath.org/package/521c547a-fd2a-491c-ad5b-7eaa1577fb65/pathway/14f05d65-a406-4b70-83ef-ccf674df184a/node/c50b1fd7-c1c7-4589-80ef-584dc3b75bfe	https://envipath.org/package/521c547a-fd2a-491c-ad5b-7eaa1577fb65/scenario/924c981f-e4e6-404c-8559-63e37a6d4eb8	no description	https://envipath.org/package/521c547a-fd2a-491c-ad5b-7eaa1577fb65/pathway/14f05d65-a406-4b70-83ef-ccf674df184a	2																											
CNC1CCC(C2=CC=C(C(=C2)Cl)Cl)(C3=C1C=CC=C3)O	https://envipath.org/package/521c547a-fd2a-491c-ad5b-7eaa1577fb65/pathway/14f05d65-a406-4b70-83ef-ccf674df184a/node/c50b1fd7-c1c7-4589-80ef-584dc3b75bfe	https://envipath.org/package/521c547a-fd2a-491c-ad5b-7eaa1577fb65/scenario/4de04496-93f3-4c6d-9ea7-f3c900b047f6	no description	https://envipath.org/package/521c547a-fd2a-491c-ad5b-7eaa1577fb65/pathway/14f05d65-a406-4b70-83ef-ccf674df184a	2																											
C1=CC=C(C=C1)C(=O)C2=CC=C(C=C2O)O	https://envipath.org/package/521c547a-fd2a-491c-ad5b-7eaa1577fb65/pathway/8004186d-a7ac-45fa-b452-a6302e5a1ac8/node/27d25142-0221-4a4b-b2fa-8c13fa302d37	https://envipath.org/package/521c547a-fd2a-491c-ad5b-7eaa1577fb65/scenario/cafbabb7-d5d7-41d4-9ebe-638e05db43a5	no description	https://envipath.org/package/521c547a-fd2a-491c-ad5b-7eaa1577fb65/pathway/8004186d-a7ac-45fa-b452-a6302e5a1ac8	2																											
C1=CC=C(C=C1)C(=O)C2=CC=C(C=C2O)O	https://envipath.org/package/521c547a-fd2a-491c-ad5b-7eaa1577fb65/pathway/8004186d-a7ac-45fa-b452-a6302e5a1ac8/node/27d25142-0221-4a4b-b2fa-8c13fa302d37	https://envipath.org/package/521c547a-fd2a-491c-ad5b-7eaa1577fb65/scenario/6b05713a-ada4-40af-be49-bd3fc6b8e8cd	no description	https://envipath.org/package/521c547a-fd2a-491c-ad5b-7eaa1577fb65/pathway/8004186d-a7ac-45fa-b452-a6302e5a1ac8	2																											
C1=CC=C(C=C1)C(=O)C2=CC=C(C=C2O)O	https://envipath.org/package/521c547a-fd2a-491c-ad5b-7eaa1577fb65/pathway/8004186d-a7ac-45fa-b452-a6302e5a1ac8/node/27d25142-0221-4a4b-b2fa-8c13fa302d37	https://envipath.org/package/521c547a-fd2a-491c-ad5b-7eaa1577fb65/scenario/cbc2c2aa-9752-404a-9fa9-7aab1f48d564	no description	https://envipath.org/package/521c547a-fd2a-491c-ad5b-7eaa1577fb65/pathway/8004186d-a7ac-45fa-b452-a6302e5a1ac8	2																											
COC1=CC=C(C(=C1)O)C(=O)C2=CC=CC(=C2O)O	https://envipath.org/package/521c547a-fd2a-491c-ad5b-7eaa1577fb65/pathway/8004186d-a7ac-45fa-b452-a6302e5a1ac8/node/d6a6c0bc-ab47-49f7-9270-7fd6af8e9f97	https://envipath.org/package/521c547a-fd2a-491c-ad5b-7eaa1577fb65/scenario/caf79208-9641-4bf5-9154-f76bdbdada49	no description	https://envipath.org/package/521c547a-fd2a-491c-ad5b-7eaa1577fb65/pathway/8004186d-a7ac-45fa-b452-a6302e5a1ac8	4																											
COC1=CC=C(C(=C1)O)C(=O)C2=CC=CC(=C2O)O	https://envipath.org/package/521c547a-fd2a-491c-ad5b-7eaa1577fb65/pathway/8004186d-a7ac-45fa-b452-a6302e5a1ac8/node/d6a6c0bc-ab47-49f7-9270-7fd6af8e9f97	https://envipath.org/package/521c547a-fd2a-491c-ad5b-7eaa1577fb65/scenario/376b5b6f-68be-4b5f-918f-228bc8d3d21b	no description	https://envipath.org/package/521c547a-fd2a-491c-ad5b-7eaa1577fb65/pathway/8004186d-a7ac-45fa-b452-a6302e5a1ac8	4																											
COC1=CC=C(C(=C1)O)C(=O)C2=CC=CC(=C2O)O	https://envipath.org/package/521c547a-fd2a-491c-ad5b-7eaa1577fb65/pathway/8004186d-a7ac-45fa-b452-a6302e5a1ac8/node/d6a6c0bc-ab47-49f7-9270-7fd6af8e9f97	https://envipath.org/package/521c547a-fd2a-491c-ad5b-7eaa1577fb65/scenario/e8d66a96-8386-4902-9b48-0d3f296a78f4	no description	https://envipath.org/package/521c547a-fd2a-491c-ad5b-7eaa1577fb65/pathway/8004186d-a7ac-45fa-b452-a6302e5a1ac8	4																											
COC1=CC=C(C(=C1)O)C(=O)C2=CC=CC=C2	https://envipath.org/package/521c547a-fd2a-491c-ad5b-7eaa1577fb65/pathway/8004186d-a7ac-45fa-b452-a6302e5a1ac8/node/4a4213fb-d698-43e9-8c40-e070c27c0144	https://envipath.org/package/521c547a-fd2a-491c-ad5b-7eaa1577fb65/scenario/d70134c1-e494-4919-ac5e-a6b115b56b7d	no description	https://envipath.org/package/521c547a-fd2a-491c-ad5b-7eaa1577fb65/pathway/8004186d-a7ac-45fa-b452-a6302e5a1ac8	1																	sorption corrected & abiotic degradation corrected										
COC1=CC=C(C(=C1)O)C(=O)C2=CC=CC=C2	https://envipath.org/package/521c547a-fd2a-491c-ad5b-7eaa1577fb65/pathway/8004186d-a7ac-45fa-b452-a6302e5a1ac8/node/4a4213fb-d698-43e9-8c40-e070c27c0144	https://envipath.org/package/521c547a-fd2a-491c-ad5b-7eaa1577fb65/scenario/2cb2d45e-c59e-4578-9d1b-03da2d2a713a	no description	https://envipath.org/package/521c547a-fd2a-491c-ad5b-7eaa1577fb65/pathway/8004186d-a7ac-45fa-b452-a6302e5a1ac8	1																	sorption corrected & abiotic degradation corrected										
COC1=CC=C(C(=C1)O)C(=O)C2=CC=CC=C2	https://envipath.org/package/521c547a-fd2a-491c-ad5b-7eaa1577fb65/pathway/8004186d-a7ac-45fa-b452-a6302e5a1ac8/node/4a4213fb-d698-43e9-8c40-e070c27c0144	https://envipath.org/package/521c547a-fd2a-491c-ad5b-7eaa1577fb65/scenario/a9c95c2a-e411-4dcf-93ec-00e337f64728	no description	https://envipath.org/package/521c547a-fd2a-491c-ad5b-7eaa1577fb65/pathway/8004186d-a7ac-45fa-b452-a6302e5a1ac8	1																	sorption corrected & abiotic degradation corrected										
CC(=O)NC1=CC=C(C=C1)O	https://envipath.org/package/521c547a-fd2a-491c-ad5b-7eaa1577fb65/pathway/e26cc4e6-06f4-4f84-927d-72fef555c266/node/c4d8462e-0208-4bb2-b5fa-dae064893775	https://envipath.org/package/521c547a-fd2a-491c-ad5b-7eaa1577fb65/scenario/21b83daf-5cb0-442e-8e4b-8cc466f3128a	no description	https://envipath.org/package/521c547a-fd2a-491c-ad5b-7eaa1577fb65/pathway/e26cc4e6-06f4-4f84-927d-72fef555c266	1																	sorption corrected & abiotic degradation corrected										
CC(=O)NC1=CC=C(C=C1)O	https://envipath.org/package/521c547a-fd2a-491c-ad5b-7eaa1577fb65/pathway/e26cc4e6-06f4-4f84-927d-72fef555c266/node/c4d8462e-0208-4bb2-b5fa-dae064893775	https://envipath.org/package/521c547a-fd2a-491c-ad5b-7eaa1577fb65/scenario/63bbcd6c-16a2-46e7-9bcf-ab3013043769	no description	https://envipath.org/package/521c547a-fd2a-491c-ad5b-7eaa1577fb65/pathway/e26cc4e6-06f4-4f84-927d-72fef555c266	1																	sorption corrected & abiotic degradation corrected										
CC(=O)NC1=CC=C(C=C1)O	https://envipath.org/package/521c547a-fd2a-491c-ad5b-7eaa1577fb65/pathway/e26cc4e6-06f4-4f84-927d-72fef555c266/node/c4d8462e-0208-4bb2-b5fa-dae064893775	https://envipath.org/package/521c547a-fd2a-491c-ad5b-7eaa1577fb65/scenario/6280037e-cd13-4dea-95ca-ab1bc24b9216	no description	https://envipath.org/package/521c547a-fd2a-491c-ad5b-7eaa1577fb65/pathway/e26cc4e6-06f4-4f84-927d-72fef555c266	1																	sorption corrected & abiotic degradation corrected										
C1=CC=C(C=C1)C(C2CCCCN2)(C(=O)O)O	https://envipath.org/package/521c547a-fd2a-491c-ad5b-7eaa1577fb65/pathway/d2136b38-0d39-4e36-9120-b6f43c4378f2/node/1b730124-d4b9-4db9-9ba6-fa4c7a946b17	https://envipath.org/package/521c547a-fd2a-491c-ad5b-7eaa1577fb65/scenario/9b7e5220-b656-421f-b811-3f02b2570dbb	no description	https://envipath.org/package/521c547a-fd2a-491c-ad5b-7eaa1577fb65/pathway/d2136b38-0d39-4e36-9120-b6f43c4378f2	3																											
C1=CC=C(C=C1)C(C2CCCCN2)(C(=O)O)O	https://envipath.org/package/521c547a-fd2a-491c-ad5b-7eaa1577fb65/pathway/d2136b38-0d39-4e36-9120-b6f43c4378f2/node/1b730124-d4b9-4db9-9ba6-fa4c7a946b17	https://envipath.org/package/521c547a-fd2a-491c-ad5b-7eaa1577fb65/scenario/055dddb8-fc02-49a6-80a8-72007396c9ac	no description	https://envipath.org/package/521c547a-fd2a-491c-ad5b-7eaa1577fb65/pathway/d2136b38-0d39-4e36-9120-b6f43c4378f2	3																											
C1=CC=C(C=C1)C(C2CCCCN2)(C(=O)O)O	https://envipath.org/package/521c547a-fd2a-491c-ad5b-7eaa1577fb65/pathway/d2136b38-0d39-4e36-9120-b6f43c4378f2/node/1b730124-d4b9-4db9-9ba6-fa4c7a946b17	https://envipath.org/package/521c547a-fd2a-491c-ad5b-7eaa1577fb65/scenario/6179d3ee-7dbd-40a6-a1bd-66d3d3a67fa1	no description	https://envipath.org/package/521c547a-fd2a-491c-ad5b-7eaa1577fb65/pathway/d2136b38-0d39-4e36-9120-b6f43c4378f2	3																											
C1=CC=C(C=C1)C(C2CCCCN2)C(=O)O	https://envipath.org/package/521c547a-fd2a-491c-ad5b-7eaa1577fb65/pathway/d2136b38-0d39-4e36-9120-b6f43c4378f2/node/f74d0e06-0a78-42ad-bf03-b97ead364f54	https://envipath.org/package/521c547a-fd2a-491c-ad5b-7eaa1577fb65/scenario/614a6785-463d-4529-ad40-b23820330ee8	no description	https://envipath.org/package/521c547a-fd2a-491c-ad5b-7eaa1577fb65/pathway/d2136b38-0d39-4e36-9120-b6f43c4378f2	1																	sorption corrected & abiotic degradation corrected										
C1=CC=C(C=C1)C(C2CCCCN2)C(=O)O	https://envipath.org/package/521c547a-fd2a-491c-ad5b-7eaa1577fb65/pathway/d2136b38-0d39-4e36-9120-b6f43c4378f2/node/f74d0e06-0a78-42ad-bf03-b97ead364f54	https://envipath.org/package/521c547a-fd2a-491c-ad5b-7eaa1577fb65/scenario/61a2e2c6-09ad-44bb-8c85-0f1ec56e142b	no description	https://envipath.org/package/521c547a-fd2a-491c-ad5b-7eaa1577fb65/pathway/d2136b38-0d39-4e36-9120-b6f43c4378f2	1																	sorption corrected & abiotic degradation corrected										
C1=CC=C(C=C1)C(C2CCCCN2)C(=O)O	https://envipath.org/package/521c547a-fd2a-491c-ad5b-7eaa1577fb65/pathway/d2136b38-0d39-4e36-9120-b6f43c4378f2/node/f74d0e06-0a78-42ad-bf03-b97ead364f54	https://envipath.org/package/521c547a-fd2a-491c-ad5b-7eaa1577fb65/scenario/588de5d3-56ed-4525-8ae4-93761a872a66	no description	https://envipath.org/package/521c547a-fd2a-491c-ad5b-7eaa1577fb65/pathway/d2136b38-0d39-4e36-9120-b6f43c4378f2	1																	sorption corrected & abiotic degradation corrected										
CNC1(CCC(CC1=O)O)C2=C(C=CC=C2)Cl	https://envipath.org/package/521c547a-fd2a-491c-ad5b-7eaa1577fb65/pathway/759b19e4-ba4d-4fab-9384-0df075654704/node/8c391250-8c74-442d-879d-fa8e89a9bebb	https://envipath.org/package/521c547a-fd2a-491c-ad5b-7eaa1577fb65/scenario/e0655817-d9f6-49b9-b6b4-1b3a13f207fb	no description	https://envipath.org/package/521c547a-fd2a-491c-ad5b-7eaa1577fb65/pathway/759b19e4-ba4d-4fab-9384-0df075654704	3																											
CNC1(CCC(CC1=O)O)C2=C(C=CC=C2)Cl	https://envipath.org/package/521c547a-fd2a-491c-ad5b-7eaa1577fb65/pathway/759b19e4-ba4d-4fab-9384-0df075654704/node/8c391250-8c74-442d-879d-fa8e89a9bebb	https://envipath.org/package/521c547a-fd2a-491c-ad5b-7eaa1577fb65/scenario/ce1c5e75-866a-4ff7-bc11-bf539670a135	no description	https://envipath.org/package/521c547a-fd2a-491c-ad5b-7eaa1577fb65/pathway/759b19e4-ba4d-4fab-9384-0df075654704	3																											
CNC1(CCC(CC1=O)O)C2=C(C=CC=C2)Cl	https://envipath.org/package/521c547a-fd2a-491c-ad5b-7eaa1577fb65/pathway/759b19e4-ba4d-4fab-9384-0df075654704/node/8c391250-8c74-442d-879d-fa8e89a9bebb	https://envipath.org/package/521c547a-fd2a-491c-ad5b-7eaa1577fb65/scenario/0fb602fc-35cd-4569-895b-961910738e41	no description	https://envipath.org/package/521c547a-fd2a-491c-ad5b-7eaa1577fb65/pathway/759b19e4-ba4d-4fab-9384-0df075654704	3																											
CNC1(CCCCC1=O)C2=C(C=CC=C2)Cl	https://envipath.org/package/521c547a-fd2a-491c-ad5b-7eaa1577fb65/pathway/759b19e4-ba4d-4fab-9384-0df075654704/node/471c6847-efc3-4bcd-86ea-5c06d959ff11	https://envipath.org/package/521c547a-fd2a-491c-ad5b-7eaa1577fb65/scenario/3d87693d-d4f1-4644-801f-2deefae64ff4	no description	https://envipath.org/package/521c547a-fd2a-491c-ad5b-7eaa1577fb65/pathway/759b19e4-ba4d-4fab-9384-0df075654704	1																	sorption corrected & abiotic degradation corrected										
CNC1(CCCCC1=O)C2=C(C=CC=C2)Cl	https://envipath.org/package/521c547a-fd2a-491c-ad5b-7eaa1577fb65/pathway/759b19e4-ba4d-4fab-9384-0df075654704/node/471c6847-efc3-4bcd-86ea-5c06d959ff11	https://envipath.org/package/521c547a-fd2a-491c-ad5b-7eaa1577fb65/scenario/3b69abde-8aec-4c29-9908-848d0cc511dd	no description	https://envipath.org/package/521c547a-fd2a-491c-ad5b-7eaa1577fb65/pathway/759b19e4-ba4d-4fab-9384-0df075654704	1																	sorption corrected & abiotic degradation corrected										
CNC1(CCCCC1=O)C2=C(C=CC=C2)Cl	https://envipath.org/package/521c547a-fd2a-491c-ad5b-7eaa1577fb65/pathway/759b19e4-ba4d-4fab-9384-0df075654704/node/471c6847-efc3-4bcd-86ea-5c06d959ff11	https://envipath.org/package/521c547a-fd2a-491c-ad5b-7eaa1577fb65/scenario/36f5cdbe-2e28-4aed-8a3b-134ae0581b05	no description	https://envipath.org/package/521c547a-fd2a-491c-ad5b-7eaa1577fb65/pathway/759b19e4-ba4d-4fab-9384-0df075654704	1																	sorption corrected & abiotic degradation corrected										
C1=CC(=C(C=C1)Cl)C2(CCCCC2=O)N	https://envipath.org/package/521c547a-fd2a-491c-ad5b-7eaa1577fb65/pathway/759b19e4-ba4d-4fab-9384-0df075654704/node/0e6cdf03-b40b-45e4-8ae3-95c810c0f795	https://envipath.org/package/521c547a-fd2a-491c-ad5b-7eaa1577fb65/scenario/ea528c31-a46e-40a6-9fbe-b4f5a6bb4d3f	no description	https://envipath.org/package/521c547a-fd2a-491c-ad5b-7eaa1577fb65/pathway/759b19e4-ba4d-4fab-9384-0df075654704	2																											
C1=CC(=C(C=C1)Cl)C2(CCCCC2=O)N	https://envipath.org/package/521c547a-fd2a-491c-ad5b-7eaa1577fb65/pathway/759b19e4-ba4d-4fab-9384-0df075654704/node/0e6cdf03-b40b-45e4-8ae3-95c810c0f795	https://envipath.org/package/521c547a-fd2a-491c-ad5b-7eaa1577fb65/scenario/46b6b42d-5b1d-45af-9fc2-3e18a8baebde	no description	https://envipath.org/package/521c547a-fd2a-491c-ad5b-7eaa1577fb65/pathway/759b19e4-ba4d-4fab-9384-0df075654704	2																											
C1=CC(=C(C=C1)Cl)C2(CCCCC2=O)N	https://envipath.org/package/521c547a-fd2a-491c-ad5b-7eaa1577fb65/pathway/759b19e4-ba4d-4fab-9384-0df075654704/node/0e6cdf03-b40b-45e4-8ae3-95c810c0f795	https://envipath.org/package/521c547a-fd2a-491c-ad5b-7eaa1577fb65/scenario/6064d421-b66a-4854-97a9-335536ef3ad1	no description	https://envipath.org/package/521c547a-fd2a-491c-ad5b-7eaa1577fb65/pathway/759b19e4-ba4d-4fab-9384-0df075654704	2																											
CC(C(C1=CC=CC=C1)O)NC	https://envipath.org/package/521c547a-fd2a-491c-ad5b-7eaa1577fb65/pathway/4fafac19-403a-475e-b195-722f606cd582/node/b0cd67e2-a808-4276-b255-3df3e4da73d9	https://envipath.org/package/521c547a-fd2a-491c-ad5b-7eaa1577fb65/scenario/164a45a8-4e44-4b18-bcfb-50ffe3568b48	no description	https://envipath.org/package/521c547a-fd2a-491c-ad5b-7eaa1577fb65/pathway/4fafac19-403a-475e-b195-722f606cd582	1																	sorption corrected & abiotic degradation corrected										
CC(C(C1=CC=CC=C1)O)NC	https://envipath.org/package/521c547a-fd2a-491c-ad5b-7eaa1577fb65/pathway/4fafac19-403a-475e-b195-722f606cd582/node/b0cd67e2-a808-4276-b255-3df3e4da73d9	https://envipath.org/package/521c547a-fd2a-491c-ad5b-7eaa1577fb65/scenario/c23cdbb3-d413-4bc7-aaa2-5a4d3ba06e0a	no description	https://envipath.org/package/521c547a-fd2a-491c-ad5b-7eaa1577fb65/pathway/4fafac19-403a-475e-b195-722f606cd582	1																	sorption corrected & abiotic degradation corrected										
CC(C(C1=CC=CC=C1)O)NC	https://envipath.org/package/521c547a-fd2a-491c-ad5b-7eaa1577fb65/pathway/4fafac19-403a-475e-b195-722f606cd582/node/b0cd67e2-a808-4276-b255-3df3e4da73d9	https://envipath.org/package/521c547a-fd2a-491c-ad5b-7eaa1577fb65/scenario/cca86e6b-96fb-422f-bc1e-78178c6d739a	no description	https://envipath.org/package/521c547a-fd2a-491c-ad5b-7eaa1577fb65/pathway/4fafac19-403a-475e-b195-722f606cd582	1																	sorption corrected & abiotic degradation corrected										
CC(C(C1=CC=CC=C1)O)N	https://envipath.org/package/521c547a-fd2a-491c-ad5b-7eaa1577fb65/pathway/4fafac19-403a-475e-b195-722f606cd582/node/05668313-1362-4576-a025-d568131f3e47	https://envipath.org/package/521c547a-fd2a-491c-ad5b-7eaa1577fb65/scenario/3a7eb96e-8dd7-447b-be9e-1454552c81c0	no description	https://envipath.org/package/521c547a-fd2a-491c-ad5b-7eaa1577fb65/pathway/4fafac19-403a-475e-b195-722f606cd582	2																											
CC(C(C1=CC=CC=C1)O)N	https://envipath.org/package/521c547a-fd2a-491c-ad5b-7eaa1577fb65/pathway/4fafac19-403a-475e-b195-722f606cd582/node/05668313-1362-4576-a025-d568131f3e47	https://envipath.org/package/521c547a-fd2a-491c-ad5b-7eaa1577fb65/scenario/35e79c32-5b9d-46c6-8894-8063d1f916af	no description	https://envipath.org/package/521c547a-fd2a-491c-ad5b-7eaa1577fb65/pathway/4fafac19-403a-475e-b195-722f606cd582	2																											
CC(C(C1=CC=CC=C1)O)N	https://envipath.org/package/521c547a-fd2a-491c-ad5b-7eaa1577fb65/pathway/4fafac19-403a-475e-b195-722f606cd582/node/05668313-1362-4576-a025-d568131f3e47	https://envipath.org/package/521c547a-fd2a-491c-ad5b-7eaa1577fb65/scenario/58913aa8-4bdf-4c6e-9549-766eac331b51	no description	https://envipath.org/package/521c547a-fd2a-491c-ad5b-7eaa1577fb65/pathway/4fafac19-403a-475e-b195-722f606cd582	2																											
C(C1C(C(C(CCl)(O1)OC2C(C(C(C(CO)O2)Cl)O)O)O)O)Cl	https://envipath.org/package/521c547a-fd2a-491c-ad5b-7eaa1577fb65/pathway/17c93cd3-a0fa-4304-89fe-edd43680325e/node/dee76144-d470-4659-a23e-4e235232d47a	https://envipath.org/package/521c547a-fd2a-491c-ad5b-7eaa1577fb65/scenario/d15fe3fa-0eba-401c-89f9-77dec6f2cc69	no description	https://envipath.org/package/521c547a-fd2a-491c-ad5b-7eaa1577fb65/pathway/17c93cd3-a0fa-4304-89fe-edd43680325e	1																	sorption corrected & abiotic degradation corrected										
C(C1C(C(C(CCl)(O1)OC2C(C(C(C(CO)O2)Cl)O)O)O)O)Cl	https://envipath.org/package/521c547a-fd2a-491c-ad5b-7eaa1577fb65/pathway/17c93cd3-a0fa-4304-89fe-edd43680325e/node/dee76144-d470-4659-a23e-4e235232d47a	https://envipath.org/package/521c547a-fd2a-491c-ad5b-7eaa1577fb65/scenario/4915e992-1089-4f9b-ba66-7e759d2b0b2a	no description	https://envipath.org/package/521c547a-fd2a-491c-ad5b-7eaa1577fb65/pathway/17c93cd3-a0fa-4304-89fe-edd43680325e	1																	sorption corrected & abiotic degradation corrected										
C(C1C(C(C(CCl)(O1)OC2C(C(C(C(CO)O2)Cl)O)O)O)O)Cl	https://envipath.org/package/521c547a-fd2a-491c-ad5b-7eaa1577fb65/pathway/17c93cd3-a0fa-4304-89fe-edd43680325e/node/dee76144-d470-4659-a23e-4e235232d47a	https://envipath.org/package/521c547a-fd2a-491c-ad5b-7eaa1577fb65/scenario/31daca19-98a4-4bc6-8f4a-68da972900b9	no description	https://envipath.org/package/521c547a-fd2a-491c-ad5b-7eaa1577fb65/pathway/17c93cd3-a0fa-4304-89fe-edd43680325e	1																	sorption corrected & abiotic degradation corrected										
C#CC1(CCC2C3CCC4=CC(=CC=C4C3CCC21C)O)O	https://envipath.org/package/521c547a-fd2a-491c-ad5b-7eaa1577fb65/pathway/99bfce7d-4afd-4b37-8d2d-77310f0bea9e/node/af7cf7b3-b4a2-4df3-8042-87e693c6273e	https://envipath.org/package/521c547a-fd2a-491c-ad5b-7eaa1577fb65/scenario/04b6a3bb-ec85-443c-b81f-e96a7f00419e	https://doi.org/10.1016/S0048-9697(98)00335-0	https://envipath.org/package/521c547a-fd2a-491c-ad5b-7eaa1577fb65/pathway/99bfce7d-4afd-4b37-8d2d-77310f0bea9e		aerob		Germany, near Frankfurt/Main	container covered with aluminium foil	activated sludge	shaking		200.0		0.001			municipal WW			drinking water											
C#CC1(CCC2C3CCC4=CC(=CC=C4C3CCC21C)O)O	https://envipath.org/package/521c547a-fd2a-491c-ad5b-7eaa1577fb65/pathway/99bfce7d-4afd-4b37-8d2d-77310f0bea9e/node/af7cf7b3-b4a2-4df3-8042-87e693c6273e	https://envipath.org/package/521c547a-fd2a-491c-ad5b-7eaa1577fb65/scenario/3bd6b024-0b46-49e1-ad20-8ae8a393d55f	https://doi.org/10.1016/S0048-9697(98)00335-0	https://envipath.org/package/521c547a-fd2a-491c-ad5b-7eaa1577fb65/pathway/99bfce7d-4afd-4b37-8d2d-77310f0bea9e		aerob		Germany, near Frankfurt/Main	container covered with aluminium foil	activated sludge	shaking		2.0		1.0			municipal WW		8.0	drinking water 											
C#CC1(CCC2C3CCC4=CC(=CC=C4C3CCC21C)OC)O	https://envipath.org/package/521c547a-fd2a-491c-ad5b-7eaa1577fb65/pathway/99bfce7d-4afd-4b37-8d2d-77310f0bea9e/node/b2c076d1-241b-461c-be09-c2da8bbcd8f6	https://envipath.org/package/521c547a-fd2a-491c-ad5b-7eaa1577fb65/scenario/04b6a3bb-ec85-443c-b81f-e96a7f00419e	https://doi.org/10.1016/S0048-9697(98)00335-0	https://envipath.org/package/521c547a-fd2a-491c-ad5b-7eaa1577fb65/pathway/99bfce7d-4afd-4b37-8d2d-77310f0bea9e		aerob		Germany, near Frankfurt/Main	container covered with aluminium foil	activated sludge	shaking		200.0		0.001			municipal WW			drinking water											
C#CC1(CCC2C3CCC4=CC(=CC=C4C3CCC21C)OC)O	https://envipath.org/package/521c547a-fd2a-491c-ad5b-7eaa1577fb65/pathway/99bfce7d-4afd-4b37-8d2d-77310f0bea9e/node/b2c076d1-241b-461c-be09-c2da8bbcd8f6	https://envipath.org/package/521c547a-fd2a-491c-ad5b-7eaa1577fb65/scenario/3bd6b024-0b46-49e1-ad20-8ae8a393d55f	https://doi.org/10.1016/S0048-9697(98)00335-0	https://envipath.org/package/521c547a-fd2a-491c-ad5b-7eaa1577fb65/pathway/99bfce7d-4afd-4b37-8d2d-77310f0bea9e		aerob		Germany, near Frankfurt/Main	container covered with aluminium foil	activated sludge	shaking		2.0		1.0			municipal WW		8.0	drinking water 											
CC12CCC3C4=CC=C(C=C4CCC3C2CCC1O)OC5C(C(C(C(C(=O)O)O5)O)O)O	https://envipath.org/package/521c547a-fd2a-491c-ad5b-7eaa1577fb65/pathway/4e3712cc-2dc6-4229-b4eb-5203153ff9b6/node/518a4390-0f75-4c84-b797-4f53082f5457	https://envipath.org/package/521c547a-fd2a-491c-ad5b-7eaa1577fb65/scenario/04b6a3bb-ec85-443c-b81f-e96a7f00419e	https://doi.org/10.1016/S0048-9697(98)00335-0	https://envipath.org/package/521c547a-fd2a-491c-ad5b-7eaa1577fb65/pathway/4e3712cc-2dc6-4229-b4eb-5203153ff9b6		aerob		Germany, near Frankfurt/Main	container covered with aluminium foil	activated sludge	shaking		200.0		0.001			municipal WW			drinking water											
CC12CCC3C4=CC=C(C=C4CCC3C2CCC1O)OC5C(C(C(C(C(=O)O)O5)O)O)O	https://envipath.org/package/521c547a-fd2a-491c-ad5b-7eaa1577fb65/pathway/4e3712cc-2dc6-4229-b4eb-5203153ff9b6/node/518a4390-0f75-4c84-b797-4f53082f5457	https://envipath.org/package/521c547a-fd2a-491c-ad5b-7eaa1577fb65/scenario/3bd6b024-0b46-49e1-ad20-8ae8a393d55f	https://doi.org/10.1016/S0048-9697(98)00335-0	https://envipath.org/package/521c547a-fd2a-491c-ad5b-7eaa1577fb65/pathway/4e3712cc-2dc6-4229-b4eb-5203153ff9b6		aerob		Germany, near Frankfurt/Main	container covered with aluminium foil	activated sludge	shaking		2.0		1.0			municipal WW		8.0	drinking water 											
CC12CCC3C4=CC=C(C=C4CCC3C2CCC1O)O	https://envipath.org/package/521c547a-fd2a-491c-ad5b-7eaa1577fb65/pathway/4e3712cc-2dc6-4229-b4eb-5203153ff9b6/node/fbd3ace7-a5ba-4152-916c-10315b485215	https://envipath.org/package/521c547a-fd2a-491c-ad5b-7eaa1577fb65/scenario/04b6a3bb-ec85-443c-b81f-e96a7f00419e	https://doi.org/10.1016/S0048-9697(98)00335-0	https://envipath.org/package/521c547a-fd2a-491c-ad5b-7eaa1577fb65/pathway/4e3712cc-2dc6-4229-b4eb-5203153ff9b6		aerob		Germany, near Frankfurt/Main	container covered with aluminium foil	activated sludge	shaking		200.0		0.001			municipal WW			drinking water											
CC12CCC3C4=CC=C(C=C4CCC3C2CCC1O)O	https://envipath.org/package/521c547a-fd2a-491c-ad5b-7eaa1577fb65/pathway/4e3712cc-2dc6-4229-b4eb-5203153ff9b6/node/fbd3ace7-a5ba-4152-916c-10315b485215	https://envipath.org/package/521c547a-fd2a-491c-ad5b-7eaa1577fb65/scenario/3bd6b024-0b46-49e1-ad20-8ae8a393d55f	https://doi.org/10.1016/S0048-9697(98)00335-0	https://envipath.org/package/521c547a-fd2a-491c-ad5b-7eaa1577fb65/pathway/4e3712cc-2dc6-4229-b4eb-5203153ff9b6		aerob		Germany, near Frankfurt/Main	container covered with aluminium foil	activated sludge	shaking		2.0		1.0			municipal WW		8.0	drinking water 											
CC12CCC3C4=CC=C(C=C4CCC3C2CCC1=O)O	https://envipath.org/package/521c547a-fd2a-491c-ad5b-7eaa1577fb65/pathway/4e3712cc-2dc6-4229-b4eb-5203153ff9b6/node/e6ec1c27-5f19-41b0-b696-c5ed4d5fbab4	https://envipath.org/package/521c547a-fd2a-491c-ad5b-7eaa1577fb65/scenario/04b6a3bb-ec85-443c-b81f-e96a7f00419e	https://doi.org/10.1016/S0048-9697(98)00335-0	https://envipath.org/package/521c547a-fd2a-491c-ad5b-7eaa1577fb65/pathway/4e3712cc-2dc6-4229-b4eb-5203153ff9b6		aerob		Germany, near Frankfurt/Main	container covered with aluminium foil	activated sludge	shaking		200.0		0.001			municipal WW			drinking water											
CC12CCC3C4=CC=C(C=C4CCC3C2CCC1=O)O	https://envipath.org/package/521c547a-fd2a-491c-ad5b-7eaa1577fb65/pathway/4e3712cc-2dc6-4229-b4eb-5203153ff9b6/node/e6ec1c27-5f19-41b0-b696-c5ed4d5fbab4	https://envipath.org/package/521c547a-fd2a-491c-ad5b-7eaa1577fb65/scenario/3bd6b024-0b46-49e1-ad20-8ae8a393d55f	https://doi.org/10.1016/S0048-9697(98)00335-0	https://envipath.org/package/521c547a-fd2a-491c-ad5b-7eaa1577fb65/pathway/4e3712cc-2dc6-4229-b4eb-5203153ff9b6		aerob		Germany, near Frankfurt/Main	container covered with aluminium foil	activated sludge	shaking		2.0		1.0			municipal WW		8.0	drinking water 											
CC12CCC3C4=CC=C(C=C4CCC3C2COC1=O)O	https://envipath.org/package/521c547a-fd2a-491c-ad5b-7eaa1577fb65/pathway/6fe1c144-ea2e-4b71-a3a5-dedd14f859d3/node/39d26297-87cc-433a-b172-364067631a06	https://envipath.org/package/521c547a-fd2a-491c-ad5b-7eaa1577fb65/scenario/3b34e377-2944-4642-bc4d-f065c58b6541	https://doi.org/10.1023/A:1014117329403	https://envipath.org/package/521c547a-fd2a-491c-ad5b-7eaa1577fb65/pathway/6fe1c144-ea2e-4b71-a3a5-dedd14f859d3		aerob		Burlington (Ontario)	Erlemeyer flask	supernatant of activated sludge	shaking		500.0		200.0	spiking in solvent	{'end': 21.0, 'start': 21.0}	municipal WW			mineral salt medium (270 mg K2HPO4, 160 mg KH2PO4, 100 mg NH4Cl, 10 mg MgSO4, and 1 mL acetone in 1 L of tap water)											
CC12CCC3C4=CC=C(C=C4CCC3C2COC1=O)O	https://envipath.org/package/521c547a-fd2a-491c-ad5b-7eaa1577fb65/pathway/6fe1c144-ea2e-4b71-a3a5-dedd14f859d3/node/39d26297-87cc-433a-b172-364067631a06	https://envipath.org/package/521c547a-fd2a-491c-ad5b-7eaa1577fb65/scenario/0ee6eaaf-2a2c-4ffe-8f1d-434a02b1ff5b	https://doi.org/10.1023/A:1014117329403	https://envipath.org/package/521c547a-fd2a-491c-ad5b-7eaa1577fb65/pathway/6fe1c144-ea2e-4b71-a3a5-dedd14f859d3		aerob		Burlington (Ontario)	cyclon fermenter				1000.0		200.0	spiking in solvent	{'end': 21.0, 'start': 21.0}	municipal WW			supernatant of sludge											
CC12CCC3C4=CC=C(C=C4CCC3C2COC1=O)O	https://envipath.org/package/521c547a-fd2a-491c-ad5b-7eaa1577fb65/pathway/6fe1c144-ea2e-4b71-a3a5-dedd14f859d3/node/39d26297-87cc-433a-b172-364067631a06	https://envipath.org/package/521c547a-fd2a-491c-ad5b-7eaa1577fb65/scenario/7a6106eb-4bf9-4894-957f-c05af0da0d0c	https://doi.org/10.1023/A:1014117329403	https://envipath.org/package/521c547a-fd2a-491c-ad5b-7eaa1577fb65/pathway/6fe1c144-ea2e-4b71-a3a5-dedd14f859d3		anaerob		Burlington (Ontario)	Erlemeyer flask	supernatant of activated sludge			1000.0		2000.0	spiking in solvent	{'end': 21.0, 'start': 21.0}	municipal WW					none, purged with nitrogen gas for 2 min			3 mL of acetone						
CC1CCC2C3=CC=C(C=C3CCC2C1C(=O)O)O	https://envipath.org/package/521c547a-fd2a-491c-ad5b-7eaa1577fb65/pathway/6fe1c144-ea2e-4b71-a3a5-dedd14f859d3/node/a310586a-cb59-4d8d-bf0d-dd4ffa4fbc44	https://envipath.org/package/521c547a-fd2a-491c-ad5b-7eaa1577fb65/scenario/3b34e377-2944-4642-bc4d-f065c58b6541	https://doi.org/10.1023/A:1014117329403	https://envipath.org/package/521c547a-fd2a-491c-ad5b-7eaa1577fb65/pathway/6fe1c144-ea2e-4b71-a3a5-dedd14f859d3		aerob		Burlington (Ontario)	Erlemeyer flask	supernatant of activated sludge	shaking		500.0		200.0	spiking in solvent	{'end': 21.0, 'start': 21.0}	municipal WW			mineral salt medium (270 mg K2HPO4, 160 mg KH2PO4, 100 mg NH4Cl, 10 mg MgSO4, and 1 mL acetone in 1 L of tap water)											
CC1CCC2C3=CC=C(C=C3CCC2C1C(=O)O)O	https://envipath.org/package/521c547a-fd2a-491c-ad5b-7eaa1577fb65/pathway/6fe1c144-ea2e-4b71-a3a5-dedd14f859d3/node/a310586a-cb59-4d8d-bf0d-dd4ffa4fbc44	https://envipath.org/package/521c547a-fd2a-491c-ad5b-7eaa1577fb65/scenario/0ee6eaaf-2a2c-4ffe-8f1d-434a02b1ff5b	https://doi.org/10.1023/A:1014117329403	https://envipath.org/package/521c547a-fd2a-491c-ad5b-7eaa1577fb65/pathway/6fe1c144-ea2e-4b71-a3a5-dedd14f859d3		aerob		Burlington (Ontario)	cyclon fermenter				1000.0		200.0	spiking in solvent	{'end': 21.0, 'start': 21.0}	municipal WW			supernatant of sludge											
CC1CCC2C3=CC=C(C=C3CCC2C1C(=O)O)O	https://envipath.org/package/521c547a-fd2a-491c-ad5b-7eaa1577fb65/pathway/6fe1c144-ea2e-4b71-a3a5-dedd14f859d3/node/a310586a-cb59-4d8d-bf0d-dd4ffa4fbc44	https://envipath.org/package/521c547a-fd2a-491c-ad5b-7eaa1577fb65/scenario/7a6106eb-4bf9-4894-957f-c05af0da0d0c	https://doi.org/10.1023/A:1014117329403	https://envipath.org/package/521c547a-fd2a-491c-ad5b-7eaa1577fb65/pathway/6fe1c144-ea2e-4b71-a3a5-dedd14f859d3		anaerob		Burlington (Ontario)	Erlemeyer flask	supernatant of activated sludge			1000.0		2000.0	spiking in solvent	{'end': 21.0, 'start': 21.0}	municipal WW					none, purged with nitrogen gas for 2 min			3 mL of acetone						
CC1(CCC2C3=CC=C(C=C3CCC2C1CO)O)C(=O)O	https://envipath.org/package/521c547a-fd2a-491c-ad5b-7eaa1577fb65/pathway/6fe1c144-ea2e-4b71-a3a5-dedd14f859d3/node/54ed75f3-6f65-41a4-8c06-4f9d21e2e33c	https://envipath.org/package/521c547a-fd2a-491c-ad5b-7eaa1577fb65/scenario/3b34e377-2944-4642-bc4d-f065c58b6541	https://doi.org/10.1023/A:1014117329403	https://envipath.org/package/521c547a-fd2a-491c-ad5b-7eaa1577fb65/pathway/6fe1c144-ea2e-4b71-a3a5-dedd14f859d3		aerob		Burlington (Ontario)	Erlemeyer flask	supernatant of activated sludge	shaking		500.0		200.0	spiking in solvent	{'end': 21.0, 'start': 21.0}	municipal WW			mineral salt medium (270 mg K2HPO4, 160 mg KH2PO4, 100 mg NH4Cl, 10 mg MgSO4, and 1 mL acetone in 1 L of tap water)											
CC1(CCC2C3=CC=C(C=C3CCC2C1CO)O)C(=O)O	https://envipath.org/package/521c547a-fd2a-491c-ad5b-7eaa1577fb65/pathway/6fe1c144-ea2e-4b71-a3a5-dedd14f859d3/node/54ed75f3-6f65-41a4-8c06-4f9d21e2e33c	https://envipath.org/package/521c547a-fd2a-491c-ad5b-7eaa1577fb65/scenario/0ee6eaaf-2a2c-4ffe-8f1d-434a02b1ff5b	https://doi.org/10.1023/A:1014117329403	https://envipath.org/package/521c547a-fd2a-491c-ad5b-7eaa1577fb65/pathway/6fe1c144-ea2e-4b71-a3a5-dedd14f859d3		aerob		Burlington (Ontario)	cyclon fermenter				1000.0		200.0	spiking in solvent	{'end': 21.0, 'start': 21.0}	municipal WW			supernatant of sludge											
CC1(CCC2C3=CC=C(C=C3CCC2C1CO)O)C(=O)O	https://envipath.org/package/521c547a-fd2a-491c-ad5b-7eaa1577fb65/pathway/6fe1c144-ea2e-4b71-a3a5-dedd14f859d3/node/54ed75f3-6f65-41a4-8c06-4f9d21e2e33c	https://envipath.org/package/521c547a-fd2a-491c-ad5b-7eaa1577fb65/scenario/7a6106eb-4bf9-4894-957f-c05af0da0d0c	https://doi.org/10.1023/A:1014117329403	https://envipath.org/package/521c547a-fd2a-491c-ad5b-7eaa1577fb65/pathway/6fe1c144-ea2e-4b71-a3a5-dedd14f859d3		anaerob		Burlington (Ontario)	Erlemeyer flask	supernatant of activated sludge			1000.0		2000.0	spiking in solvent	{'end': 21.0, 'start': 21.0}	municipal WW					none, purged with nitrogen gas for 2 min			3 mL of acetone						
CC12CCC3C4=CC=C(C=C4CCC3C2CCC1O)O	https://envipath.org/package/521c547a-fd2a-491c-ad5b-7eaa1577fb65/pathway/6fe1c144-ea2e-4b71-a3a5-dedd14f859d3/node/4b7f8ebd-88e6-4871-b3a5-7a87d918a74a	https://envipath.org/package/521c547a-fd2a-491c-ad5b-7eaa1577fb65/scenario/04b6a3bb-ec85-443c-b81f-e96a7f00419e	https://doi.org/10.1016/S0048-9697(98)00335-0	https://envipath.org/package/521c547a-fd2a-491c-ad5b-7eaa1577fb65/pathway/6fe1c144-ea2e-4b71-a3a5-dedd14f859d3		aerob		Germany, near Frankfurt/Main	container covered with aluminium foil	activated sludge	shaking		200.0		0.001			municipal WW			drinking water											
CC12CCC3C4=CC=C(C=C4CCC3C2CCC1O)O	https://envipath.org/package/521c547a-fd2a-491c-ad5b-7eaa1577fb65/pathway/6fe1c144-ea2e-4b71-a3a5-dedd14f859d3/node/4b7f8ebd-88e6-4871-b3a5-7a87d918a74a	https://envipath.org/package/521c547a-fd2a-491c-ad5b-7eaa1577fb65/scenario/5feb4540-d965-434b-96bd-08cdce516d89	no description	https://envipath.org/package/521c547a-fd2a-491c-ad5b-7eaa1577fb65/pathway/6fe1c144-ea2e-4b71-a3a5-dedd14f859d3																												
CC12CCC3C4=CC=C(C=C4CCC3C2CCC1O)O	https://envipath.org/package/521c547a-fd2a-491c-ad5b-7eaa1577fb65/pathway/6fe1c144-ea2e-4b71-a3a5-dedd14f859d3/node/4b7f8ebd-88e6-4871-b3a5-7a87d918a74a	https://envipath.org/package/521c547a-fd2a-491c-ad5b-7eaa1577fb65/scenario/a3aac4fc-1021-4206-90c7-0d3579e7a01b	no description	https://envipath.org/package/521c547a-fd2a-491c-ad5b-7eaa1577fb65/pathway/6fe1c144-ea2e-4b71-a3a5-dedd14f859d3																												
CC12CCC3C4=CC=C(C=C4CCC3C2CCC1O)O	https://envipath.org/package/521c547a-fd2a-491c-ad5b-7eaa1577fb65/pathway/6fe1c144-ea2e-4b71-a3a5-dedd14f859d3/node/4b7f8ebd-88e6-4871-b3a5-7a87d918a74a	https://envipath.org/package/521c547a-fd2a-491c-ad5b-7eaa1577fb65/scenario/3b34e377-2944-4642-bc4d-f065c58b6541	https://doi.org/10.1023/A:1014117329403	https://envipath.org/package/521c547a-fd2a-491c-ad5b-7eaa1577fb65/pathway/6fe1c144-ea2e-4b71-a3a5-dedd14f859d3		aerob		Burlington (Ontario)	Erlemeyer flask	supernatant of activated sludge	shaking		500.0		200.0	spiking in solvent	{'end': 21.0, 'start': 21.0}	municipal WW			mineral salt medium (270 mg K2HPO4, 160 mg KH2PO4, 100 mg NH4Cl, 10 mg MgSO4, and 1 mL acetone in 1 L of tap water)											
CC12CCC3C4=CC=C(C=C4CCC3C2CCC1O)O	https://envipath.org/package/521c547a-fd2a-491c-ad5b-7eaa1577fb65/pathway/6fe1c144-ea2e-4b71-a3a5-dedd14f859d3/node/4b7f8ebd-88e6-4871-b3a5-7a87d918a74a	https://envipath.org/package/521c547a-fd2a-491c-ad5b-7eaa1577fb65/scenario/3bd6b024-0b46-49e1-ad20-8ae8a393d55f	https://doi.org/10.1016/S0048-9697(98)00335-0	https://envipath.org/package/521c547a-fd2a-491c-ad5b-7eaa1577fb65/pathway/6fe1c144-ea2e-4b71-a3a5-dedd14f859d3		aerob		Germany, near Frankfurt/Main	container covered with aluminium foil	activated sludge	shaking		2.0		1.0			municipal WW		8.0	drinking water 											
CC12CCC3C4=CC=C(C=C4CCC3C2CCC1O)O	https://envipath.org/package/521c547a-fd2a-491c-ad5b-7eaa1577fb65/pathway/6fe1c144-ea2e-4b71-a3a5-dedd14f859d3/node/4b7f8ebd-88e6-4871-b3a5-7a87d918a74a	https://envipath.org/package/521c547a-fd2a-491c-ad5b-7eaa1577fb65/scenario/0ee6eaaf-2a2c-4ffe-8f1d-434a02b1ff5b	https://doi.org/10.1023/A:1014117329403	https://envipath.org/package/521c547a-fd2a-491c-ad5b-7eaa1577fb65/pathway/6fe1c144-ea2e-4b71-a3a5-dedd14f859d3		aerob		Burlington (Ontario)	cyclon fermenter				1000.0		200.0	spiking in solvent	{'end': 21.0, 'start': 21.0}	municipal WW			supernatant of sludge											
CC12CCC3C4=CC=C(C=C4CCC3C2CCC1O)O	https://envipath.org/package/521c547a-fd2a-491c-ad5b-7eaa1577fb65/pathway/6fe1c144-ea2e-4b71-a3a5-dedd14f859d3/node/4b7f8ebd-88e6-4871-b3a5-7a87d918a74a	https://envipath.org/package/521c547a-fd2a-491c-ad5b-7eaa1577fb65/scenario/7a6106eb-4bf9-4894-957f-c05af0da0d0c	https://doi.org/10.1023/A:1014117329403	https://envipath.org/package/521c547a-fd2a-491c-ad5b-7eaa1577fb65/pathway/6fe1c144-ea2e-4b71-a3a5-dedd14f859d3		anaerob		Burlington (Ontario)	Erlemeyer flask	supernatant of activated sludge			1000.0		2000.0	spiking in solvent	{'end': 21.0, 'start': 21.0}	municipal WW					none, purged with nitrogen gas for 2 min			3 mL of acetone						
CC12CCC3C4=CC=C(C=C4CCC3C2CCC1O)O	https://envipath.org/package/521c547a-fd2a-491c-ad5b-7eaa1577fb65/pathway/6fe1c144-ea2e-4b71-a3a5-dedd14f859d3/node/4b7f8ebd-88e6-4871-b3a5-7a87d918a74a	https://envipath.org/package/521c547a-fd2a-491c-ad5b-7eaa1577fb65/scenario/3b798dc0-cc32-4a63-8954-6b08a046d3da	no description	https://envipath.org/package/521c547a-fd2a-491c-ad5b-7eaa1577fb65/pathway/6fe1c144-ea2e-4b71-a3a5-dedd14f859d3																												
CC12CCC3C4=CC=C(C=C4CCC3C2CCC1=O)O	https://envipath.org/package/521c547a-fd2a-491c-ad5b-7eaa1577fb65/pathway/6fe1c144-ea2e-4b71-a3a5-dedd14f859d3/node/108752c5-dc85-42f3-9243-9a3e09c6d820	https://envipath.org/package/521c547a-fd2a-491c-ad5b-7eaa1577fb65/scenario/04b6a3bb-ec85-443c-b81f-e96a7f00419e	https://doi.org/10.1016/S0048-9697(98)00335-0	https://envipath.org/package/521c547a-fd2a-491c-ad5b-7eaa1577fb65/pathway/6fe1c144-ea2e-4b71-a3a5-dedd14f859d3		aerob		Germany, near Frankfurt/Main	container covered with aluminium foil	activated sludge	shaking		200.0		0.001			municipal WW			drinking water											
CC12CCC3C4=CC=C(C=C4CCC3C2CCC1=O)O	https://envipath.org/package/521c547a-fd2a-491c-ad5b-7eaa1577fb65/pathway/6fe1c144-ea2e-4b71-a3a5-dedd14f859d3/node/108752c5-dc85-42f3-9243-9a3e09c6d820	https://envipath.org/package/521c547a-fd2a-491c-ad5b-7eaa1577fb65/scenario/6f5047bc-eb1d-485f-a984-b95b13699727	no description	https://envipath.org/package/521c547a-fd2a-491c-ad5b-7eaa1577fb65/pathway/6fe1c144-ea2e-4b71-a3a5-dedd14f859d3																												
CC12CCC3C4=CC=C(C=C4CCC3C2CCC1=O)O	https://envipath.org/package/521c547a-fd2a-491c-ad5b-7eaa1577fb65/pathway/6fe1c144-ea2e-4b71-a3a5-dedd14f859d3/node/108752c5-dc85-42f3-9243-9a3e09c6d820	https://envipath.org/package/521c547a-fd2a-491c-ad5b-7eaa1577fb65/scenario/3b34e377-2944-4642-bc4d-f065c58b6541	https://doi.org/10.1023/A:1014117329403	https://envipath.org/package/521c547a-fd2a-491c-ad5b-7eaa1577fb65/pathway/6fe1c144-ea2e-4b71-a3a5-dedd14f859d3		aerob		Burlington (Ontario)	Erlemeyer flask	supernatant of activated sludge	shaking		500.0		200.0	spiking in solvent	{'end': 21.0, 'start': 21.0}	municipal WW			mineral salt medium (270 mg K2HPO4, 160 mg KH2PO4, 100 mg NH4Cl, 10 mg MgSO4, and 1 mL acetone in 1 L of tap water)											
CC12CCC3C4=CC=C(C=C4CCC3C2CCC1=O)O	https://envipath.org/package/521c547a-fd2a-491c-ad5b-7eaa1577fb65/pathway/6fe1c144-ea2e-4b71-a3a5-dedd14f859d3/node/108752c5-dc85-42f3-9243-9a3e09c6d820	https://envipath.org/package/521c547a-fd2a-491c-ad5b-7eaa1577fb65/scenario/306f1b9f-c079-4791-a476-d71544877d5e	no description	https://envipath.org/package/521c547a-fd2a-491c-ad5b-7eaa1577fb65/pathway/6fe1c144-ea2e-4b71-a3a5-dedd14f859d3																												
CC12CCC3C4=CC=C(C=C4CCC3C2CCC1=O)O	https://envipath.org/package/521c547a-fd2a-491c-ad5b-7eaa1577fb65/pathway/6fe1c144-ea2e-4b71-a3a5-dedd14f859d3/node/108752c5-dc85-42f3-9243-9a3e09c6d820	https://envipath.org/package/521c547a-fd2a-491c-ad5b-7eaa1577fb65/scenario/3bd6b024-0b46-49e1-ad20-8ae8a393d55f	https://doi.org/10.1016/S0048-9697(98)00335-0	https://envipath.org/package/521c547a-fd2a-491c-ad5b-7eaa1577fb65/pathway/6fe1c144-ea2e-4b71-a3a5-dedd14f859d3		aerob		Germany, near Frankfurt/Main	container covered with aluminium foil	activated sludge	shaking		2.0		1.0			municipal WW		8.0	drinking water 											
CC12CCC3C4=CC=C(C=C4CCC3C2CCC1=O)O	https://envipath.org/package/521c547a-fd2a-491c-ad5b-7eaa1577fb65/pathway/6fe1c144-ea2e-4b71-a3a5-dedd14f859d3/node/108752c5-dc85-42f3-9243-9a3e09c6d820	https://envipath.org/package/521c547a-fd2a-491c-ad5b-7eaa1577fb65/scenario/0ee6eaaf-2a2c-4ffe-8f1d-434a02b1ff5b	https://doi.org/10.1023/A:1014117329403	https://envipath.org/package/521c547a-fd2a-491c-ad5b-7eaa1577fb65/pathway/6fe1c144-ea2e-4b71-a3a5-dedd14f859d3		aerob		Burlington (Ontario)	cyclon fermenter				1000.0		200.0	spiking in solvent	{'end': 21.0, 'start': 21.0}	municipal WW			supernatant of sludge											
CC12CCC3C4=CC=C(C=C4CCC3C2CCC1=O)O	https://envipath.org/package/521c547a-fd2a-491c-ad5b-7eaa1577fb65/pathway/6fe1c144-ea2e-4b71-a3a5-dedd14f859d3/node/108752c5-dc85-42f3-9243-9a3e09c6d820	https://envipath.org/package/521c547a-fd2a-491c-ad5b-7eaa1577fb65/scenario/37f0c790-ab1b-44f1-ba06-cb0f61d22e9e	no description	https://envipath.org/package/521c547a-fd2a-491c-ad5b-7eaa1577fb65/pathway/6fe1c144-ea2e-4b71-a3a5-dedd14f859d3																												
CC12CCC3C4=CC=C(C=C4CCC3C2CCC1=O)O	https://envipath.org/package/521c547a-fd2a-491c-ad5b-7eaa1577fb65/pathway/6fe1c144-ea2e-4b71-a3a5-dedd14f859d3/node/108752c5-dc85-42f3-9243-9a3e09c6d820	https://envipath.org/package/521c547a-fd2a-491c-ad5b-7eaa1577fb65/scenario/7a6106eb-4bf9-4894-957f-c05af0da0d0c	https://doi.org/10.1023/A:1014117329403	https://envipath.org/package/521c547a-fd2a-491c-ad5b-7eaa1577fb65/pathway/6fe1c144-ea2e-4b71-a3a5-dedd14f859d3		anaerob		Burlington (Ontario)	Erlemeyer flask	supernatant of activated sludge			1000.0		2000.0	spiking in solvent	{'end': 21.0, 'start': 21.0}	municipal WW					none, purged with nitrogen gas for 2 min			3 mL of acetone						
C#C[C@@]1(CC[C@H]2[C@@H]3CCC4=CC(=CC=C4[C@H]3CC[C@@]21C)O)O	https://envipath.org/package/521c547a-fd2a-491c-ad5b-7eaa1577fb65/pathway/b6444e73-7711-4e6b-9978-4cdf0a1256cc/node/5dc950b1-2eb8-41c3-ba9f-1aecd3ad7d86	https://envipath.org/package/521c547a-fd2a-491c-ad5b-7eaa1577fb65/scenario/e3ad3962-8af2-4ce2-b576-a032b237bb06	no description	https://envipath.org/package/521c547a-fd2a-491c-ad5b-7eaa1577fb65/pathway/b6444e73-7711-4e6b-9978-4cdf0a1256cc																												
C#C[C@@]1(CC[C@H]2[C@@H]3CCC4=CC(=CC=C4[C@H]3CC[C@@]21C)O)O	https://envipath.org/package/521c547a-fd2a-491c-ad5b-7eaa1577fb65/pathway/b6444e73-7711-4e6b-9978-4cdf0a1256cc/node/5dc950b1-2eb8-41c3-ba9f-1aecd3ad7d86	https://envipath.org/package/521c547a-fd2a-491c-ad5b-7eaa1577fb65/scenario/6adc212a-e76a-4567-a00b-8b46055ecad0	no description	https://envipath.org/package/521c547a-fd2a-491c-ad5b-7eaa1577fb65/pathway/b6444e73-7711-4e6b-9978-4cdf0a1256cc																												
C#C[C@@]1(CC[C@H]2[C@@H]3CCC4=CC(=CC=C4[C@H]3CC[C@@]21C)O)O	https://envipath.org/package/521c547a-fd2a-491c-ad5b-7eaa1577fb65/pathway/b6444e73-7711-4e6b-9978-4cdf0a1256cc/node/5dc950b1-2eb8-41c3-ba9f-1aecd3ad7d86	https://envipath.org/package/521c547a-fd2a-491c-ad5b-7eaa1577fb65/scenario/4ab94a9f-0210-4602-b5c5-8087abc1e115	no description	https://envipath.org/package/521c547a-fd2a-491c-ad5b-7eaa1577fb65/pathway/b6444e73-7711-4e6b-9978-4cdf0a1256cc																												
C[C@@]12CC[C@@H]3C4=CC=C(C=C4CC[C@H]3[C@@H]2C[C@H]([C@@H]1O)O)O	https://envipath.org/package/521c547a-fd2a-491c-ad5b-7eaa1577fb65/pathway/ffe3f8d4-0616-48b7-b851-39685530b376/node/2e92ff02-d877-4454-9561-09971f33313f	https://envipath.org/package/521c547a-fd2a-491c-ad5b-7eaa1577fb65/scenario/ddbf4d77-def2-4b27-8efd-241199d72add	no description	https://envipath.org/package/521c547a-fd2a-491c-ad5b-7eaa1577fb65/pathway/ffe3f8d4-0616-48b7-b851-39685530b376																												
CC1=C(C(=C(CS(=O)(=O)C2=NC3=C(C=C(C=C3)OC)N2)N=C1)C)OC	https://envipath.org/package/521c547a-fd2a-491c-ad5b-7eaa1577fb65/pathway/99d7f6eb-17e4-4787-b394-0dfd6b9fba09/node/c1802589-ddcd-4c61-9e92-28d0f9ead4f8	https://envipath.org/package/521c547a-fd2a-491c-ad5b-7eaa1577fb65/scenario/9c4d3d7b-f724-4c88-a557-3efd4ebcd06d	BT experiments in dilute biomass	https://envipath.org/package/521c547a-fd2a-491c-ad5b-7eaa1577fb65/pathway/99d7f6eb-17e4-4787-b394-0dfd6b9fba09	2																											
CC1=C(C(=C(CS(=O)(=O)C2=NC3=C(C=C(C=C3)OC)N2)N=C1)C)OC	https://envipath.org/package/521c547a-fd2a-491c-ad5b-7eaa1577fb65/pathway/99d7f6eb-17e4-4787-b394-0dfd6b9fba09/node/c1802589-ddcd-4c61-9e92-28d0f9ead4f8	https://envipath.org/package/521c547a-fd2a-491c-ad5b-7eaa1577fb65/scenario/1ff4761d-c890-40bf-bb47-794b5d69f1ab	BT experiments in high biomass	https://envipath.org/package/521c547a-fd2a-491c-ad5b-7eaa1577fb65/pathway/99d7f6eb-17e4-4787-b394-0dfd6b9fba09	2																											
CC1=C(C(=C(CS(=O)C2=NC3=C(C=C(C=C3)OC)N2)N=C1)C)OC	https://envipath.org/package/521c547a-fd2a-491c-ad5b-7eaa1577fb65/pathway/99d7f6eb-17e4-4787-b394-0dfd6b9fba09/node/01587f77-4968-43a8-a4f2-fa180a9e280c	https://envipath.org/package/521c547a-fd2a-491c-ad5b-7eaa1577fb65/scenario/b3efca0c-8da7-4c85-9191-caa9aae79dc2	no description	https://envipath.org/package/521c547a-fd2a-491c-ad5b-7eaa1577fb65/pathway/99d7f6eb-17e4-4787-b394-0dfd6b9fba09																					no comment							
CC1=C(C(=C(CS(=O)C2=NC3=C(C=C(C=C3)OC)N2)N=C1)C)OC	https://envipath.org/package/521c547a-fd2a-491c-ad5b-7eaa1577fb65/pathway/99d7f6eb-17e4-4787-b394-0dfd6b9fba09/node/01587f77-4968-43a8-a4f2-fa180a9e280c	https://envipath.org/package/521c547a-fd2a-491c-ad5b-7eaa1577fb65/scenario/5fcc272d-2c50-47aa-8410-94b469166713	no description	https://envipath.org/package/521c547a-fd2a-491c-ad5b-7eaa1577fb65/pathway/99d7f6eb-17e4-4787-b394-0dfd6b9fba09																					no comment							
CC1=C(C(=C(CS(=O)C2=NC3=C(C=C(C=C3)OC)N2)N=C1)C)OC	https://envipath.org/package/521c547a-fd2a-491c-ad5b-7eaa1577fb65/pathway/99d7f6eb-17e4-4787-b394-0dfd6b9fba09/node/01587f77-4968-43a8-a4f2-fa180a9e280c	https://envipath.org/package/521c547a-fd2a-491c-ad5b-7eaa1577fb65/scenario/e1c1d7c2-f22e-488c-9935-227a5037d4d4	no description	https://envipath.org/package/521c547a-fd2a-491c-ad5b-7eaa1577fb65/pathway/99d7f6eb-17e4-4787-b394-0dfd6b9fba09																					no comment							
CC1=C(C(=C(CS(=O)C2=NC3=C(C=C(C=C3)OC)N2)N=C1)C)OC	https://envipath.org/package/521c547a-fd2a-491c-ad5b-7eaa1577fb65/pathway/99d7f6eb-17e4-4787-b394-0dfd6b9fba09/node/01587f77-4968-43a8-a4f2-fa180a9e280c	https://envipath.org/package/521c547a-fd2a-491c-ad5b-7eaa1577fb65/scenario/e5360103-7bfb-42c5-81d8-035db9318e9f	no description	https://envipath.org/package/521c547a-fd2a-491c-ad5b-7eaa1577fb65/pathway/99d7f6eb-17e4-4787-b394-0dfd6b9fba09																					no comment							
CC1=CC=C(C=C1CC2=CC=C(C3=CC=C(C=C3)F)S2)C4C(C(C(C(CO)O4)O)O)O	https://envipath.org/package/521c547a-fd2a-491c-ad5b-7eaa1577fb65/pathway/9e37e172-27bb-4f44-ac97-ba1674da7aad/node/a99017e8-3a03-466d-a348-5fa7ffda6b72	https://envipath.org/package/521c547a-fd2a-491c-ad5b-7eaa1577fb65/scenario/f5608f70-63b4-4681-a4e8-cd0138d599b1	no description	https://envipath.org/package/521c547a-fd2a-491c-ad5b-7eaa1577fb65/pathway/9e37e172-27bb-4f44-ac97-ba1674da7aad																					no comment							
CC1=CC=C(C=C1CC2=CC=C(C3=CC=C(C=C3)F)S2)C4C(C(C(C(CO)O4)O)O)O	https://envipath.org/package/521c547a-fd2a-491c-ad5b-7eaa1577fb65/pathway/9e37e172-27bb-4f44-ac97-ba1674da7aad/node/a99017e8-3a03-466d-a348-5fa7ffda6b72	https://envipath.org/package/521c547a-fd2a-491c-ad5b-7eaa1577fb65/scenario/50213b16-a444-4a47-808f-6368ab7de614	no description	https://envipath.org/package/521c547a-fd2a-491c-ad5b-7eaa1577fb65/pathway/9e37e172-27bb-4f44-ac97-ba1674da7aad																					no comment							
CC1=CC=C(C=C1CC2=CC=C(C3=CC=C(C=C3)F)S2)C4C(C(C(C(CO)O4)O)O)O	https://envipath.org/package/521c547a-fd2a-491c-ad5b-7eaa1577fb65/pathway/9e37e172-27bb-4f44-ac97-ba1674da7aad/node/a99017e8-3a03-466d-a348-5fa7ffda6b72	https://envipath.org/package/521c547a-fd2a-491c-ad5b-7eaa1577fb65/scenario/94011783-2191-4b8e-b785-63704e64bdd4	no description	https://envipath.org/package/521c547a-fd2a-491c-ad5b-7eaa1577fb65/pathway/9e37e172-27bb-4f44-ac97-ba1674da7aad																					<							
CC1=CC=C(C=C1CC2=CC=C(C3=CC=C(C=C3)F)S2)C4C(C(C(C(CO)O4)O)O)O	https://envipath.org/package/521c547a-fd2a-491c-ad5b-7eaa1577fb65/pathway/9e37e172-27bb-4f44-ac97-ba1674da7aad/node/a99017e8-3a03-466d-a348-5fa7ffda6b72	https://envipath.org/package/521c547a-fd2a-491c-ad5b-7eaa1577fb65/scenario/bb38757f-01d9-4c69-b7e6-1d8ef84572e2	no description	https://envipath.org/package/521c547a-fd2a-491c-ad5b-7eaa1577fb65/pathway/9e37e172-27bb-4f44-ac97-ba1674da7aad																					no comment							
CC1=CC=C(C=C1CC2=CC=C(C3=CC=C(C=C3)F)S2)C(C(C(C(C(=O)C(=O)O)O)O)O)O	https://envipath.org/package/521c547a-fd2a-491c-ad5b-7eaa1577fb65/pathway/9e37e172-27bb-4f44-ac97-ba1674da7aad/node/92d1d446-a81d-4de3-b5f5-679c7c2400e3	https://envipath.org/package/521c547a-fd2a-491c-ad5b-7eaa1577fb65/scenario/eed0c094-da29-44ca-8897-a72cf4221f29	BT experiments in dilute biomass	https://envipath.org/package/521c547a-fd2a-491c-ad5b-7eaa1577fb65/pathway/9e37e172-27bb-4f44-ac97-ba1674da7aad	3																											
CC1=CC=C(C=C1CC2=CC=C(C3=CC=C(C=C3)F)S2)C(C(C(C(C(=O)C(=O)O)O)O)O)O	https://envipath.org/package/521c547a-fd2a-491c-ad5b-7eaa1577fb65/pathway/9e37e172-27bb-4f44-ac97-ba1674da7aad/node/92d1d446-a81d-4de3-b5f5-679c7c2400e3	https://envipath.org/package/521c547a-fd2a-491c-ad5b-7eaa1577fb65/scenario/7b0a0e9b-af99-4446-954f-518f7d89f6a5	BT experiments in high biomass	https://envipath.org/package/521c547a-fd2a-491c-ad5b-7eaa1577fb65/pathway/9e37e172-27bb-4f44-ac97-ba1674da7aad	3																											
C1=C(C=CC(=C1)CN)/C=C/C(=O)NO	https://envipath.org/package/521c547a-fd2a-491c-ad5b-7eaa1577fb65/pathway/3a8fcc17-76c6-4931-afe1-11b0f7a9065b/node/877bbb43-7ab1-432f-8077-bfc9e64cba64	https://envipath.org/package/521c547a-fd2a-491c-ad5b-7eaa1577fb65/scenario/a4d448c1-7c29-4bd2-9323-cfaca457e5ac	BT experiments in high biomass	https://envipath.org/package/521c547a-fd2a-491c-ad5b-7eaa1577fb65/pathway/3a8fcc17-76c6-4931-afe1-11b0f7a9065b	3																											
C1=C(C=CC(=C1)CN)/C=C/C(=O)NO	https://envipath.org/package/521c547a-fd2a-491c-ad5b-7eaa1577fb65/pathway/3a8fcc17-76c6-4931-afe1-11b0f7a9065b/node/877bbb43-7ab1-432f-8077-bfc9e64cba64	https://envipath.org/package/521c547a-fd2a-491c-ad5b-7eaa1577fb65/scenario/e656fd20-1352-4d02-84ea-b0e775fa05f0	BT experiments in dilute biomass	https://envipath.org/package/521c547a-fd2a-491c-ad5b-7eaa1577fb65/pathway/3a8fcc17-76c6-4931-afe1-11b0f7a9065b	3																											
CC1=C(C2=C(C=CC=C2)N1)C(CN)O	https://envipath.org/package/521c547a-fd2a-491c-ad5b-7eaa1577fb65/pathway/3a8fcc17-76c6-4931-afe1-11b0f7a9065b/node/d21ed038-85de-4b18-a2de-36cabd0de645	https://envipath.org/package/521c547a-fd2a-491c-ad5b-7eaa1577fb65/scenario/8cccaeda-df5d-4fad-8607-5e56015c545d	BT experiments in high biomass	https://envipath.org/package/521c547a-fd2a-491c-ad5b-7eaa1577fb65/pathway/3a8fcc17-76c6-4931-afe1-11b0f7a9065b	3																											
CC1=C(C2=C(C=CC=C2)N1)C(CN)O	https://envipath.org/package/521c547a-fd2a-491c-ad5b-7eaa1577fb65/pathway/3a8fcc17-76c6-4931-afe1-11b0f7a9065b/node/d21ed038-85de-4b18-a2de-36cabd0de645	https://envipath.org/package/521c547a-fd2a-491c-ad5b-7eaa1577fb65/scenario/dc939a3f-d690-45a5-9007-78c17c4f4913	BT experiments in dilute biomass	https://envipath.org/package/521c547a-fd2a-491c-ad5b-7eaa1577fb65/pathway/3a8fcc17-76c6-4931-afe1-11b0f7a9065b	3																											
CC1=C(CCN)C2=C(C=CC=C2)N1	https://envipath.org/package/521c547a-fd2a-491c-ad5b-7eaa1577fb65/pathway/3a8fcc17-76c6-4931-afe1-11b0f7a9065b/node/14ee74f6-da1b-42d1-8720-6d11242fc08b	https://envipath.org/package/521c547a-fd2a-491c-ad5b-7eaa1577fb65/scenario/4c3d2063-3178-4eef-8bff-f83cf9f03f97	BT experiments in high biomass	https://envipath.org/package/521c547a-fd2a-491c-ad5b-7eaa1577fb65/pathway/3a8fcc17-76c6-4931-afe1-11b0f7a9065b	3																											
CC1=C(CCN)C2=C(C=CC=C2)N1	https://envipath.org/package/521c547a-fd2a-491c-ad5b-7eaa1577fb65/pathway/3a8fcc17-76c6-4931-afe1-11b0f7a9065b/node/14ee74f6-da1b-42d1-8720-6d11242fc08b	https://envipath.org/package/521c547a-fd2a-491c-ad5b-7eaa1577fb65/scenario/625e2e12-0f81-4151-85d0-8b1bceeaa2c8	BT experiments in dilute biomass	https://envipath.org/package/521c547a-fd2a-491c-ad5b-7eaa1577fb65/pathway/3a8fcc17-76c6-4931-afe1-11b0f7a9065b	3																											
CC1=C(CCNCC2=CC=C(C=C2)/C=C/C(=O)NO)C3=C(C=CC=C3)N1	https://envipath.org/package/521c547a-fd2a-491c-ad5b-7eaa1577fb65/pathway/3a8fcc17-76c6-4931-afe1-11b0f7a9065b/node/ac71057c-134b-4c86-86b0-ce4f4a85c909	https://envipath.org/package/521c547a-fd2a-491c-ad5b-7eaa1577fb65/scenario/b2a604c6-b70d-4fdc-a2de-ace0670cf8af	no description	https://envipath.org/package/521c547a-fd2a-491c-ad5b-7eaa1577fb65/pathway/3a8fcc17-76c6-4931-afe1-11b0f7a9065b																					DT50 Min [days] < 0.05							
CC1=C(CCNCC2=CC=C(C=C2)/C=C/C(=O)NO)C3=C(C=CC=C3)N1	https://envipath.org/package/521c547a-fd2a-491c-ad5b-7eaa1577fb65/pathway/3a8fcc17-76c6-4931-afe1-11b0f7a9065b/node/ac71057c-134b-4c86-86b0-ce4f4a85c909	https://envipath.org/package/521c547a-fd2a-491c-ad5b-7eaa1577fb65/scenario/e512e3e0-885d-4bdc-88ba-5a3f7026a3d1	no description	https://envipath.org/package/521c547a-fd2a-491c-ad5b-7eaa1577fb65/pathway/3a8fcc17-76c6-4931-afe1-11b0f7a9065b																					<							
C1=C(C=CC(=C1)C=O)/C=C/C(=O)NO	https://envipath.org/package/521c547a-fd2a-491c-ad5b-7eaa1577fb65/pathway/3a8fcc17-76c6-4931-afe1-11b0f7a9065b/node/a80cc871-30e5-4f31-aa74-519589ccca6c	https://envipath.org/package/521c547a-fd2a-491c-ad5b-7eaa1577fb65/scenario/4bb4e629-3bdb-4fe6-9ed8-1ab65d7e6a18	BT experiments in high biomass	https://envipath.org/package/521c547a-fd2a-491c-ad5b-7eaa1577fb65/pathway/3a8fcc17-76c6-4931-afe1-11b0f7a9065b	3																											
C1=C(C=CC(=C1)C=O)/C=C/C(=O)NO	https://envipath.org/package/521c547a-fd2a-491c-ad5b-7eaa1577fb65/pathway/3a8fcc17-76c6-4931-afe1-11b0f7a9065b/node/a80cc871-30e5-4f31-aa74-519589ccca6c	https://envipath.org/package/521c547a-fd2a-491c-ad5b-7eaa1577fb65/scenario/7a8c6935-627c-40d4-8673-45a69743cc2f	BT experiments in dilute biomass	https://envipath.org/package/521c547a-fd2a-491c-ad5b-7eaa1577fb65/pathway/3a8fcc17-76c6-4931-afe1-11b0f7a9065b	3																											
CN(C)C(=N)/N=C(\N)/N	https://envipath.org/package/521c547a-fd2a-491c-ad5b-7eaa1577fb65/pathway/9f771fbb-4e29-49d0-a427-ac8f36799637/node/054f02d8-ef36-4932-a3f0-83a4b444e8a9	https://envipath.org/package/521c547a-fd2a-491c-ad5b-7eaa1577fb65/scenario/47bcb5ab-e11f-42da-8475-76069513d932	no description	https://envipath.org/package/521c547a-fd2a-491c-ad5b-7eaa1577fb65/pathway/9f771fbb-4e29-49d0-a427-ac8f36799637																					no comment							
CN(C)C(=N)/N=C(\N)/N	https://envipath.org/package/521c547a-fd2a-491c-ad5b-7eaa1577fb65/pathway/9f771fbb-4e29-49d0-a427-ac8f36799637/node/054f02d8-ef36-4932-a3f0-83a4b444e8a9	https://envipath.org/package/521c547a-fd2a-491c-ad5b-7eaa1577fb65/scenario/2cd903df-9d04-4c8e-94a0-47c01a299e22	no description	https://envipath.org/package/521c547a-fd2a-491c-ad5b-7eaa1577fb65/pathway/9f771fbb-4e29-49d0-a427-ac8f36799637																					<							
CN(C)C(=N)/N=C(\N)/N	https://envipath.org/package/521c547a-fd2a-491c-ad5b-7eaa1577fb65/pathway/9f771fbb-4e29-49d0-a427-ac8f36799637/node/054f02d8-ef36-4932-a3f0-83a4b444e8a9	https://envipath.org/package/521c547a-fd2a-491c-ad5b-7eaa1577fb65/scenario/7dd4bf2a-2463-4ac4-bd67-137f4312b42a	no description	https://envipath.org/package/521c547a-fd2a-491c-ad5b-7eaa1577fb65/pathway/9f771fbb-4e29-49d0-a427-ac8f36799637																					<							
CN(C)C(=N)/N=C(\N)/N	https://envipath.org/package/521c547a-fd2a-491c-ad5b-7eaa1577fb65/pathway/9f771fbb-4e29-49d0-a427-ac8f36799637/node/054f02d8-ef36-4932-a3f0-83a4b444e8a9	https://envipath.org/package/521c547a-fd2a-491c-ad5b-7eaa1577fb65/scenario/d5af032c-721c-4b2e-b09b-9ccbea15b1d4	no description	https://envipath.org/package/521c547a-fd2a-491c-ad5b-7eaa1577fb65/pathway/9f771fbb-4e29-49d0-a427-ac8f36799637																					no comment							
C(=N/C(=O)N)(/N)\N	https://envipath.org/package/521c547a-fd2a-491c-ad5b-7eaa1577fb65/pathway/9f771fbb-4e29-49d0-a427-ac8f36799637/node/2f04c149-009f-434d-bb5a-e087d925eb19	https://envipath.org/package/521c547a-fd2a-491c-ad5b-7eaa1577fb65/scenario/1f1a726c-1057-460e-8b51-5ebf4128b094	BT experiments in dilute biomass	https://envipath.org/package/521c547a-fd2a-491c-ad5b-7eaa1577fb65/pathway/9f771fbb-4e29-49d0-a427-ac8f36799637	1																											
C(=N/C(=O)N)(/N)\N	https://envipath.org/package/521c547a-fd2a-491c-ad5b-7eaa1577fb65/pathway/9f771fbb-4e29-49d0-a427-ac8f36799637/node/2f04c149-009f-434d-bb5a-e087d925eb19	https://envipath.org/package/521c547a-fd2a-491c-ad5b-7eaa1577fb65/scenario/af52f28d-babc-4f95-ba12-964491b437d1	BT experiments in high biomass	https://envipath.org/package/521c547a-fd2a-491c-ad5b-7eaa1577fb65/pathway/9f771fbb-4e29-49d0-a427-ac8f36799637	1																											
CCCC1O[C@@H]2C[C@H]3[C@@H]4CCC5=CC(=O)CC([C@]5(C)[C@H]4[C@H](C[C@]3(C)[C@]2(C(=O)C(=O)O)O1)O)O	https://envipath.org/package/521c547a-fd2a-491c-ad5b-7eaa1577fb65/pathway/4f2319fa-71b0-4012-8e8b-da62a0d9d3b9/node/d20e5af7-64d3-488a-badc-bdfd70b0a222	https://envipath.org/package/521c547a-fd2a-491c-ad5b-7eaa1577fb65/scenario/38eb13ff-adc2-4037-8457-0f53f4e5a493	BT experiments in dilute biomass	https://envipath.org/package/521c547a-fd2a-491c-ad5b-7eaa1577fb65/pathway/4f2319fa-71b0-4012-8e8b-da62a0d9d3b9	3																											
CCCC1O[C@@H]2C[C@H]3[C@@H]4CCC5=CC(=O)CC([C@]5(C)[C@H]4[C@H](C[C@]3(C)[C@]2(C(=O)C(=O)O)O1)O)O	https://envipath.org/package/521c547a-fd2a-491c-ad5b-7eaa1577fb65/pathway/4f2319fa-71b0-4012-8e8b-da62a0d9d3b9/node/d20e5af7-64d3-488a-badc-bdfd70b0a222	https://envipath.org/package/521c547a-fd2a-491c-ad5b-7eaa1577fb65/scenario/1217c05d-6425-479b-85d0-83532c94ca73	BT experiments in high biomass	https://envipath.org/package/521c547a-fd2a-491c-ad5b-7eaa1577fb65/pathway/4f2319fa-71b0-4012-8e8b-da62a0d9d3b9	3																											
CCCC1O[C@@H]2C[C@H]3[C@@H]4CCC5=CC(=O)C=C[C@]5(C)[C@H]4[C@H](C[C@]3(C)[C@]2(C(=O)CO)O1)O	https://envipath.org/package/521c547a-fd2a-491c-ad5b-7eaa1577fb65/pathway/4f2319fa-71b0-4012-8e8b-da62a0d9d3b9/node/014491f2-91fb-4d1b-aad4-f9d1c382a1f1	https://envipath.org/package/521c547a-fd2a-491c-ad5b-7eaa1577fb65/scenario/99399c35-35fd-4bfe-aa87-388057fc1f28	no description	https://envipath.org/package/521c547a-fd2a-491c-ad5b-7eaa1577fb65/pathway/4f2319fa-71b0-4012-8e8b-da62a0d9d3b9																					no comment							
CCCC1O[C@@H]2C[C@H]3[C@@H]4CCC5=CC(=O)C=C[C@]5(C)[C@H]4[C@H](C[C@]3(C)[C@]2(C(=O)CO)O1)O	https://envipath.org/package/521c547a-fd2a-491c-ad5b-7eaa1577fb65/pathway/4f2319fa-71b0-4012-8e8b-da62a0d9d3b9/node/014491f2-91fb-4d1b-aad4-f9d1c382a1f1	https://envipath.org/package/521c547a-fd2a-491c-ad5b-7eaa1577fb65/scenario/baddddf9-7225-4838-b11f-be87508567ec	no description	https://envipath.org/package/521c547a-fd2a-491c-ad5b-7eaa1577fb65/pathway/4f2319fa-71b0-4012-8e8b-da62a0d9d3b9																					no comment							
CCCC1O[C@@H]2C[C@H]3[C@@H]4CCC5=CC(=O)C=C[C@]5(C)[C@H]4[C@H](C[C@]3(C)[C@]2(C(=O)CO)O1)O	https://envipath.org/package/521c547a-fd2a-491c-ad5b-7eaa1577fb65/pathway/4f2319fa-71b0-4012-8e8b-da62a0d9d3b9/node/014491f2-91fb-4d1b-aad4-f9d1c382a1f1	https://envipath.org/package/521c547a-fd2a-491c-ad5b-7eaa1577fb65/scenario/c59a4f24-c0e9-4dcf-b53a-a85a6ecb315d	no description	https://envipath.org/package/521c547a-fd2a-491c-ad5b-7eaa1577fb65/pathway/4f2319fa-71b0-4012-8e8b-da62a0d9d3b9																					no comment							
CCCC1O[C@@H]2C[C@H]3[C@@H]4CCC5=CC(=O)C=C[C@]5(C)[C@H]4[C@H](C[C@]3(C)[C@]2(C(=O)CO)O1)O	https://envipath.org/package/521c547a-fd2a-491c-ad5b-7eaa1577fb65/pathway/4f2319fa-71b0-4012-8e8b-da62a0d9d3b9/node/014491f2-91fb-4d1b-aad4-f9d1c382a1f1	https://envipath.org/package/521c547a-fd2a-491c-ad5b-7eaa1577fb65/scenario/998c55b5-d5e3-4158-bfec-5c6876c33a58	no description	https://envipath.org/package/521c547a-fd2a-491c-ad5b-7eaa1577fb65/pathway/4f2319fa-71b0-4012-8e8b-da62a0d9d3b9																					<							
CC(C)C(CC1=CC=C(C(=C1)OCCCOC)OC)CC(C(CC(C(C)C)C(=O)NCC(C)(C)C(=O)N)O)N	https://envipath.org/package/521c547a-fd2a-491c-ad5b-7eaa1577fb65/pathway/b07dea7b-edde-432b-88c1-10d1ae2277fd/node/6f4774ec-bb7b-4f49-a9e8-32b78ad7e326	https://envipath.org/package/521c547a-fd2a-491c-ad5b-7eaa1577fb65/scenario/f5f6a6cc-fb2f-416c-9692-89614774a8d5	no description	https://envipath.org/package/521c547a-fd2a-491c-ad5b-7eaa1577fb65/pathway/b07dea7b-edde-432b-88c1-10d1ae2277fd																					no comment							
CC(C)C(CC1=CC=C(C(=C1)OCCCOC)OC)CC(C(CC(C(C)C)C(=O)NCC(C)(C)C(=O)N)O)N	https://envipath.org/package/521c547a-fd2a-491c-ad5b-7eaa1577fb65/pathway/b07dea7b-edde-432b-88c1-10d1ae2277fd/node/6f4774ec-bb7b-4f49-a9e8-32b78ad7e326	https://envipath.org/package/521c547a-fd2a-491c-ad5b-7eaa1577fb65/scenario/8b29a334-2ccc-455c-9d21-4c6183891d45	no description	https://envipath.org/package/521c547a-fd2a-491c-ad5b-7eaa1577fb65/pathway/b07dea7b-edde-432b-88c1-10d1ae2277fd																					no comment							
CC(C)C(CC1=CC=C(C(=C1)OCCCOC)OC)CC(C(CC(C(C)C)C(=O)NCC(C)(C)C(=O)N)O)N	https://envipath.org/package/521c547a-fd2a-491c-ad5b-7eaa1577fb65/pathway/b07dea7b-edde-432b-88c1-10d1ae2277fd/node/6f4774ec-bb7b-4f49-a9e8-32b78ad7e326	https://envipath.org/package/521c547a-fd2a-491c-ad5b-7eaa1577fb65/scenario/7d325e57-27da-4532-9c22-641abe602126	no description	https://envipath.org/package/521c547a-fd2a-491c-ad5b-7eaa1577fb65/pathway/b07dea7b-edde-432b-88c1-10d1ae2277fd																					>							
CC(C)C(CC1=CC=C(C(=C1)OCCCOC)OC)CC(C(CC(C(C)C)C(=O)NCC(C)(C)C(=O)N)O)N	https://envipath.org/package/521c547a-fd2a-491c-ad5b-7eaa1577fb65/pathway/b07dea7b-edde-432b-88c1-10d1ae2277fd/node/6f4774ec-bb7b-4f49-a9e8-32b78ad7e326	https://envipath.org/package/521c547a-fd2a-491c-ad5b-7eaa1577fb65/scenario/375935e0-9736-4056-9eea-a72c770018f9	no description	https://envipath.org/package/521c547a-fd2a-491c-ad5b-7eaa1577fb65/pathway/b07dea7b-edde-432b-88c1-10d1ae2277fd																					>							
CC(C)C(CC1=CC=C(C(=C1)OCCC(=O)O)OC)CC(C(CC(C(C)C)C(=O)NCC(C)(C)C(=O)N)O)N	https://envipath.org/package/521c547a-fd2a-491c-ad5b-7eaa1577fb65/pathway/b07dea7b-edde-432b-88c1-10d1ae2277fd/node/a344f91c-7936-4689-87cc-4a68fb7e8fd0	https://envipath.org/package/521c547a-fd2a-491c-ad5b-7eaa1577fb65/scenario/4915d095-c2d3-419d-b4ff-b0d2f4f71282	BT experiments in high biomass	https://envipath.org/package/521c547a-fd2a-491c-ad5b-7eaa1577fb65/pathway/b07dea7b-edde-432b-88c1-10d1ae2277fd	2																											
CC(C)C(CC1=CC=C(C(=C1)OCCC(=O)O)OC)CC(C(CC(C(C)C)C(=O)NCC(C)(C)C(=O)N)O)N	https://envipath.org/package/521c547a-fd2a-491c-ad5b-7eaa1577fb65/pathway/b07dea7b-edde-432b-88c1-10d1ae2277fd/node/a344f91c-7936-4689-87cc-4a68fb7e8fd0	https://envipath.org/package/521c547a-fd2a-491c-ad5b-7eaa1577fb65/scenario/7d52b932-8c76-4f52-a24e-15c7f53d29ba	BT experiments in dilute biomass	https://envipath.org/package/521c547a-fd2a-491c-ad5b-7eaa1577fb65/pathway/b07dea7b-edde-432b-88c1-10d1ae2277fd	2																											
CCOC(=O)C1=C(COCCN)NC(=C(C1C2=C(C=CC=C2)Cl)C(=O)OC)C	https://envipath.org/package/521c547a-fd2a-491c-ad5b-7eaa1577fb65/pathway/7c078b4a-cad8-4bf4-a096-d8879e30cde8/node/256a7984-1d36-46cd-919d-e59792a04b53	https://envipath.org/package/521c547a-fd2a-491c-ad5b-7eaa1577fb65/scenario/094ad114-132e-4f51-a9a9-f8ee0d784c95	no description	https://envipath.org/package/521c547a-fd2a-491c-ad5b-7eaa1577fb65/pathway/7c078b4a-cad8-4bf4-a096-d8879e30cde8																					<							
CCOC(=O)C1=C(COCCN)NC(=C(C1C2=C(C=CC=C2)Cl)C(=O)OC)C	https://envipath.org/package/521c547a-fd2a-491c-ad5b-7eaa1577fb65/pathway/7c078b4a-cad8-4bf4-a096-d8879e30cde8/node/256a7984-1d36-46cd-919d-e59792a04b53	https://envipath.org/package/521c547a-fd2a-491c-ad5b-7eaa1577fb65/scenario/3e0fb1e9-d8d5-45fe-ae4f-d98c4b7cceba	no description	https://envipath.org/package/521c547a-fd2a-491c-ad5b-7eaa1577fb65/pathway/7c078b4a-cad8-4bf4-a096-d8879e30cde8																					no comment							
CCOC(=O)C1=C(COCCN)NC(=C(C1C2=C(C=CC=C2)Cl)C(=O)OC)C	https://envipath.org/package/521c547a-fd2a-491c-ad5b-7eaa1577fb65/pathway/7c078b4a-cad8-4bf4-a096-d8879e30cde8/node/256a7984-1d36-46cd-919d-e59792a04b53	https://envipath.org/package/521c547a-fd2a-491c-ad5b-7eaa1577fb65/scenario/79102869-5459-455a-9097-71405efaa027	no description	https://envipath.org/package/521c547a-fd2a-491c-ad5b-7eaa1577fb65/pathway/7c078b4a-cad8-4bf4-a096-d8879e30cde8																					no comment							
CCOC(=O)C1=C(COCCN)NC(=C(C1C2=C(C=CC=C2)Cl)C(=O)OC)C	https://envipath.org/package/521c547a-fd2a-491c-ad5b-7eaa1577fb65/pathway/7c078b4a-cad8-4bf4-a096-d8879e30cde8/node/256a7984-1d36-46cd-919d-e59792a04b53	https://envipath.org/package/521c547a-fd2a-491c-ad5b-7eaa1577fb65/scenario/4fb13bd4-c162-4c44-9633-63e45c3c2521	no description	https://envipath.org/package/521c547a-fd2a-491c-ad5b-7eaa1577fb65/pathway/7c078b4a-cad8-4bf4-a096-d8879e30cde8																					no comment							
CCOC(=O)C1=C(COCC(=O)O)N=C(C)C(=C1C2=CC=CC=C2Cl)C(=O)OC	https://envipath.org/package/521c547a-fd2a-491c-ad5b-7eaa1577fb65/pathway/7c078b4a-cad8-4bf4-a096-d8879e30cde8/node/28c34be0-2c7d-4bdc-ad3a-f777f56ac7bc	https://envipath.org/package/521c547a-fd2a-491c-ad5b-7eaa1577fb65/scenario/340993ec-083c-4acd-b59d-9df10ad3d091	BT experiments in dilute biomass	https://envipath.org/package/521c547a-fd2a-491c-ad5b-7eaa1577fb65/pathway/7c078b4a-cad8-4bf4-a096-d8879e30cde8	1																											
CCOC(=O)C1=C(COCC(=O)O)N=C(C)C(=C1C2=CC=CC=C2Cl)C(=O)OC	https://envipath.org/package/521c547a-fd2a-491c-ad5b-7eaa1577fb65/pathway/7c078b4a-cad8-4bf4-a096-d8879e30cde8/node/28c34be0-2c7d-4bdc-ad3a-f777f56ac7bc	https://envipath.org/package/521c547a-fd2a-491c-ad5b-7eaa1577fb65/scenario/514bba11-7ba9-4936-ba0a-4adcedbd5cf0	BT experiments in high biomass	https://envipath.org/package/521c547a-fd2a-491c-ad5b-7eaa1577fb65/pathway/7c078b4a-cad8-4bf4-a096-d8879e30cde8	1																											
CCOC(=O)C1=C(COCC(=O)O)NC(=C(C1C2=C(C=CC=C2)Cl)C(=O)OC)C	https://envipath.org/package/521c547a-fd2a-491c-ad5b-7eaa1577fb65/pathway/7c078b4a-cad8-4bf4-a096-d8879e30cde8/node/c68f3b3e-b81a-47c6-99d3-5fe6644dc792	https://envipath.org/package/521c547a-fd2a-491c-ad5b-7eaa1577fb65/scenario/08285f76-439b-4101-b3c6-a989da2deedb	BT experiments in high biomass	https://envipath.org/package/521c547a-fd2a-491c-ad5b-7eaa1577fb65/pathway/7c078b4a-cad8-4bf4-a096-d8879e30cde8	3																											
CCOC(=O)C1=C(COCC(=O)O)NC(=C(C1C2=C(C=CC=C2)Cl)C(=O)OC)C	https://envipath.org/package/521c547a-fd2a-491c-ad5b-7eaa1577fb65/pathway/7c078b4a-cad8-4bf4-a096-d8879e30cde8/node/c68f3b3e-b81a-47c6-99d3-5fe6644dc792	https://envipath.org/package/521c547a-fd2a-491c-ad5b-7eaa1577fb65/scenario/6a7db6bb-9e1f-44fa-a6bc-9db94270589b	BT experiments in dilute biomass	https://envipath.org/package/521c547a-fd2a-491c-ad5b-7eaa1577fb65/pathway/7c078b4a-cad8-4bf4-a096-d8879e30cde8	3																											
CCOC(=O)C1=C(COCCNC(=O)CCC(=O)O)NC(=C(C1C2=C(C=CC=C2)Cl)C(=O)OC)C	https://envipath.org/package/521c547a-fd2a-491c-ad5b-7eaa1577fb65/pathway/7c078b4a-cad8-4bf4-a096-d8879e30cde8/node/3d3dc5e5-2203-43d2-8e99-99c2c9084e4a	https://envipath.org/package/521c547a-fd2a-491c-ad5b-7eaa1577fb65/scenario/039f8459-7d14-4377-8628-53c1a9b97433	BT experiments in dilute biomass	https://envipath.org/package/521c547a-fd2a-491c-ad5b-7eaa1577fb65/pathway/7c078b4a-cad8-4bf4-a096-d8879e30cde8	3																											
CCOC(=O)C1=C(COCCNC(=O)CCC(=O)O)NC(=C(C1C2=C(C=CC=C2)Cl)C(=O)OC)C	https://envipath.org/package/521c547a-fd2a-491c-ad5b-7eaa1577fb65/pathway/7c078b4a-cad8-4bf4-a096-d8879e30cde8/node/3d3dc5e5-2203-43d2-8e99-99c2c9084e4a	https://envipath.org/package/521c547a-fd2a-491c-ad5b-7eaa1577fb65/scenario/649e609b-28a7-4757-bfc1-4ec0964e715c	BT experiments in high biomass	https://envipath.org/package/521c547a-fd2a-491c-ad5b-7eaa1577fb65/pathway/7c078b4a-cad8-4bf4-a096-d8879e30cde8	3																											
CCOC(=O)C1=C(COCCNC(=O)C)NC(=C(C1C2=C(C=CC=C2)Cl)C(=O)OC)C	https://envipath.org/package/521c547a-fd2a-491c-ad5b-7eaa1577fb65/pathway/7c078b4a-cad8-4bf4-a096-d8879e30cde8/node/834ad1b1-e2c5-4f69-8ee3-c2794f045407	https://envipath.org/package/521c547a-fd2a-491c-ad5b-7eaa1577fb65/scenario/e088fc45-20bb-41d2-bc63-508cd176560c	BT experiments in high biomass	https://envipath.org/package/521c547a-fd2a-491c-ad5b-7eaa1577fb65/pathway/7c078b4a-cad8-4bf4-a096-d8879e30cde8	3																											
CCOC(=O)C1=C(COCCNC(=O)C)NC(=C(C1C2=C(C=CC=C2)Cl)C(=O)OC)C	https://envipath.org/package/521c547a-fd2a-491c-ad5b-7eaa1577fb65/pathway/7c078b4a-cad8-4bf4-a096-d8879e30cde8/node/834ad1b1-e2c5-4f69-8ee3-c2794f045407	https://envipath.org/package/521c547a-fd2a-491c-ad5b-7eaa1577fb65/scenario/b3e066da-2841-4248-a6c7-f2b9a48ee2dd	BT experiments in dilute biomass	https://envipath.org/package/521c547a-fd2a-491c-ad5b-7eaa1577fb65/pathway/7c078b4a-cad8-4bf4-a096-d8879e30cde8	3																											
CN1CC(=O)N2C(C3=CC=C4C(=C3)OCO4)C5=C(C6=C(C=CC=C6)N5)C(C2C1=O)O	https://envipath.org/package/521c547a-fd2a-491c-ad5b-7eaa1577fb65/pathway/ebe55da9-e08c-4cba-a41a-b57955dfcecc/node/ab7267b5-d359-45a5-92e8-d3891a04c21b	https://envipath.org/package/521c547a-fd2a-491c-ad5b-7eaa1577fb65/scenario/eef3c6c3-760e-4e1c-80c6-1ebf36fd08c3	BT experiments in dilute biomass	https://envipath.org/package/521c547a-fd2a-491c-ad5b-7eaa1577fb65/pathway/ebe55da9-e08c-4cba-a41a-b57955dfcecc	3																											
CN1CC(=O)N2C(C3=CC=C4C(=C3)OCO4)C5=C(C6=C(C=CC=C6)N5)C(C2C1=O)O	https://envipath.org/package/521c547a-fd2a-491c-ad5b-7eaa1577fb65/pathway/ebe55da9-e08c-4cba-a41a-b57955dfcecc/node/ab7267b5-d359-45a5-92e8-d3891a04c21b	https://envipath.org/package/521c547a-fd2a-491c-ad5b-7eaa1577fb65/scenario/14a7ebee-a103-4241-b123-5ebd0c787def	BT experiments in high biomass	https://envipath.org/package/521c547a-fd2a-491c-ad5b-7eaa1577fb65/pathway/ebe55da9-e08c-4cba-a41a-b57955dfcecc	3																											
CN1CC(=O)N2C(CC3=C(C2C4=CC=C5C(=C4)OCO5)NC6=C3C=CC=C6)C1=O	https://envipath.org/package/521c547a-fd2a-491c-ad5b-7eaa1577fb65/pathway/ebe55da9-e08c-4cba-a41a-b57955dfcecc/node/c14c9e52-ab7a-412f-9558-8cac1b42ceef	https://envipath.org/package/521c547a-fd2a-491c-ad5b-7eaa1577fb65/scenario/e78a23b5-9f40-4c02-83b1-b9e4268c5f7e	no description	https://envipath.org/package/521c547a-fd2a-491c-ad5b-7eaa1577fb65/pathway/ebe55da9-e08c-4cba-a41a-b57955dfcecc																					no comment							
CN1CC(=O)N2C(CC3=C(C2C4=CC=C5C(=C4)OCO5)NC6=C3C=CC=C6)C1=O	https://envipath.org/package/521c547a-fd2a-491c-ad5b-7eaa1577fb65/pathway/ebe55da9-e08c-4cba-a41a-b57955dfcecc/node/c14c9e52-ab7a-412f-9558-8cac1b42ceef	https://envipath.org/package/521c547a-fd2a-491c-ad5b-7eaa1577fb65/scenario/28f6e5de-62d0-4cb2-9352-0a50b20eae9b	no description	https://envipath.org/package/521c547a-fd2a-491c-ad5b-7eaa1577fb65/pathway/ebe55da9-e08c-4cba-a41a-b57955dfcecc																					no comment							
CN1CC(=O)N2C(CC3=C(C2C4=CC=C5C(=C4)OCO5)NC6=C3C=CC=C6)C1=O	https://envipath.org/package/521c547a-fd2a-491c-ad5b-7eaa1577fb65/pathway/ebe55da9-e08c-4cba-a41a-b57955dfcecc/node/c14c9e52-ab7a-412f-9558-8cac1b42ceef	https://envipath.org/package/521c547a-fd2a-491c-ad5b-7eaa1577fb65/scenario/c572ed99-efd7-42f4-8c28-17957b694aaf	no description	https://envipath.org/package/521c547a-fd2a-491c-ad5b-7eaa1577fb65/pathway/ebe55da9-e08c-4cba-a41a-b57955dfcecc																					no comment							
CN1CC(=O)N2C(CC3=C(C2C4=CC=C5C(=C4)OCO5)NC6=C3C=CC=C6)C1=O	https://envipath.org/package/521c547a-fd2a-491c-ad5b-7eaa1577fb65/pathway/ebe55da9-e08c-4cba-a41a-b57955dfcecc/node/c14c9e52-ab7a-412f-9558-8cac1b42ceef	https://envipath.org/package/521c547a-fd2a-491c-ad5b-7eaa1577fb65/scenario/65e9d1c5-4889-4a77-bb04-1201ffcf8624	no description	https://envipath.org/package/521c547a-fd2a-491c-ad5b-7eaa1577fb65/pathway/ebe55da9-e08c-4cba-a41a-b57955dfcecc																					DT50 Min [days] > 19.74							
CC1=CC2=C(NC3=C(C=CC=C3)N=C2NCCN(C)CC(=O)O)S1	https://envipath.org/package/521c547a-fd2a-491c-ad5b-7eaa1577fb65/pathway/b71c1948-3c83-401a-92d8-4f0ff22a7c5a/node/ddbff6ee-c76d-4952-82f0-1875325e5f42	https://envipath.org/package/521c547a-fd2a-491c-ad5b-7eaa1577fb65/scenario/773cb9f7-c374-42ea-bbdd-ad5518fd58c9	BT experiments in dilute biomass	https://envipath.org/package/521c547a-fd2a-491c-ad5b-7eaa1577fb65/pathway/b71c1948-3c83-401a-92d8-4f0ff22a7c5a	4																											
CC1=CC2=C(NC3=C(C=CC=C3)N=C2NCCN(C)CC(=O)O)S1	https://envipath.org/package/521c547a-fd2a-491c-ad5b-7eaa1577fb65/pathway/b71c1948-3c83-401a-92d8-4f0ff22a7c5a/node/ddbff6ee-c76d-4952-82f0-1875325e5f42	https://envipath.org/package/521c547a-fd2a-491c-ad5b-7eaa1577fb65/scenario/afb301ff-8f9c-43a7-8f5b-e5b6806661f3	BT experiments in high biomass	https://envipath.org/package/521c547a-fd2a-491c-ad5b-7eaa1577fb65/pathway/b71c1948-3c83-401a-92d8-4f0ff22a7c5a	4																											
CC1=CC2=C(NC3=C(C=CC=C3)N=C2NCCN(C)CC=O)S1	https://envipath.org/package/521c547a-fd2a-491c-ad5b-7eaa1577fb65/pathway/b71c1948-3c83-401a-92d8-4f0ff22a7c5a/node/3a319d9d-900f-40b6-b1fd-43e4bb6fa6e9	https://envipath.org/package/521c547a-fd2a-491c-ad5b-7eaa1577fb65/scenario/a8f563bd-3c3b-4993-a84d-163674397b03	BT experiments in high biomass	https://envipath.org/package/521c547a-fd2a-491c-ad5b-7eaa1577fb65/pathway/b71c1948-3c83-401a-92d8-4f0ff22a7c5a	3																											
CC1=CC2=C(NC3=C(C=CC=C3)N=C2NCCN(C)CC=O)S1	https://envipath.org/package/521c547a-fd2a-491c-ad5b-7eaa1577fb65/pathway/b71c1948-3c83-401a-92d8-4f0ff22a7c5a/node/3a319d9d-900f-40b6-b1fd-43e4bb6fa6e9	https://envipath.org/package/521c547a-fd2a-491c-ad5b-7eaa1577fb65/scenario/dfc4c109-eff7-449f-a50c-8b30379edbc7	BT experiments in dilute biomass	https://envipath.org/package/521c547a-fd2a-491c-ad5b-7eaa1577fb65/pathway/b71c1948-3c83-401a-92d8-4f0ff22a7c5a	3																											
CC1=CC2=C(NC3=C(C=CC=C3)N=C2N4CCN(C)CC4)S1	https://envipath.org/package/521c547a-fd2a-491c-ad5b-7eaa1577fb65/pathway/b71c1948-3c83-401a-92d8-4f0ff22a7c5a/node/98a7c65d-c24e-463f-8ab5-38d1ad0d3699	https://envipath.org/package/521c547a-fd2a-491c-ad5b-7eaa1577fb65/scenario/27d5c127-45d5-466b-8428-90e1a768cdc4	no description	https://envipath.org/package/521c547a-fd2a-491c-ad5b-7eaa1577fb65/pathway/b71c1948-3c83-401a-92d8-4f0ff22a7c5a																					<							
CC1=CC2=C(NC3=C(C=CC=C3)N=C2N4CCN(C)CC4)S1	https://envipath.org/package/521c547a-fd2a-491c-ad5b-7eaa1577fb65/pathway/b71c1948-3c83-401a-92d8-4f0ff22a7c5a/node/98a7c65d-c24e-463f-8ab5-38d1ad0d3699	https://envipath.org/package/521c547a-fd2a-491c-ad5b-7eaa1577fb65/scenario/9fcd0939-07f1-45dd-9c76-0325022e49dd	no description	https://envipath.org/package/521c547a-fd2a-491c-ad5b-7eaa1577fb65/pathway/b71c1948-3c83-401a-92d8-4f0ff22a7c5a																					<							
CC1=CC2=C(NC3=C(C=CC=C3)N=C2N4CCN(C)CC4)S1	https://envipath.org/package/521c547a-fd2a-491c-ad5b-7eaa1577fb65/pathway/b71c1948-3c83-401a-92d8-4f0ff22a7c5a/node/98a7c65d-c24e-463f-8ab5-38d1ad0d3699	https://envipath.org/package/521c547a-fd2a-491c-ad5b-7eaa1577fb65/scenario/7911b439-4d25-4703-85b9-7704e05b3c3c	no description	https://envipath.org/package/521c547a-fd2a-491c-ad5b-7eaa1577fb65/pathway/b71c1948-3c83-401a-92d8-4f0ff22a7c5a																					<							
CC1=CC2=C(NC3=C(C=CC=C3)N=C2N4CCN(C)CC4)S1	https://envipath.org/package/521c547a-fd2a-491c-ad5b-7eaa1577fb65/pathway/b71c1948-3c83-401a-92d8-4f0ff22a7c5a/node/98a7c65d-c24e-463f-8ab5-38d1ad0d3699	https://envipath.org/package/521c547a-fd2a-491c-ad5b-7eaa1577fb65/scenario/c38e03cd-e98c-4847-89b6-bb280e572659	no description	https://envipath.org/package/521c547a-fd2a-491c-ad5b-7eaa1577fb65/pathway/b71c1948-3c83-401a-92d8-4f0ff22a7c5a																					<							
C=CCN1CCC23C4=C5C(=CC=C4CC1C3(CCC(C2O5)OCCOCCOCCOCCOCCOCCOCCOC)O)O	https://envipath.org/package/521c547a-fd2a-491c-ad5b-7eaa1577fb65/pathway/3bfbdae8-a7d2-4284-a9bd-b6d6eb624c54/node/d3f8d617-339e-48dc-98a3-49ea7e4018f8	https://envipath.org/package/521c547a-fd2a-491c-ad5b-7eaa1577fb65/scenario/534bc945-b6eb-4983-a3aa-a5f551a17ac2	no description	https://envipath.org/package/521c547a-fd2a-491c-ad5b-7eaa1577fb65/pathway/3bfbdae8-a7d2-4284-a9bd-b6d6eb624c54																					>							
C=CCN1CCC23C4=C5C(=CC=C4CC1C3(CCC(C2O5)OCCOCCOCCOCCOCCOCCOCCOC)O)O	https://envipath.org/package/521c547a-fd2a-491c-ad5b-7eaa1577fb65/pathway/3bfbdae8-a7d2-4284-a9bd-b6d6eb624c54/node/d3f8d617-339e-48dc-98a3-49ea7e4018f8	https://envipath.org/package/521c547a-fd2a-491c-ad5b-7eaa1577fb65/scenario/e6474bdb-1330-44fd-836b-18feb71735f7	no description	https://envipath.org/package/521c547a-fd2a-491c-ad5b-7eaa1577fb65/pathway/3bfbdae8-a7d2-4284-a9bd-b6d6eb624c54																					no comment							
C=CCN1CCC23C4=C5C(=CC=C4CC1C3(CCC(C2O5)OCCOCCOCCOCCOCCOCCOCCOC)O)O	https://envipath.org/package/521c547a-fd2a-491c-ad5b-7eaa1577fb65/pathway/3bfbdae8-a7d2-4284-a9bd-b6d6eb624c54/node/d3f8d617-339e-48dc-98a3-49ea7e4018f8	https://envipath.org/package/521c547a-fd2a-491c-ad5b-7eaa1577fb65/scenario/c7a411f5-0ec6-4d99-baac-cb6be8252fe4	no description	https://envipath.org/package/521c547a-fd2a-491c-ad5b-7eaa1577fb65/pathway/3bfbdae8-a7d2-4284-a9bd-b6d6eb624c54																					no comment							
C=CCN1CCC23C4=C5C(=CC=C4CC1C3(CCC(C2O5)OCCOCCOCCOCCOCCOCCOCCOC)O)O	https://envipath.org/package/521c547a-fd2a-491c-ad5b-7eaa1577fb65/pathway/3bfbdae8-a7d2-4284-a9bd-b6d6eb624c54/node/d3f8d617-339e-48dc-98a3-49ea7e4018f8	https://envipath.org/package/521c547a-fd2a-491c-ad5b-7eaa1577fb65/scenario/c6d65687-f45f-4b15-9916-e824746a8f7a	no description	https://envipath.org/package/521c547a-fd2a-491c-ad5b-7eaa1577fb65/pathway/3bfbdae8-a7d2-4284-a9bd-b6d6eb624c54																					no comment							
CCOC1=CC=C(C=C1)CC2=CC(=CC=C2Cl)C3C(C(C(C(CO)O3)O)O)O	https://envipath.org/package/521c547a-fd2a-491c-ad5b-7eaa1577fb65/pathway/7284069a-c39f-44bd-9292-1f32750a0407/node/848b63ba-4572-451c-a6dd-c2979fe28bea	https://envipath.org/package/521c547a-fd2a-491c-ad5b-7eaa1577fb65/scenario/0fc0f201-e882-4c75-91a3-db2822f060dd	no description	https://envipath.org/package/521c547a-fd2a-491c-ad5b-7eaa1577fb65/pathway/7284069a-c39f-44bd-9292-1f32750a0407																					<							
CCOC1=CC=C(C=C1)CC2=CC(=CC=C2Cl)C3C(C(C(C(CO)O3)O)O)O	https://envipath.org/package/521c547a-fd2a-491c-ad5b-7eaa1577fb65/pathway/7284069a-c39f-44bd-9292-1f32750a0407/node/848b63ba-4572-451c-a6dd-c2979fe28bea	https://envipath.org/package/521c547a-fd2a-491c-ad5b-7eaa1577fb65/scenario/d6e8a0fb-49a1-42f3-ac73-4c794fcef78d	no description	https://envipath.org/package/521c547a-fd2a-491c-ad5b-7eaa1577fb65/pathway/7284069a-c39f-44bd-9292-1f32750a0407																					no comment							
CCOC1=CC=C(C=C1)CC2=CC(=CC=C2Cl)C3C(C(C(C(CO)O3)O)O)O	https://envipath.org/package/521c547a-fd2a-491c-ad5b-7eaa1577fb65/pathway/7284069a-c39f-44bd-9292-1f32750a0407/node/848b63ba-4572-451c-a6dd-c2979fe28bea	https://envipath.org/package/521c547a-fd2a-491c-ad5b-7eaa1577fb65/scenario/5081e607-e07e-4b6b-b889-1a2f96a0422d	no description	https://envipath.org/package/521c547a-fd2a-491c-ad5b-7eaa1577fb65/pathway/7284069a-c39f-44bd-9292-1f32750a0407																					<							
CCOC1=CC=C(C=C1)CC2=CC(=CC=C2Cl)C3C(C(C(C(CO)O3)O)O)O	https://envipath.org/package/521c547a-fd2a-491c-ad5b-7eaa1577fb65/pathway/7284069a-c39f-44bd-9292-1f32750a0407/node/848b63ba-4572-451c-a6dd-c2979fe28bea	https://envipath.org/package/521c547a-fd2a-491c-ad5b-7eaa1577fb65/scenario/39baf2be-cbf0-4d45-b3cd-92212e7fc9d5	no description	https://envipath.org/package/521c547a-fd2a-491c-ad5b-7eaa1577fb65/pathway/7284069a-c39f-44bd-9292-1f32750a0407																					no comment							
CCOC1=CC=C(C=C1)CC2=CC(=CC=C2Cl)C(=O)C(C(C(C(C(=O)O)O)O)O)O	https://envipath.org/package/521c547a-fd2a-491c-ad5b-7eaa1577fb65/pathway/7284069a-c39f-44bd-9292-1f32750a0407/node/5ea0fd82-d27f-4ac0-b817-41f2d66e106e	https://envipath.org/package/521c547a-fd2a-491c-ad5b-7eaa1577fb65/scenario/bdac6c0c-4bf3-413c-bc40-d03c35fe23cb	BT experiments in dilute biomass	https://envipath.org/package/521c547a-fd2a-491c-ad5b-7eaa1577fb65/pathway/7284069a-c39f-44bd-9292-1f32750a0407	3																											
CCOC1=CC=C(C=C1)CC2=CC(=CC=C2Cl)C(=O)C(C(C(C(C(=O)O)O)O)O)O	https://envipath.org/package/521c547a-fd2a-491c-ad5b-7eaa1577fb65/pathway/7284069a-c39f-44bd-9292-1f32750a0407/node/5ea0fd82-d27f-4ac0-b817-41f2d66e106e	https://envipath.org/package/521c547a-fd2a-491c-ad5b-7eaa1577fb65/scenario/fcea2346-3d1d-4fd8-a079-761a3c214857	BT experiments in high biomass	https://envipath.org/package/521c547a-fd2a-491c-ad5b-7eaa1577fb65/pathway/7284069a-c39f-44bd-9292-1f32750a0407	3																											
COC(=O)C(C1=C(C=CC=C1)Cl)NCCC2=C(C=CS2)C=O	https://envipath.org/package/521c547a-fd2a-491c-ad5b-7eaa1577fb65/pathway/aa5dfdb9-2d5a-4594-862a-0468d4f4021a/node/2f7e178c-df3b-4870-9bb8-4472695dabd5	https://envipath.org/package/521c547a-fd2a-491c-ad5b-7eaa1577fb65/scenario/35d13b2d-4661-4655-be88-0250dd0c2264	BT experiments in high biomass	https://envipath.org/package/521c547a-fd2a-491c-ad5b-7eaa1577fb65/pathway/aa5dfdb9-2d5a-4594-862a-0468d4f4021a	2																											
COC(=O)C(C1=C(C=CC=C1)Cl)NCCC2=C(C=CS2)C=O	https://envipath.org/package/521c547a-fd2a-491c-ad5b-7eaa1577fb65/pathway/aa5dfdb9-2d5a-4594-862a-0468d4f4021a/node/2f7e178c-df3b-4870-9bb8-4472695dabd5	https://envipath.org/package/521c547a-fd2a-491c-ad5b-7eaa1577fb65/scenario/0231e0d0-7d2c-41b0-8284-c5b5a8675b2b	BT experiments in dilute biomass	https://envipath.org/package/521c547a-fd2a-491c-ad5b-7eaa1577fb65/pathway/aa5dfdb9-2d5a-4594-862a-0468d4f4021a	2																											
C1=CC(=C(C=C1)Cl)C(C(=O)O)N2CCC3=C(C=CS3)C2	https://envipath.org/package/521c547a-fd2a-491c-ad5b-7eaa1577fb65/pathway/aa5dfdb9-2d5a-4594-862a-0468d4f4021a/node/ae759c2d-5c0f-4aa1-9aa6-3a3bc262d34c	https://envipath.org/package/521c547a-fd2a-491c-ad5b-7eaa1577fb65/scenario/36652875-f65c-463d-8486-a73ffd225d80	BT experiments in dilute biomass	https://envipath.org/package/521c547a-fd2a-491c-ad5b-7eaa1577fb65/pathway/aa5dfdb9-2d5a-4594-862a-0468d4f4021a	1																											
C1=CC(=C(C=C1)Cl)C(C(=O)O)N2CCC3=C(C=CS3)C2	https://envipath.org/package/521c547a-fd2a-491c-ad5b-7eaa1577fb65/pathway/aa5dfdb9-2d5a-4594-862a-0468d4f4021a/node/ae759c2d-5c0f-4aa1-9aa6-3a3bc262d34c	https://envipath.org/package/521c547a-fd2a-491c-ad5b-7eaa1577fb65/scenario/5727b667-5e45-4537-af33-391e80d4e149	BT experiments in high biomass	https://envipath.org/package/521c547a-fd2a-491c-ad5b-7eaa1577fb65/pathway/aa5dfdb9-2d5a-4594-862a-0468d4f4021a	1																											
C1=CC(=C(C=C1)Cl)C(C(=O)O)NCCC2=C(C=CS2)C(=O)O	https://envipath.org/package/521c547a-fd2a-491c-ad5b-7eaa1577fb65/pathway/aa5dfdb9-2d5a-4594-862a-0468d4f4021a/node/3ba6d977-121f-44ef-a112-4b967c2116b6	https://envipath.org/package/521c547a-fd2a-491c-ad5b-7eaa1577fb65/scenario/0e76c5ff-1669-4e63-8f94-e799e8bb7a8d	BT experiments in dilute biomass	https://envipath.org/package/521c547a-fd2a-491c-ad5b-7eaa1577fb65/pathway/aa5dfdb9-2d5a-4594-862a-0468d4f4021a	3																											
C1=CC(=C(C=C1)Cl)C(C(=O)O)NCCC2=C(C=CS2)C(=O)O	https://envipath.org/package/521c547a-fd2a-491c-ad5b-7eaa1577fb65/pathway/aa5dfdb9-2d5a-4594-862a-0468d4f4021a/node/3ba6d977-121f-44ef-a112-4b967c2116b6	https://envipath.org/package/521c547a-fd2a-491c-ad5b-7eaa1577fb65/scenario/ce2a5dec-07ef-4f31-a5d9-57cedd38d8a2	BT experiments in high biomass	https://envipath.org/package/521c547a-fd2a-491c-ad5b-7eaa1577fb65/pathway/aa5dfdb9-2d5a-4594-862a-0468d4f4021a	3																											
C1=CC(=C(C=C1)Cl)C(C(=O)O)NCCC2=C(C=CS2)C=O	https://envipath.org/package/521c547a-fd2a-491c-ad5b-7eaa1577fb65/pathway/aa5dfdb9-2d5a-4594-862a-0468d4f4021a/node/0c252291-ba8d-4658-a9c7-68dc4d6e297e	https://envipath.org/package/521c547a-fd2a-491c-ad5b-7eaa1577fb65/scenario/d25ca4b6-03de-4afa-936e-d4d9da27ac95	BT experiments in high biomass	https://envipath.org/package/521c547a-fd2a-491c-ad5b-7eaa1577fb65/pathway/aa5dfdb9-2d5a-4594-862a-0468d4f4021a	3																											
C1=CC(=C(C=C1)Cl)C(C(=O)O)NCCC2=C(C=CS2)C=O	https://envipath.org/package/521c547a-fd2a-491c-ad5b-7eaa1577fb65/pathway/aa5dfdb9-2d5a-4594-862a-0468d4f4021a/node/0c252291-ba8d-4658-a9c7-68dc4d6e297e	https://envipath.org/package/521c547a-fd2a-491c-ad5b-7eaa1577fb65/scenario/fac38698-9aac-4e34-8439-0a76bb827739	BT experiments in dilute biomass	https://envipath.org/package/521c547a-fd2a-491c-ad5b-7eaa1577fb65/pathway/aa5dfdb9-2d5a-4594-862a-0468d4f4021a	3																											
COC(=O)C(C1=C(C=CC=C1)Cl)N2CCC3=C(C=CS3)C2	https://envipath.org/package/521c547a-fd2a-491c-ad5b-7eaa1577fb65/pathway/aa5dfdb9-2d5a-4594-862a-0468d4f4021a/node/cd7de32e-e71d-42b5-88d9-1472afc197ca	https://envipath.org/package/521c547a-fd2a-491c-ad5b-7eaa1577fb65/scenario/708f8aee-b908-4d6a-ad5f-5e6f4e7b0036	no description	https://envipath.org/package/521c547a-fd2a-491c-ad5b-7eaa1577fb65/pathway/aa5dfdb9-2d5a-4594-862a-0468d4f4021a																					no comment							
COC(=O)C(C1=C(C=CC=C1)Cl)N2CCC3=C(C=CS3)C2	https://envipath.org/package/521c547a-fd2a-491c-ad5b-7eaa1577fb65/pathway/aa5dfdb9-2d5a-4594-862a-0468d4f4021a/node/cd7de32e-e71d-42b5-88d9-1472afc197ca	https://envipath.org/package/521c547a-fd2a-491c-ad5b-7eaa1577fb65/scenario/a1a9c0ed-ad5c-45a6-bed1-6ac004de868f	no description	https://envipath.org/package/521c547a-fd2a-491c-ad5b-7eaa1577fb65/pathway/aa5dfdb9-2d5a-4594-862a-0468d4f4021a																					no comment							
COC(=O)C(C1=C(C=CC=C1)Cl)N2CCC3=C(C=CS3)C2	https://envipath.org/package/521c547a-fd2a-491c-ad5b-7eaa1577fb65/pathway/aa5dfdb9-2d5a-4594-862a-0468d4f4021a/node/cd7de32e-e71d-42b5-88d9-1472afc197ca	https://envipath.org/package/521c547a-fd2a-491c-ad5b-7eaa1577fb65/scenario/3b639ad9-2991-4918-89ce-f1e821d114e6	no description	https://envipath.org/package/521c547a-fd2a-491c-ad5b-7eaa1577fb65/pathway/aa5dfdb9-2d5a-4594-862a-0468d4f4021a																					DT50 Max [days] > 19.74							
COC(=O)C(C1=C(C=CC=C1)Cl)N2CCC3=C(C=CS3)C2	https://envipath.org/package/521c547a-fd2a-491c-ad5b-7eaa1577fb65/pathway/aa5dfdb9-2d5a-4594-862a-0468d4f4021a/node/cd7de32e-e71d-42b5-88d9-1472afc197ca	https://envipath.org/package/521c547a-fd2a-491c-ad5b-7eaa1577fb65/scenario/8dce9456-0710-41e6-8e18-1762cf4fecb6	no description	https://envipath.org/package/521c547a-fd2a-491c-ad5b-7eaa1577fb65/pathway/aa5dfdb9-2d5a-4594-862a-0468d4f4021a																					no comment							
COC(=O)C(C1=C(C=CC=C1)Cl)NCCC2=C(C=CS2)C(=O)O	https://envipath.org/package/521c547a-fd2a-491c-ad5b-7eaa1577fb65/pathway/aa5dfdb9-2d5a-4594-862a-0468d4f4021a/node/5688821b-c3f0-4d0c-afe3-a121175249fc	https://envipath.org/package/521c547a-fd2a-491c-ad5b-7eaa1577fb65/scenario/89135ef4-a87d-45cf-9a4a-75cb5604786d	BT experiments in dilute biomass	https://envipath.org/package/521c547a-fd2a-491c-ad5b-7eaa1577fb65/pathway/aa5dfdb9-2d5a-4594-862a-0468d4f4021a	2																											
COC(=O)C(C1=C(C=CC=C1)Cl)NCCC2=C(C=CS2)C(=O)O	https://envipath.org/package/521c547a-fd2a-491c-ad5b-7eaa1577fb65/pathway/aa5dfdb9-2d5a-4594-862a-0468d4f4021a/node/5688821b-c3f0-4d0c-afe3-a121175249fc	https://envipath.org/package/521c547a-fd2a-491c-ad5b-7eaa1577fb65/scenario/8b288153-fde5-4227-9545-4dd13531ade3	BT experiments in high biomass	https://envipath.org/package/521c547a-fd2a-491c-ad5b-7eaa1577fb65/pathway/aa5dfdb9-2d5a-4594-862a-0468d4f4021a	2																											
CC1CCOC2CN3C=C(C(=O)C(=C3C(=O)N12)O)C(=O)NCC4=CC=C(C=C4F)F	https://envipath.org/package/521c547a-fd2a-491c-ad5b-7eaa1577fb65/pathway/b4788ce3-0830-4d54-868c-10087a10b87c/node/b1ec19e8-7ed6-4eb8-9d2a-264027d1ed28	https://envipath.org/package/521c547a-fd2a-491c-ad5b-7eaa1577fb65/scenario/e6937382-930c-4356-8029-f192e4d16aa6	no description	https://envipath.org/package/521c547a-fd2a-491c-ad5b-7eaa1577fb65/pathway/b4788ce3-0830-4d54-868c-10087a10b87c																					no comment							
CC1CCOC(C=O)N1C(=O)C2=C(C(=O)C(=CN2)C(=O)NCC3=CC=C(C=C3F)F)O	https://envipath.org/package/521c547a-fd2a-491c-ad5b-7eaa1577fb65/pathway/b4788ce3-0830-4d54-868c-10087a10b87c/node/863e3207-6641-4e58-a861-97fffc7fe8ef	https://envipath.org/package/521c547a-fd2a-491c-ad5b-7eaa1577fb65/scenario/3c5e4d27-1b1b-4aa9-a6c2-5231ccac15ea	BT experiments in dilute biomass	https://envipath.org/package/521c547a-fd2a-491c-ad5b-7eaa1577fb65/pathway/b4788ce3-0830-4d54-868c-10087a10b87c	3																											
CC1CCOC(C=O)N1C(=O)C2=C(C(=O)C(=CN2)C(=O)NCC3=CC=C(C=C3F)F)O	https://envipath.org/package/521c547a-fd2a-491c-ad5b-7eaa1577fb65/pathway/b4788ce3-0830-4d54-868c-10087a10b87c/node/863e3207-6641-4e58-a861-97fffc7fe8ef	https://envipath.org/package/521c547a-fd2a-491c-ad5b-7eaa1577fb65/scenario/9956483a-1204-46df-8176-67dc6ca2baab	BT experiments in high biomass	https://envipath.org/package/521c547a-fd2a-491c-ad5b-7eaa1577fb65/pathway/b4788ce3-0830-4d54-868c-10087a10b87c	3																											
CC(C)(C)C#C/C=C/CN(C)CC1=CC=CC2=C1C=CC=C2	https://envipath.org/package/521c547a-fd2a-491c-ad5b-7eaa1577fb65/pathway/879002f5-5a26-4cc6-aea9-d94d1cc8f62a/node/2f24ff08-5536-4940-b8a0-9ee993d78e24	https://envipath.org/package/521c547a-fd2a-491c-ad5b-7eaa1577fb65/scenario/ba73285d-881d-492a-9f20-e553be52cb94	no description	https://envipath.org/package/521c547a-fd2a-491c-ad5b-7eaa1577fb65/pathway/879002f5-5a26-4cc6-aea9-d94d1cc8f62a																					>							
CC(C)(C)C#C/C=C/CN(C)CC1=CC=CC2=C1C=CC=C2	https://envipath.org/package/521c547a-fd2a-491c-ad5b-7eaa1577fb65/pathway/879002f5-5a26-4cc6-aea9-d94d1cc8f62a/node/2f24ff08-5536-4940-b8a0-9ee993d78e24	https://envipath.org/package/521c547a-fd2a-491c-ad5b-7eaa1577fb65/scenario/4e66ef55-098b-4353-be79-3677c1040738	no description	https://envipath.org/package/521c547a-fd2a-491c-ad5b-7eaa1577fb65/pathway/879002f5-5a26-4cc6-aea9-d94d1cc8f62a																					<							
CC(C)(C)C#C/C=C/CN(C)CC1=CC=CC2=C1C=CC=C2	https://envipath.org/package/521c547a-fd2a-491c-ad5b-7eaa1577fb65/pathway/879002f5-5a26-4cc6-aea9-d94d1cc8f62a/node/2f24ff08-5536-4940-b8a0-9ee993d78e24	https://envipath.org/package/521c547a-fd2a-491c-ad5b-7eaa1577fb65/scenario/0c3c9342-0afe-4784-aae9-3710c58ce830	no description	https://envipath.org/package/521c547a-fd2a-491c-ad5b-7eaa1577fb65/pathway/879002f5-5a26-4cc6-aea9-d94d1cc8f62a																					<							
CC(C)(C)C#C/C=C/CN(C)CC1=CC=CC2=C1C=CC=C2	https://envipath.org/package/521c547a-fd2a-491c-ad5b-7eaa1577fb65/pathway/879002f5-5a26-4cc6-aea9-d94d1cc8f62a/node/2f24ff08-5536-4940-b8a0-9ee993d78e24	https://envipath.org/package/521c547a-fd2a-491c-ad5b-7eaa1577fb65/scenario/353c5452-d2bb-42ee-83fb-23da9049a657	no description	https://envipath.org/package/521c547a-fd2a-491c-ad5b-7eaa1577fb65/pathway/879002f5-5a26-4cc6-aea9-d94d1cc8f62a																					>							
CC(C)(C#C/C=C/CN(C)CC1=CC=CC2=C1C=CC=C2)C(=O)O	https://envipath.org/package/521c547a-fd2a-491c-ad5b-7eaa1577fb65/pathway/879002f5-5a26-4cc6-aea9-d94d1cc8f62a/node/7df7ebb9-6eef-4c5d-96bd-1f0284c8a743	https://envipath.org/package/521c547a-fd2a-491c-ad5b-7eaa1577fb65/scenario/c9cf6719-ca6b-4957-a49e-4c9e44b04bf5	BT experiments in high biomass	https://envipath.org/package/521c547a-fd2a-491c-ad5b-7eaa1577fb65/pathway/879002f5-5a26-4cc6-aea9-d94d1cc8f62a	3																											
CC(C)(C#C/C=C/CN(C)CC1=CC=CC2=C1C=CC=C2)C(=O)O	https://envipath.org/package/521c547a-fd2a-491c-ad5b-7eaa1577fb65/pathway/879002f5-5a26-4cc6-aea9-d94d1cc8f62a/node/7df7ebb9-6eef-4c5d-96bd-1f0284c8a743	https://envipath.org/package/521c547a-fd2a-491c-ad5b-7eaa1577fb65/scenario/df943a9f-2b18-402d-90c5-b62b9d16b8b6	BT experiments in dilute biomass	https://envipath.org/package/521c547a-fd2a-491c-ad5b-7eaa1577fb65/pathway/879002f5-5a26-4cc6-aea9-d94d1cc8f62a	3																											
CC(C)(C)C#C/C=C/C[N+](C)(C(C1=CC=CC2=C1C=CC=C2)O)[O-]	https://envipath.org/package/521c547a-fd2a-491c-ad5b-7eaa1577fb65/pathway/879002f5-5a26-4cc6-aea9-d94d1cc8f62a/node/5a16c6c9-348a-48cf-b275-e543acfcfbf5	https://envipath.org/package/521c547a-fd2a-491c-ad5b-7eaa1577fb65/scenario/a2bea203-cfd8-4e0b-9034-d06e173ba3e1	BT experiments in dilute biomass	https://envipath.org/package/521c547a-fd2a-491c-ad5b-7eaa1577fb65/pathway/879002f5-5a26-4cc6-aea9-d94d1cc8f62a	3																											
CC(C)(C)C#C/C=C/C[N+](C)(C(C1=CC=CC2=C1C=CC=C2)O)[O-]	https://envipath.org/package/521c547a-fd2a-491c-ad5b-7eaa1577fb65/pathway/879002f5-5a26-4cc6-aea9-d94d1cc8f62a/node/5a16c6c9-348a-48cf-b275-e543acfcfbf5	https://envipath.org/package/521c547a-fd2a-491c-ad5b-7eaa1577fb65/scenario/cd00e8f9-82a7-4698-9e3d-f9fec96bfc84	BT experiments in high biomass	https://envipath.org/package/521c547a-fd2a-491c-ad5b-7eaa1577fb65/pathway/879002f5-5a26-4cc6-aea9-d94d1cc8f62a	3																											
CC(C)(C)C#C/C=C/CNCC1=CC=CC2=C(C(=CC=C12)O)O	https://envipath.org/package/521c547a-fd2a-491c-ad5b-7eaa1577fb65/pathway/879002f5-5a26-4cc6-aea9-d94d1cc8f62a/node/1ac22359-dcec-46fd-b77f-ff7cd9571808	https://envipath.org/package/521c547a-fd2a-491c-ad5b-7eaa1577fb65/scenario/b414b60c-37c6-41db-9a22-5ad3cbda6b70	BT experiments in dilute biomass	https://envipath.org/package/521c547a-fd2a-491c-ad5b-7eaa1577fb65/pathway/879002f5-5a26-4cc6-aea9-d94d1cc8f62a	3																											
CC(C)(C)C#C/C=C/CNCC1=CC=CC2=C(C(=CC=C12)O)O	https://envipath.org/package/521c547a-fd2a-491c-ad5b-7eaa1577fb65/pathway/879002f5-5a26-4cc6-aea9-d94d1cc8f62a/node/1ac22359-dcec-46fd-b77f-ff7cd9571808	https://envipath.org/package/521c547a-fd2a-491c-ad5b-7eaa1577fb65/scenario/bd6ca192-85cc-4051-90d7-d18121a7d8b8	BT experiments in high biomass	https://envipath.org/package/521c547a-fd2a-491c-ad5b-7eaa1577fb65/pathway/879002f5-5a26-4cc6-aea9-d94d1cc8f62a	3																											
CC(C)(C#C/C=C/CN(C)CC1=CC=CC2=C1C=CC=C2)CO	https://envipath.org/package/521c547a-fd2a-491c-ad5b-7eaa1577fb65/pathway/879002f5-5a26-4cc6-aea9-d94d1cc8f62a/node/18652b49-1b2f-4685-a467-48830e268e6c	https://envipath.org/package/521c547a-fd2a-491c-ad5b-7eaa1577fb65/scenario/f3e4561c-12d2-4f21-bc30-ea099cc465a1	BT experiments in dilute biomass	https://envipath.org/package/521c547a-fd2a-491c-ad5b-7eaa1577fb65/pathway/879002f5-5a26-4cc6-aea9-d94d1cc8f62a	3																											
CC(C)(C#C/C=C/CN(C)CC1=CC=CC2=C1C=CC=C2)CO	https://envipath.org/package/521c547a-fd2a-491c-ad5b-7eaa1577fb65/pathway/879002f5-5a26-4cc6-aea9-d94d1cc8f62a/node/18652b49-1b2f-4685-a467-48830e268e6c	https://envipath.org/package/521c547a-fd2a-491c-ad5b-7eaa1577fb65/scenario/52cdf43f-e826-4649-a9de-8346a557ef75	BT experiments in high biomass	https://envipath.org/package/521c547a-fd2a-491c-ad5b-7eaa1577fb65/pathway/879002f5-5a26-4cc6-aea9-d94d1cc8f62a	3																											
CC(C)(C)C#C/C=C/C[N+](C)(CC1=CC=CC2=C1C=CC=C2)[O-]	https://envipath.org/package/521c547a-fd2a-491c-ad5b-7eaa1577fb65/pathway/879002f5-5a26-4cc6-aea9-d94d1cc8f62a/node/9f059ca6-5146-4671-8267-28995c57ff9c	https://envipath.org/package/521c547a-fd2a-491c-ad5b-7eaa1577fb65/scenario/b88e8746-e0cc-4a28-89c9-3eb5cfabcd98	BT experiments in high biomass	https://envipath.org/package/521c547a-fd2a-491c-ad5b-7eaa1577fb65/pathway/879002f5-5a26-4cc6-aea9-d94d1cc8f62a	2																											
CC(C)(C)C#C/C=C/C[N+](C)(CC1=CC=CC2=C1C=CC=C2)[O-]	https://envipath.org/package/521c547a-fd2a-491c-ad5b-7eaa1577fb65/pathway/879002f5-5a26-4cc6-aea9-d94d1cc8f62a/node/9f059ca6-5146-4671-8267-28995c57ff9c	https://envipath.org/package/521c547a-fd2a-491c-ad5b-7eaa1577fb65/scenario/9ef791a6-5a29-431c-a86f-92166506ee0e	BT experiments in dilute biomass	https://envipath.org/package/521c547a-fd2a-491c-ad5b-7eaa1577fb65/pathway/879002f5-5a26-4cc6-aea9-d94d1cc8f62a	2																											
CC(C)(C)C#C/C=C/CNCC1=CC=CC2=C1C=CC=C2	https://envipath.org/package/521c547a-fd2a-491c-ad5b-7eaa1577fb65/pathway/879002f5-5a26-4cc6-aea9-d94d1cc8f62a/node/0503ce6f-b56a-454f-8430-9e8fbf065fcd	https://envipath.org/package/521c547a-fd2a-491c-ad5b-7eaa1577fb65/scenario/55b00b0c-240b-4550-a656-47abd1c83c09	BT experiments in dilute biomass	https://envipath.org/package/521c547a-fd2a-491c-ad5b-7eaa1577fb65/pathway/879002f5-5a26-4cc6-aea9-d94d1cc8f62a	2																											
CC(C)(C)C#C/C=C/CNCC1=CC=CC2=C1C=CC=C2	https://envipath.org/package/521c547a-fd2a-491c-ad5b-7eaa1577fb65/pathway/879002f5-5a26-4cc6-aea9-d94d1cc8f62a/node/0503ce6f-b56a-454f-8430-9e8fbf065fcd	https://envipath.org/package/521c547a-fd2a-491c-ad5b-7eaa1577fb65/scenario/3629c619-9f4a-4b7c-9aae-1ed77adee4f2	BT experiments in high biomass	https://envipath.org/package/521c547a-fd2a-491c-ad5b-7eaa1577fb65/pathway/879002f5-5a26-4cc6-aea9-d94d1cc8f62a	2																											
CNCC1=CC=CC2=C1C=CC=C2	https://envipath.org/package/521c547a-fd2a-491c-ad5b-7eaa1577fb65/pathway/879002f5-5a26-4cc6-aea9-d94d1cc8f62a/node/92f4539b-3526-48a4-8a12-665ec06f1d11	https://envipath.org/package/521c547a-fd2a-491c-ad5b-7eaa1577fb65/scenario/7001bc21-b0e5-4a8f-8290-e477695ac7fa	BT experiments in dilute biomass	https://envipath.org/package/521c547a-fd2a-491c-ad5b-7eaa1577fb65/pathway/879002f5-5a26-4cc6-aea9-d94d1cc8f62a	2																											
CNCC1=CC=CC2=C1C=CC=C2	https://envipath.org/package/521c547a-fd2a-491c-ad5b-7eaa1577fb65/pathway/879002f5-5a26-4cc6-aea9-d94d1cc8f62a/node/92f4539b-3526-48a4-8a12-665ec06f1d11	https://envipath.org/package/521c547a-fd2a-491c-ad5b-7eaa1577fb65/scenario/db2e041c-20ed-4f94-b9ba-260f1a192109	BT experiments in high biomass	https://envipath.org/package/521c547a-fd2a-491c-ad5b-7eaa1577fb65/pathway/879002f5-5a26-4cc6-aea9-d94d1cc8f62a	2																											
CC(C)(C#C/C=C/CNC)CO	https://envipath.org/package/521c547a-fd2a-491c-ad5b-7eaa1577fb65/pathway/879002f5-5a26-4cc6-aea9-d94d1cc8f62a/node/7062a112-2e5d-4dfc-800e-810d6b0dbdb6	https://envipath.org/package/521c547a-fd2a-491c-ad5b-7eaa1577fb65/scenario/9ff71a75-7b15-4b90-85e0-df6fe5b78f73	BT experiments in dilute biomass	https://envipath.org/package/521c547a-fd2a-491c-ad5b-7eaa1577fb65/pathway/879002f5-5a26-4cc6-aea9-d94d1cc8f62a	2																											
CC(C)(C#C/C=C/CNC)CO	https://envipath.org/package/521c547a-fd2a-491c-ad5b-7eaa1577fb65/pathway/879002f5-5a26-4cc6-aea9-d94d1cc8f62a/node/7062a112-2e5d-4dfc-800e-810d6b0dbdb6	https://envipath.org/package/521c547a-fd2a-491c-ad5b-7eaa1577fb65/scenario/df037e28-daca-44ab-b7a8-b9b7a8ea950f	BT experiments in high biomass	https://envipath.org/package/521c547a-fd2a-491c-ad5b-7eaa1577fb65/pathway/879002f5-5a26-4cc6-aea9-d94d1cc8f62a	2																											
CC(C)(C#C/C=C/CNCC1=CC=CC2=C1C=CC=C2)C(=O)O	https://envipath.org/package/521c547a-fd2a-491c-ad5b-7eaa1577fb65/pathway/879002f5-5a26-4cc6-aea9-d94d1cc8f62a/node/8e22a70c-885b-4843-a1dc-bb56bfdbca4d	https://envipath.org/package/521c547a-fd2a-491c-ad5b-7eaa1577fb65/scenario/f2ee1384-e71c-4630-91ae-287681df6438	BT experiments in dilute biomass	https://envipath.org/package/521c547a-fd2a-491c-ad5b-7eaa1577fb65/pathway/879002f5-5a26-4cc6-aea9-d94d1cc8f62a	3																											
CC(C)(C#C/C=C/CNCC1=CC=CC2=C1C=CC=C2)C(=O)O	https://envipath.org/package/521c547a-fd2a-491c-ad5b-7eaa1577fb65/pathway/879002f5-5a26-4cc6-aea9-d94d1cc8f62a/node/8e22a70c-885b-4843-a1dc-bb56bfdbca4d	https://envipath.org/package/521c547a-fd2a-491c-ad5b-7eaa1577fb65/scenario/451284a8-d6dd-4446-a118-31164618c543	BT experiments in high biomass	https://envipath.org/package/521c547a-fd2a-491c-ad5b-7eaa1577fb65/pathway/879002f5-5a26-4cc6-aea9-d94d1cc8f62a	3																											
C1=C(C(=CC2=C1N=CNS2(=O)=O)S(=O)(=O)N)Cl	https://envipath.org/package/521c547a-fd2a-491c-ad5b-7eaa1577fb65/pathway/b49eb578-bdc4-4551-97eb-e8618856b58e/node/f625559c-83ab-4c8c-a94d-2c92de365a0b	https://envipath.org/package/521c547a-fd2a-491c-ad5b-7eaa1577fb65/scenario/f7a0db6c-8dd5-4dfe-93ea-85f5a895d300	BT experiments in dilute biomass	https://envipath.org/package/521c547a-fd2a-491c-ad5b-7eaa1577fb65/pathway/b49eb578-bdc4-4551-97eb-e8618856b58e	1																											
C1=C(C(=CC2=C1N=CNS2(=O)=O)S(=O)(=O)N)Cl	https://envipath.org/package/521c547a-fd2a-491c-ad5b-7eaa1577fb65/pathway/b49eb578-bdc4-4551-97eb-e8618856b58e/node/f625559c-83ab-4c8c-a94d-2c92de365a0b	https://envipath.org/package/521c547a-fd2a-491c-ad5b-7eaa1577fb65/scenario/a7015c74-f7ff-41f2-b613-27e51784c46e	BT experiments in high biomass	https://envipath.org/package/521c547a-fd2a-491c-ad5b-7eaa1577fb65/pathway/b49eb578-bdc4-4551-97eb-e8618856b58e	1																											
C1=C2C(=CC(=C1Cl)S(=O)(=O)N)S(=O)(=O)NCN2	https://envipath.org/package/521c547a-fd2a-491c-ad5b-7eaa1577fb65/pathway/b49eb578-bdc4-4551-97eb-e8618856b58e/node/1b2144e2-4df8-47ec-82c8-8f77c890c96f	https://envipath.org/package/521c547a-fd2a-491c-ad5b-7eaa1577fb65/scenario/d5e268f6-8f91-40ec-9863-f8deda6fe044	no description	https://envipath.org/package/521c547a-fd2a-491c-ad5b-7eaa1577fb65/pathway/b49eb578-bdc4-4551-97eb-e8618856b58e																					>							
C1=C2C(=CC(=C1Cl)S(=O)(=O)N)S(=O)(=O)NCN2	https://envipath.org/package/521c547a-fd2a-491c-ad5b-7eaa1577fb65/pathway/b49eb578-bdc4-4551-97eb-e8618856b58e/node/1b2144e2-4df8-47ec-82c8-8f77c890c96f	https://envipath.org/package/521c547a-fd2a-491c-ad5b-7eaa1577fb65/scenario/3be8d995-ab32-4138-942c-25501de90c95	no description	https://envipath.org/package/521c547a-fd2a-491c-ad5b-7eaa1577fb65/pathway/b49eb578-bdc4-4551-97eb-e8618856b58e																					>							
C1=C2C(=CC(=C1Cl)S(=O)(=O)N)S(=O)(=O)NCN2	https://envipath.org/package/521c547a-fd2a-491c-ad5b-7eaa1577fb65/pathway/b49eb578-bdc4-4551-97eb-e8618856b58e/node/1b2144e2-4df8-47ec-82c8-8f77c890c96f	https://envipath.org/package/521c547a-fd2a-491c-ad5b-7eaa1577fb65/scenario/09f54d66-8dba-4861-88bd-b7358eaaa262	no description	https://envipath.org/package/521c547a-fd2a-491c-ad5b-7eaa1577fb65/pathway/b49eb578-bdc4-4551-97eb-e8618856b58e																					>							
C1=C2C(=CC(=C1Cl)S(=O)(=O)N)S(=O)(=O)NCN2	https://envipath.org/package/521c547a-fd2a-491c-ad5b-7eaa1577fb65/pathway/b49eb578-bdc4-4551-97eb-e8618856b58e/node/1b2144e2-4df8-47ec-82c8-8f77c890c96f	https://envipath.org/package/521c547a-fd2a-491c-ad5b-7eaa1577fb65/scenario/1d04c24f-ed34-4dde-b0e6-47e08f04597a	no description	https://envipath.org/package/521c547a-fd2a-491c-ad5b-7eaa1577fb65/pathway/b49eb578-bdc4-4551-97eb-e8618856b58e																					no comment							
CCCSC1=NC2=C(C(=N1)NC3CC3C4=CC=C(C(=C4)F)F)N=NN2C5CC(C(C5O)O)OCCO	https://envipath.org/package/521c547a-fd2a-491c-ad5b-7eaa1577fb65/pathway/cfa290e5-af05-4b51-ac34-0c2935a06d48/node/3113da77-2dfe-42d8-8944-952da743e290	https://envipath.org/package/521c547a-fd2a-491c-ad5b-7eaa1577fb65/scenario/ac093918-da8c-4874-b2bc-128cd3dd6f5c	no description	https://envipath.org/package/521c547a-fd2a-491c-ad5b-7eaa1577fb65/pathway/cfa290e5-af05-4b51-ac34-0c2935a06d48																					<							
CCCSC1=NC2=C(C(=N1)NC3CC3C4=CC=C(C(=C4)F)F)N=NN2C5CC(C(C5O)O)OCCO	https://envipath.org/package/521c547a-fd2a-491c-ad5b-7eaa1577fb65/pathway/cfa290e5-af05-4b51-ac34-0c2935a06d48/node/3113da77-2dfe-42d8-8944-952da743e290	https://envipath.org/package/521c547a-fd2a-491c-ad5b-7eaa1577fb65/scenario/d43ac224-abb1-45ad-a54c-c145a7d2c369	no description	https://envipath.org/package/521c547a-fd2a-491c-ad5b-7eaa1577fb65/pathway/cfa290e5-af05-4b51-ac34-0c2935a06d48																					no comment							
CCCSC1=NC2=C(C(=N1)NC3CC3C4=CC=C(C(=C4)F)F)N=NN2C5CC(C(C5O)O)OCCO	https://envipath.org/package/521c547a-fd2a-491c-ad5b-7eaa1577fb65/pathway/cfa290e5-af05-4b51-ac34-0c2935a06d48/node/3113da77-2dfe-42d8-8944-952da743e290	https://envipath.org/package/521c547a-fd2a-491c-ad5b-7eaa1577fb65/scenario/d47b13ad-68ba-408a-b3bb-e9a1b70b67b3	no description	https://envipath.org/package/521c547a-fd2a-491c-ad5b-7eaa1577fb65/pathway/cfa290e5-af05-4b51-ac34-0c2935a06d48																					no comment							
CCCSC1=NC2=C(C(=N1)NC3CC3C4=CC=C(C(=C4)F)F)N=NN2C5CC(C(C5O)O)OCCO	https://envipath.org/package/521c547a-fd2a-491c-ad5b-7eaa1577fb65/pathway/cfa290e5-af05-4b51-ac34-0c2935a06d48/node/3113da77-2dfe-42d8-8944-952da743e290	https://envipath.org/package/521c547a-fd2a-491c-ad5b-7eaa1577fb65/scenario/017d67b5-fd81-464e-a776-4a582d2d0bdb	no description	https://envipath.org/package/521c547a-fd2a-491c-ad5b-7eaa1577fb65/pathway/cfa290e5-af05-4b51-ac34-0c2935a06d48																					<							
CCCS(=O)C1=NC2=C(C(=N1)NC3CC3C4=CC=C(C(=C4)F)F)N=NN2C5CC(C(C5O)O)OCC(=O)O	https://envipath.org/package/521c547a-fd2a-491c-ad5b-7eaa1577fb65/pathway/cfa290e5-af05-4b51-ac34-0c2935a06d48/node/356cf8b1-a95d-4d33-8f32-dc1a71670800	https://envipath.org/package/521c547a-fd2a-491c-ad5b-7eaa1577fb65/scenario/338b2b45-53ac-4334-9f8c-eb0ca0c4eb65	BT experiments in high biomass	https://envipath.org/package/521c547a-fd2a-491c-ad5b-7eaa1577fb65/pathway/cfa290e5-af05-4b51-ac34-0c2935a06d48	3																											
CCCS(=O)C1=NC2=C(C(=N1)NC3CC3C4=CC=C(C(=C4)F)F)N=NN2C5CC(C(C5O)O)OCC(=O)O	https://envipath.org/package/521c547a-fd2a-491c-ad5b-7eaa1577fb65/pathway/cfa290e5-af05-4b51-ac34-0c2935a06d48/node/356cf8b1-a95d-4d33-8f32-dc1a71670800	https://envipath.org/package/521c547a-fd2a-491c-ad5b-7eaa1577fb65/scenario/6217846d-385f-49aa-bdfc-b81ee4bb6155	BT experiments in dilute biomass	https://envipath.org/package/521c547a-fd2a-491c-ad5b-7eaa1577fb65/pathway/cfa290e5-af05-4b51-ac34-0c2935a06d48	3																											
CCCSC1=NC2=C(C(=N1)NC3CC3C4=CC=C(C(=C4)F)F)N=NN2C5CC(C(C5O)O)OCC(=O)O	https://envipath.org/package/521c547a-fd2a-491c-ad5b-7eaa1577fb65/pathway/cfa290e5-af05-4b51-ac34-0c2935a06d48/node/07bd3c39-842c-4b4d-8a64-0b0666e2a674	https://envipath.org/package/521c547a-fd2a-491c-ad5b-7eaa1577fb65/scenario/dd7c456e-da01-4f40-8900-46a97d6a3485	BT experiments in high biomass	https://envipath.org/package/521c547a-fd2a-491c-ad5b-7eaa1577fb65/pathway/cfa290e5-af05-4b51-ac34-0c2935a06d48	3																											
CCCSC1=NC2=C(C(=N1)NC3CC3C4=CC=C(C(=C4)F)F)N=NN2C5CC(C(C5O)O)OCC(=O)O	https://envipath.org/package/521c547a-fd2a-491c-ad5b-7eaa1577fb65/pathway/cfa290e5-af05-4b51-ac34-0c2935a06d48/node/07bd3c39-842c-4b4d-8a64-0b0666e2a674	https://envipath.org/package/521c547a-fd2a-491c-ad5b-7eaa1577fb65/scenario/32d3570c-6524-4964-bcdb-af12b8358e29	BT experiments in dilute biomass	https://envipath.org/package/521c547a-fd2a-491c-ad5b-7eaa1577fb65/pathway/cfa290e5-af05-4b51-ac34-0c2935a06d48	3																											
C1=C(C=CC(=C1)C(=O)NC(CCC(=O)O)C(=O)O)CCC2=CNC3=C2C(=O)NC(=N3)N	https://envipath.org/package/521c547a-fd2a-491c-ad5b-7eaa1577fb65/pathway/cd469d47-a022-498e-a292-46d408c79846/node/cc31e97f-42f0-4bd5-bf0b-3030507951a9	https://envipath.org/package/521c547a-fd2a-491c-ad5b-7eaa1577fb65/scenario/a44d1d5a-59b9-4d37-a32a-e796414de4c4	no description	https://envipath.org/package/521c547a-fd2a-491c-ad5b-7eaa1577fb65/pathway/cd469d47-a022-498e-a292-46d408c79846																					<							
C1=C(C=CC(=C1)C(=O)NC(CCC(=O)O)C(=O)O)CCC2=CNC3=C2C(=O)NC(=N3)N	https://envipath.org/package/521c547a-fd2a-491c-ad5b-7eaa1577fb65/pathway/cd469d47-a022-498e-a292-46d408c79846/node/cc31e97f-42f0-4bd5-bf0b-3030507951a9	https://envipath.org/package/521c547a-fd2a-491c-ad5b-7eaa1577fb65/scenario/f9fe42ef-144c-4054-9000-14a0a9645511	no description	https://envipath.org/package/521c547a-fd2a-491c-ad5b-7eaa1577fb65/pathway/cd469d47-a022-498e-a292-46d408c79846																					<							
C1=C(C=C(C(=C1)O)O)C(CC2=CNC3=C2C(=O)NC(=N3)N)O	https://envipath.org/package/521c547a-fd2a-491c-ad5b-7eaa1577fb65/pathway/cd469d47-a022-498e-a292-46d408c79846/node/b600722f-78cb-4dd9-8330-8a2ab6ba0308	https://envipath.org/package/521c547a-fd2a-491c-ad5b-7eaa1577fb65/scenario/8b3f5009-5789-43bd-9d3b-bafd59e50a8a	BT experiments in high biomass	https://envipath.org/package/521c547a-fd2a-491c-ad5b-7eaa1577fb65/pathway/cd469d47-a022-498e-a292-46d408c79846	3																											
C1=C(C=C(C(=C1)O)O)C(CC2=CNC3=C2C(=O)NC(=N3)N)O	https://envipath.org/package/521c547a-fd2a-491c-ad5b-7eaa1577fb65/pathway/cd469d47-a022-498e-a292-46d408c79846/node/b600722f-78cb-4dd9-8330-8a2ab6ba0308	https://envipath.org/package/521c547a-fd2a-491c-ad5b-7eaa1577fb65/scenario/58d36963-8380-4472-bc9a-bc654d862f51	BT experiments in dilute biomass	https://envipath.org/package/521c547a-fd2a-491c-ad5b-7eaa1577fb65/pathway/cd469d47-a022-498e-a292-46d408c79846	3																											
C(CC1=CNC2=C1C(=O)NC(=N2)N)C3=CC=C(C(=C3)O)O	https://envipath.org/package/521c547a-fd2a-491c-ad5b-7eaa1577fb65/pathway/cd469d47-a022-498e-a292-46d408c79846/node/4ab3c854-363b-4068-be06-5f6dc1414449	https://envipath.org/package/521c547a-fd2a-491c-ad5b-7eaa1577fb65/scenario/83c50f4d-578a-429f-83ff-2d5b28531afa	BT experiments in high biomass	https://envipath.org/package/521c547a-fd2a-491c-ad5b-7eaa1577fb65/pathway/cd469d47-a022-498e-a292-46d408c79846	3																											
C(CC1=CNC2=C1C(=O)NC(=N2)N)C3=CC=C(C(=C3)O)O	https://envipath.org/package/521c547a-fd2a-491c-ad5b-7eaa1577fb65/pathway/cd469d47-a022-498e-a292-46d408c79846/node/4ab3c854-363b-4068-be06-5f6dc1414449	https://envipath.org/package/521c547a-fd2a-491c-ad5b-7eaa1577fb65/scenario/31949fbf-6f64-49a3-a789-f0d4f9169583	BT experiments in dilute biomass	https://envipath.org/package/521c547a-fd2a-491c-ad5b-7eaa1577fb65/pathway/cd469d47-a022-498e-a292-46d408c79846	3																											
C1=C(C=CC(=C1)C(=O)O)CCC2=CNC3=C2C(=O)NC(=N3)N	https://envipath.org/package/521c547a-fd2a-491c-ad5b-7eaa1577fb65/pathway/cd469d47-a022-498e-a292-46d408c79846/node/27437ab8-25aa-4fe1-a499-3c6ff517165b	https://envipath.org/package/521c547a-fd2a-491c-ad5b-7eaa1577fb65/scenario/5b2e32ee-e531-42c8-84e6-7f3398c33f5f	BT experiments in high biomass	https://envipath.org/package/521c547a-fd2a-491c-ad5b-7eaa1577fb65/pathway/cd469d47-a022-498e-a292-46d408c79846	3																											
C1=C(C=CC(=C1)C(=O)O)CCC2=CNC3=C2C(=O)NC(=N3)N	https://envipath.org/package/521c547a-fd2a-491c-ad5b-7eaa1577fb65/pathway/cd469d47-a022-498e-a292-46d408c79846/node/27437ab8-25aa-4fe1-a499-3c6ff517165b	https://envipath.org/package/521c547a-fd2a-491c-ad5b-7eaa1577fb65/scenario/e8a08897-64fe-4e4f-9582-5f47c9e4eb10	BT experiments in dilute biomass	https://envipath.org/package/521c547a-fd2a-491c-ad5b-7eaa1577fb65/pathway/cd469d47-a022-498e-a292-46d408c79846	3																											
CCCCCCCCC1=CC=C(C=C1)CCC(CO)(CO)N	https://envipath.org/package/521c547a-fd2a-491c-ad5b-7eaa1577fb65/pathway/576aefa3-cc28-4c36-b500-36569932503e/node/f2cb6f7b-70ff-493a-a80c-adcce712c315	https://envipath.org/package/521c547a-fd2a-491c-ad5b-7eaa1577fb65/scenario/1a3b5194-d4a6-4328-86b2-ce81596fa1d2	no description	https://envipath.org/package/521c547a-fd2a-491c-ad5b-7eaa1577fb65/pathway/576aefa3-cc28-4c36-b500-36569932503e																					<							
CCCCCCCCC1=CC=C(C=C1)CCC(CO)(CO)N	https://envipath.org/package/521c547a-fd2a-491c-ad5b-7eaa1577fb65/pathway/576aefa3-cc28-4c36-b500-36569932503e/node/f2cb6f7b-70ff-493a-a80c-adcce712c315	https://envipath.org/package/521c547a-fd2a-491c-ad5b-7eaa1577fb65/scenario/d8be41b7-84f3-4cee-962a-60e914bb1179	no description	https://envipath.org/package/521c547a-fd2a-491c-ad5b-7eaa1577fb65/pathway/576aefa3-cc28-4c36-b500-36569932503e																					<							
CCC1=CC=C(CCOC2=CC=C(C=C2)CC(=O)C(=O)NC(=O)S)N=C1	https://envipath.org/package/521c547a-fd2a-491c-ad5b-7eaa1577fb65/pathway/f535a3df-0cfa-485c-b072-ce76cac7d627/node/e05b2068-d3f3-4d02-ad0e-f7eca39c49fd	https://envipath.org/package/521c547a-fd2a-491c-ad5b-7eaa1577fb65/scenario/19a4cf1b-5c3b-47ab-afb0-e0e097b1960d	BT experiments in high biomass	https://envipath.org/package/521c547a-fd2a-491c-ad5b-7eaa1577fb65/pathway/f535a3df-0cfa-485c-b072-ce76cac7d627	3																											
CCC1=CC=C(CCOC2=CC=C(C=C2)CC(=O)C(=O)NC(=O)S)N=C1	https://envipath.org/package/521c547a-fd2a-491c-ad5b-7eaa1577fb65/pathway/f535a3df-0cfa-485c-b072-ce76cac7d627/node/e05b2068-d3f3-4d02-ad0e-f7eca39c49fd	https://envipath.org/package/521c547a-fd2a-491c-ad5b-7eaa1577fb65/scenario/40098520-2629-490b-b543-73b1d7220abb	BT experiments in dilute biomass	https://envipath.org/package/521c547a-fd2a-491c-ad5b-7eaa1577fb65/pathway/f535a3df-0cfa-485c-b072-ce76cac7d627	3																											
C1=C(CC=O)C=NC(=C1)CCOC2=CC=C(C=C2)CC3C(=O)NC(=O)S3	https://envipath.org/package/521c547a-fd2a-491c-ad5b-7eaa1577fb65/pathway/f535a3df-0cfa-485c-b072-ce76cac7d627/node/d1aa1fdd-3a09-4412-bfea-26f17a9a530d	https://envipath.org/package/521c547a-fd2a-491c-ad5b-7eaa1577fb65/scenario/f4d3fd68-7332-4092-8f91-0b0d1ff7d7a6	BT experiments in high biomass	https://envipath.org/package/521c547a-fd2a-491c-ad5b-7eaa1577fb65/pathway/f535a3df-0cfa-485c-b072-ce76cac7d627	3																											
C1=C(CC=O)C=NC(=C1)CCOC2=CC=C(C=C2)CC3C(=O)NC(=O)S3	https://envipath.org/package/521c547a-fd2a-491c-ad5b-7eaa1577fb65/pathway/f535a3df-0cfa-485c-b072-ce76cac7d627/node/d1aa1fdd-3a09-4412-bfea-26f17a9a530d	https://envipath.org/package/521c547a-fd2a-491c-ad5b-7eaa1577fb65/scenario/f6cb5b6b-0718-4f76-a6bf-089b183f5f57	BT experiments in dilute biomass	https://envipath.org/package/521c547a-fd2a-491c-ad5b-7eaa1577fb65/pathway/f535a3df-0cfa-485c-b072-ce76cac7d627	3																											
CCC1=CC=C(CCOC2=CC=C(C=C2)CC3C(=O)NC(=O)S3=O)N=C1	https://envipath.org/package/521c547a-fd2a-491c-ad5b-7eaa1577fb65/pathway/f535a3df-0cfa-485c-b072-ce76cac7d627/node/3db1c9f7-91fc-429d-9713-6e345c34dc33	https://envipath.org/package/521c547a-fd2a-491c-ad5b-7eaa1577fb65/scenario/e82a91fd-3e91-494c-8abb-cdd019f8cbaf	BT experiments in dilute biomass	https://envipath.org/package/521c547a-fd2a-491c-ad5b-7eaa1577fb65/pathway/f535a3df-0cfa-485c-b072-ce76cac7d627	3																											
CCC1=CC=C(CCOC2=CC=C(C=C2)CC3C(=O)NC(=O)S3=O)N=C1	https://envipath.org/package/521c547a-fd2a-491c-ad5b-7eaa1577fb65/pathway/f535a3df-0cfa-485c-b072-ce76cac7d627/node/3db1c9f7-91fc-429d-9713-6e345c34dc33	https://envipath.org/package/521c547a-fd2a-491c-ad5b-7eaa1577fb65/scenario/b342b8bd-a166-4d25-a9e0-679f3782c753	BT experiments in high biomass	https://envipath.org/package/521c547a-fd2a-491c-ad5b-7eaa1577fb65/pathway/f535a3df-0cfa-485c-b072-ce76cac7d627	3																											
C1=C(CCO)C=NC(=C1)CCOC2=CC=C(C=C2)CC3C(=O)NC(=O)S3	https://envipath.org/package/521c547a-fd2a-491c-ad5b-7eaa1577fb65/pathway/f535a3df-0cfa-485c-b072-ce76cac7d627/node/aaf4f837-d5b6-4bc6-a57a-8ea35207b31c	https://envipath.org/package/521c547a-fd2a-491c-ad5b-7eaa1577fb65/scenario/0070e1aa-5fc2-4207-8b3b-bec8e7a84670	BT experiments in high biomass	https://envipath.org/package/521c547a-fd2a-491c-ad5b-7eaa1577fb65/pathway/f535a3df-0cfa-485c-b072-ce76cac7d627	3																											
C1=C(CCO)C=NC(=C1)CCOC2=CC=C(C=C2)CC3C(=O)NC(=O)S3	https://envipath.org/package/521c547a-fd2a-491c-ad5b-7eaa1577fb65/pathway/f535a3df-0cfa-485c-b072-ce76cac7d627/node/aaf4f837-d5b6-4bc6-a57a-8ea35207b31c	https://envipath.org/package/521c547a-fd2a-491c-ad5b-7eaa1577fb65/scenario/9870c758-1e62-48b1-87f6-4e9020961f64	BT experiments in dilute biomass	https://envipath.org/package/521c547a-fd2a-491c-ad5b-7eaa1577fb65/pathway/f535a3df-0cfa-485c-b072-ce76cac7d627	3																											
C1=C(CC(=O)O)C=NC(=C1)CCOC2=CC=C(C=C2)CC3C(=O)NC(=O)S3	https://envipath.org/package/521c547a-fd2a-491c-ad5b-7eaa1577fb65/pathway/f535a3df-0cfa-485c-b072-ce76cac7d627/node/a5f97253-31de-4cf5-90f7-3a158210998d	https://envipath.org/package/521c547a-fd2a-491c-ad5b-7eaa1577fb65/scenario/39ffa6cb-f707-4ea7-beb8-328bce2b64d2	BT experiments in dilute biomass	https://envipath.org/package/521c547a-fd2a-491c-ad5b-7eaa1577fb65/pathway/f535a3df-0cfa-485c-b072-ce76cac7d627	3																											
C1=C(CC(=O)O)C=NC(=C1)CCOC2=CC=C(C=C2)CC3C(=O)NC(=O)S3	https://envipath.org/package/521c547a-fd2a-491c-ad5b-7eaa1577fb65/pathway/f535a3df-0cfa-485c-b072-ce76cac7d627/node/a5f97253-31de-4cf5-90f7-3a158210998d	https://envipath.org/package/521c547a-fd2a-491c-ad5b-7eaa1577fb65/scenario/345f98fa-f94c-40d9-b91b-257dd2facf14	BT experiments in high biomass	https://envipath.org/package/521c547a-fd2a-491c-ad5b-7eaa1577fb65/pathway/f535a3df-0cfa-485c-b072-ce76cac7d627	3																											
CCC1=CC=C(CCOC2=CC=C(C=C2)CC3C(=O)NC(=O)S3)N=C1	https://envipath.org/package/521c547a-fd2a-491c-ad5b-7eaa1577fb65/pathway/f535a3df-0cfa-485c-b072-ce76cac7d627/node/39efee66-8cb0-4871-ba41-9f41f8d3aba4	https://envipath.org/package/521c547a-fd2a-491c-ad5b-7eaa1577fb65/scenario/2125b96b-29ee-42cc-8a5a-d9a1deb2dbcc	no description	https://envipath.org/package/521c547a-fd2a-491c-ad5b-7eaa1577fb65/pathway/f535a3df-0cfa-485c-b072-ce76cac7d627																					<							
CCC1=CC=C(CCOC2=CC=C(C=C2)CC3C(=O)NC(=O)S3)N=C1	https://envipath.org/package/521c547a-fd2a-491c-ad5b-7eaa1577fb65/pathway/f535a3df-0cfa-485c-b072-ce76cac7d627/node/39efee66-8cb0-4871-ba41-9f41f8d3aba4	https://envipath.org/package/521c547a-fd2a-491c-ad5b-7eaa1577fb65/scenario/35f41e50-2c2c-4cb1-a9f9-3fcd93ba70d0	no description	https://envipath.org/package/521c547a-fd2a-491c-ad5b-7eaa1577fb65/pathway/f535a3df-0cfa-485c-b072-ce76cac7d627																					<							
CCC1=CC=C(CCOC2=CC=C(C=C2)CC3C(=O)NC(=O)S3)N=C1	https://envipath.org/package/521c547a-fd2a-491c-ad5b-7eaa1577fb65/pathway/f535a3df-0cfa-485c-b072-ce76cac7d627/node/39efee66-8cb0-4871-ba41-9f41f8d3aba4	https://envipath.org/package/521c547a-fd2a-491c-ad5b-7eaa1577fb65/scenario/73b507fe-ba4c-441f-9a64-05256b65681c	no description	https://envipath.org/package/521c547a-fd2a-491c-ad5b-7eaa1577fb65/pathway/f535a3df-0cfa-485c-b072-ce76cac7d627																					<							
CCC1=CC=C(CCOC2=CC=C(C=C2)CC3C(=O)NC(=O)S3)N=C1	https://envipath.org/package/521c547a-fd2a-491c-ad5b-7eaa1577fb65/pathway/f535a3df-0cfa-485c-b072-ce76cac7d627/node/39efee66-8cb0-4871-ba41-9f41f8d3aba4	https://envipath.org/package/521c547a-fd2a-491c-ad5b-7eaa1577fb65/scenario/adbd447f-2d04-42d2-af06-0b0d46b006e4	no description	https://envipath.org/package/521c547a-fd2a-491c-ad5b-7eaa1577fb65/pathway/f535a3df-0cfa-485c-b072-ce76cac7d627																					<							
CC1=CC=CC(=C1NC(=O)C2=CN=C(NC3=NC(=NC(=C3)N4CCN(CC4)CCO)C)S2)Cl	https://envipath.org/package/521c547a-fd2a-491c-ad5b-7eaa1577fb65/pathway/1a6e7a42-eb5e-4e2f-ada3-84ed79f5d62e/node/243456cb-cc6e-45d7-b9a3-4804c7dda387	https://envipath.org/package/521c547a-fd2a-491c-ad5b-7eaa1577fb65/scenario/87d2c1cd-5764-4550-b63a-73f15181308b	no description	https://envipath.org/package/521c547a-fd2a-491c-ad5b-7eaa1577fb65/pathway/1a6e7a42-eb5e-4e2f-ada3-84ed79f5d62e																					no comment							
CC1=CC=CC(=C1NC(=O)C2=CN=C(NC3=NC(=NC(=C3)N4CCN(CC4)CCO)C)S2)Cl	https://envipath.org/package/521c547a-fd2a-491c-ad5b-7eaa1577fb65/pathway/1a6e7a42-eb5e-4e2f-ada3-84ed79f5d62e/node/243456cb-cc6e-45d7-b9a3-4804c7dda387	https://envipath.org/package/521c547a-fd2a-491c-ad5b-7eaa1577fb65/scenario/e95d6c74-05e1-49a3-8faf-322aa3a99d74	no description	https://envipath.org/package/521c547a-fd2a-491c-ad5b-7eaa1577fb65/pathway/1a6e7a42-eb5e-4e2f-ada3-84ed79f5d62e																					<							
CC1=CC=CC(=C1NC(=O)C2=CN=C(NC3=NC(=NC(=C3)N4CCN(CC4)CCO)C)S2)Cl	https://envipath.org/package/521c547a-fd2a-491c-ad5b-7eaa1577fb65/pathway/1a6e7a42-eb5e-4e2f-ada3-84ed79f5d62e/node/243456cb-cc6e-45d7-b9a3-4804c7dda387	https://envipath.org/package/521c547a-fd2a-491c-ad5b-7eaa1577fb65/scenario/583849f2-ff6d-4347-abee-e1d55c1e2c68	no description	https://envipath.org/package/521c547a-fd2a-491c-ad5b-7eaa1577fb65/pathway/1a6e7a42-eb5e-4e2f-ada3-84ed79f5d62e																					no comment							
CC1=CC=CC(=C1NC(=O)C2=CN=C(NC3=NC(=NC(=C3)N4CCN(CC4)CCO)C)S2)Cl	https://envipath.org/package/521c547a-fd2a-491c-ad5b-7eaa1577fb65/pathway/1a6e7a42-eb5e-4e2f-ada3-84ed79f5d62e/node/243456cb-cc6e-45d7-b9a3-4804c7dda387	https://envipath.org/package/521c547a-fd2a-491c-ad5b-7eaa1577fb65/scenario/c600751a-23de-4bca-99ed-bc4c1656c79f	no description	https://envipath.org/package/521c547a-fd2a-491c-ad5b-7eaa1577fb65/pathway/1a6e7a42-eb5e-4e2f-ada3-84ed79f5d62e																					no comment							
CC1=CC=CC(=C1NC(=O)C2=CN=C(NC3=NC(=NC(=C3)N4CCN(CC4)CC(=O)O)C)S2)Cl	https://envipath.org/package/521c547a-fd2a-491c-ad5b-7eaa1577fb65/pathway/1a6e7a42-eb5e-4e2f-ada3-84ed79f5d62e/node/01cab0cc-8d3c-4432-bf17-905134888a7a	https://envipath.org/package/521c547a-fd2a-491c-ad5b-7eaa1577fb65/scenario/ae527601-a59d-4e7d-8a2a-eec73f6cd87a	BT experiments in dilute biomass	https://envipath.org/package/521c547a-fd2a-491c-ad5b-7eaa1577fb65/pathway/1a6e7a42-eb5e-4e2f-ada3-84ed79f5d62e	2																											
CC1=CC=CC(=C1NC(=O)C2=CN=C(NC3=NC(=NC(=C3)N4CCN(CC4)CC(=O)O)C)S2)Cl	https://envipath.org/package/521c547a-fd2a-491c-ad5b-7eaa1577fb65/pathway/1a6e7a42-eb5e-4e2f-ada3-84ed79f5d62e/node/01cab0cc-8d3c-4432-bf17-905134888a7a	https://envipath.org/package/521c547a-fd2a-491c-ad5b-7eaa1577fb65/scenario/fc9432cd-f646-461e-8cb3-a1c37126c1d8	BT experiments in high biomass	https://envipath.org/package/521c547a-fd2a-491c-ad5b-7eaa1577fb65/pathway/1a6e7a42-eb5e-4e2f-ada3-84ed79f5d62e	2																											
CC1=CC=CC(=C1NC(=O)C2=CN=C(NC3=NC(=NC(=C3)N4CCN(CC4)CC(=O)O)C)S2)Cl	https://envipath.org/package/521c547a-fd2a-491c-ad5b-7eaa1577fb65/pathway/1a6e7a42-eb5e-4e2f-ada3-84ed79f5d62e/node/01cab0cc-8d3c-4432-bf17-905134888a7a	https://envipath.org/package/521c547a-fd2a-491c-ad5b-7eaa1577fb65/scenario/ea5314c1-9acb-48f6-800a-b4f70334c215	DOI: 10.1039/D3EM00161J - BT experiments in dilute biomass	https://envipath.org/package/521c547a-fd2a-491c-ad5b-7eaa1577fb65/pathway/1a6e7a42-eb5e-4e2f-ada3-84ed79f5d62e		aerob	{'end': 8.0, 'start': 6.0}	Dübendorf	bottle		bubbling air and stirring		50.0	0.6	8.0	spiking in solvent		municipal WW						nitrification & denitrification & biological phosphorus removal								
CC1=CC=CC(=C1NC(=O)C2=CN=C(NC3=NC(=NC(=C3)N4CCN(CC4)CC(=O)O)C)S2)Cl	https://envipath.org/package/521c547a-fd2a-491c-ad5b-7eaa1577fb65/pathway/1a6e7a42-eb5e-4e2f-ada3-84ed79f5d62e/node/01cab0cc-8d3c-4432-bf17-905134888a7a	https://envipath.org/package/521c547a-fd2a-491c-ad5b-7eaa1577fb65/scenario/abd68eda-a1c5-4519-b3a1-e494b520b02a	DOI: 10.1039/D3EM00161J - BT experiments in high biomass	https://envipath.org/package/521c547a-fd2a-491c-ad5b-7eaa1577fb65/pathway/1a6e7a42-eb5e-4e2f-ada3-84ed79f5d62e		aerob	{'end': 8.0, 'start': 6.0}	Dübendorf	bottle		bubbling air and stirring		50.0	7.1	8.0	spiking in solvent		municipal WW						nitrification & denitrification & biological phosphorus removal								
CC(C1=CC=CC(=C1)O)N(C)C	https://envipath.org/package/521c547a-fd2a-491c-ad5b-7eaa1577fb65/pathway/37f51b95-d72a-4172-915f-3890c191845c/node/f16c01c8-081e-415b-bca3-d8c1f68ec778	https://envipath.org/package/521c547a-fd2a-491c-ad5b-7eaa1577fb65/scenario/61160459-5773-47ec-bbe4-f4b720c475da	BT experiments in high biomass	https://envipath.org/package/521c547a-fd2a-491c-ad5b-7eaa1577fb65/pathway/37f51b95-d72a-4172-915f-3890c191845c	2																											
CC(C1=CC=CC(=C1)O)N(C)C	https://envipath.org/package/521c547a-fd2a-491c-ad5b-7eaa1577fb65/pathway/37f51b95-d72a-4172-915f-3890c191845c/node/f16c01c8-081e-415b-bca3-d8c1f68ec778	https://envipath.org/package/521c547a-fd2a-491c-ad5b-7eaa1577fb65/scenario/b3ec47e4-7962-464e-a4a1-585a1f28f381	BT experiments in dilute biomass	https://envipath.org/package/521c547a-fd2a-491c-ad5b-7eaa1577fb65/pathway/37f51b95-d72a-4172-915f-3890c191845c	2																											
CCN(C)C(=O)OC1=CC(=CC=C1)C(C)[N+](C)(C)[O-]	https://envipath.org/package/521c547a-fd2a-491c-ad5b-7eaa1577fb65/pathway/37f51b95-d72a-4172-915f-3890c191845c/node/d6494f24-f811-4e6a-8007-927704ee6468	https://envipath.org/package/521c547a-fd2a-491c-ad5b-7eaa1577fb65/scenario/f5abd28d-6bab-442d-814f-7a737045a8b6	BT experiments in dilute biomass	https://envipath.org/package/521c547a-fd2a-491c-ad5b-7eaa1577fb65/pathway/37f51b95-d72a-4172-915f-3890c191845c	3																											
CCN(C)C(=O)OC1=CC(=CC=C1)C(C)[N+](C)(C)[O-]	https://envipath.org/package/521c547a-fd2a-491c-ad5b-7eaa1577fb65/pathway/37f51b95-d72a-4172-915f-3890c191845c/node/d6494f24-f811-4e6a-8007-927704ee6468	https://envipath.org/package/521c547a-fd2a-491c-ad5b-7eaa1577fb65/scenario/67736980-124e-431e-a386-d4226a987715	BT experiments in high biomass	https://envipath.org/package/521c547a-fd2a-491c-ad5b-7eaa1577fb65/pathway/37f51b95-d72a-4172-915f-3890c191845c	3																											
CC(C1=CC=C(C(=C1)O)O)N(C)C	https://envipath.org/package/521c547a-fd2a-491c-ad5b-7eaa1577fb65/pathway/37f51b95-d72a-4172-915f-3890c191845c/node/d510d7bb-0ce3-4805-a612-d7a7f4d68768	https://envipath.org/package/521c547a-fd2a-491c-ad5b-7eaa1577fb65/scenario/c0e4b495-2990-40ac-9aa4-0fa1e1884dce	BT experiments in high biomass	https://envipath.org/package/521c547a-fd2a-491c-ad5b-7eaa1577fb65/pathway/37f51b95-d72a-4172-915f-3890c191845c	2																											
CC(C1=CC=C(C(=C1)O)O)N(C)C	https://envipath.org/package/521c547a-fd2a-491c-ad5b-7eaa1577fb65/pathway/37f51b95-d72a-4172-915f-3890c191845c/node/d510d7bb-0ce3-4805-a612-d7a7f4d68768	https://envipath.org/package/521c547a-fd2a-491c-ad5b-7eaa1577fb65/scenario/05486468-329c-4ae4-a0de-28e47655780c	BT experiments in dilute biomass	https://envipath.org/package/521c547a-fd2a-491c-ad5b-7eaa1577fb65/pathway/37f51b95-d72a-4172-915f-3890c191845c	2																											
CCN(C)C(=O)OC1=CC(=CC=C1)C(C)NC	https://envipath.org/package/521c547a-fd2a-491c-ad5b-7eaa1577fb65/pathway/37f51b95-d72a-4172-915f-3890c191845c/node/98c8b0ad-1c4e-42f3-9760-795b23fa5de9	https://envipath.org/package/521c547a-fd2a-491c-ad5b-7eaa1577fb65/scenario/e8630240-f874-487e-a703-28f8c38e852f	BT experiments in high biomass	https://envipath.org/package/521c547a-fd2a-491c-ad5b-7eaa1577fb65/pathway/37f51b95-d72a-4172-915f-3890c191845c	2																											
CCN(C)C(=O)OC1=CC(=CC=C1)C(C)NC	https://envipath.org/package/521c547a-fd2a-491c-ad5b-7eaa1577fb65/pathway/37f51b95-d72a-4172-915f-3890c191845c/node/98c8b0ad-1c4e-42f3-9760-795b23fa5de9	https://envipath.org/package/521c547a-fd2a-491c-ad5b-7eaa1577fb65/scenario/1428275c-a98c-43a0-a3f0-2fd348728269	BT experiments in dilute biomass	https://envipath.org/package/521c547a-fd2a-491c-ad5b-7eaa1577fb65/pathway/37f51b95-d72a-4172-915f-3890c191845c	2																											
CCN(C)C(=O)OC1=CC(=CC=C1)C(C)N(C)C	https://envipath.org/package/521c547a-fd2a-491c-ad5b-7eaa1577fb65/pathway/37f51b95-d72a-4172-915f-3890c191845c/node/17dc53ab-a492-4c64-a586-2a802fc1dfe4	https://envipath.org/package/521c547a-fd2a-491c-ad5b-7eaa1577fb65/scenario/357d8561-4290-4b20-b6a8-1aed671c6f32	no description	https://envipath.org/package/521c547a-fd2a-491c-ad5b-7eaa1577fb65/pathway/37f51b95-d72a-4172-915f-3890c191845c																					>							
CCN(C)C(=O)OC1=CC(=CC=C1)C(C)N(C)C	https://envipath.org/package/521c547a-fd2a-491c-ad5b-7eaa1577fb65/pathway/37f51b95-d72a-4172-915f-3890c191845c/node/17dc53ab-a492-4c64-a586-2a802fc1dfe4	https://envipath.org/package/521c547a-fd2a-491c-ad5b-7eaa1577fb65/scenario/f802f0cf-66e8-456b-838c-29f3b35d3447	no description	https://envipath.org/package/521c547a-fd2a-491c-ad5b-7eaa1577fb65/pathway/37f51b95-d72a-4172-915f-3890c191845c																					>							
CCN(C)C(=O)OC1=CC(=CC=C1)C(C)N(C)C	https://envipath.org/package/521c547a-fd2a-491c-ad5b-7eaa1577fb65/pathway/37f51b95-d72a-4172-915f-3890c191845c/node/17dc53ab-a492-4c64-a586-2a802fc1dfe4	https://envipath.org/package/521c547a-fd2a-491c-ad5b-7eaa1577fb65/scenario/1bfc2520-12b4-4f2e-af5d-54bb5a6fc8f3	no description	https://envipath.org/package/521c547a-fd2a-491c-ad5b-7eaa1577fb65/pathway/37f51b95-d72a-4172-915f-3890c191845c																					>							
CC(C)C1=C(/C=C/C(CC(=O)O)O)C(=NC(=N1)N(C)S(=O)(=O)C)C2=CC=C(C=C2)F	https://envipath.org/package/521c547a-fd2a-491c-ad5b-7eaa1577fb65/pathway/2ab9501f-56c1-43de-8394-d159192f8c3f/node/4f7e4a72-5fca-4031-8a32-a711d4acfdb0	https://envipath.org/package/521c547a-fd2a-491c-ad5b-7eaa1577fb65/scenario/30cb0fb2-4020-49fb-b8b2-40da5be4c3ea	BT experiments in high biomass	https://envipath.org/package/521c547a-fd2a-491c-ad5b-7eaa1577fb65/pathway/2ab9501f-56c1-43de-8394-d159192f8c3f	3																											
CC(C)C1=C(/C=C/C(CC(=O)O)O)C(=NC(=N1)N(C)S(=O)(=O)C)C2=CC=C(C=C2)F	https://envipath.org/package/521c547a-fd2a-491c-ad5b-7eaa1577fb65/pathway/2ab9501f-56c1-43de-8394-d159192f8c3f/node/4f7e4a72-5fca-4031-8a32-a711d4acfdb0	https://envipath.org/package/521c547a-fd2a-491c-ad5b-7eaa1577fb65/scenario/bd233beb-ef1e-4d40-931c-c923b2884afe	BT experiments in dilute biomass	https://envipath.org/package/521c547a-fd2a-491c-ad5b-7eaa1577fb65/pathway/2ab9501f-56c1-43de-8394-d159192f8c3f	3																											
CC(C)C1=C(/C=C/C(=O)CC(CC(=O)O)O)C(=NC(=N1)N(C)S(=O)(=O)C)C2=CC=C(C=C2)F	https://envipath.org/package/521c547a-fd2a-491c-ad5b-7eaa1577fb65/pathway/2ab9501f-56c1-43de-8394-d159192f8c3f/node/025e9fd5-0f76-4037-9662-bc531d6d58b8	https://envipath.org/package/521c547a-fd2a-491c-ad5b-7eaa1577fb65/scenario/1af24cd5-4186-4602-b077-b2cc25cf9830	BT experiments in dilute biomass	https://envipath.org/package/521c547a-fd2a-491c-ad5b-7eaa1577fb65/pathway/2ab9501f-56c1-43de-8394-d159192f8c3f	3																											
CC(C)C1=C(/C=C/C(=O)CC(CC(=O)O)O)C(=NC(=N1)N(C)S(=O)(=O)C)C2=CC=C(C=C2)F	https://envipath.org/package/521c547a-fd2a-491c-ad5b-7eaa1577fb65/pathway/2ab9501f-56c1-43de-8394-d159192f8c3f/node/025e9fd5-0f76-4037-9662-bc531d6d58b8	https://envipath.org/package/521c547a-fd2a-491c-ad5b-7eaa1577fb65/scenario/de4c2859-4dd0-412f-9b85-9aebb4736e50	BT experiments in high biomass	https://envipath.org/package/521c547a-fd2a-491c-ad5b-7eaa1577fb65/pathway/2ab9501f-56c1-43de-8394-d159192f8c3f	3																											
CC(C)C1=C(/C=C/C(=O)C)C(=NC(=N1)N(C)S(=O)(=O)C)C2=CC=C(C=C2)F	https://envipath.org/package/521c547a-fd2a-491c-ad5b-7eaa1577fb65/pathway/2ab9501f-56c1-43de-8394-d159192f8c3f/node/7ebb2a9d-1d02-4546-a1cb-57f95d4eccc1	https://envipath.org/package/521c547a-fd2a-491c-ad5b-7eaa1577fb65/scenario/d6cc0473-1ed7-4cec-8ca6-6543cf5cd9be	BT experiments in high biomass	https://envipath.org/package/521c547a-fd2a-491c-ad5b-7eaa1577fb65/pathway/2ab9501f-56c1-43de-8394-d159192f8c3f	3																											
CC(C)C1=C(/C=C/C(=O)C)C(=NC(=N1)N(C)S(=O)(=O)C)C2=CC=C(C=C2)F	https://envipath.org/package/521c547a-fd2a-491c-ad5b-7eaa1577fb65/pathway/2ab9501f-56c1-43de-8394-d159192f8c3f/node/7ebb2a9d-1d02-4546-a1cb-57f95d4eccc1	https://envipath.org/package/521c547a-fd2a-491c-ad5b-7eaa1577fb65/scenario/f933fa41-ac9a-4aa7-a004-b976eb657024	BT experiments in dilute biomass	https://envipath.org/package/521c547a-fd2a-491c-ad5b-7eaa1577fb65/pathway/2ab9501f-56c1-43de-8394-d159192f8c3f	3																											
CC(C)C1=C(/C=C/C(=O)O)C(=NC(=N1)N(C)S(=O)(=O)C)C2=CC=C(C=C2)F	https://envipath.org/package/521c547a-fd2a-491c-ad5b-7eaa1577fb65/pathway/2ab9501f-56c1-43de-8394-d159192f8c3f/node/8fe323dd-4f77-49fc-ae5e-ce3bd1e6d63f	https://envipath.org/package/521c547a-fd2a-491c-ad5b-7eaa1577fb65/scenario/de3ddc26-f6fe-40d0-b0ed-b071406f6e0e	BT experiments in high biomass	https://envipath.org/package/521c547a-fd2a-491c-ad5b-7eaa1577fb65/pathway/2ab9501f-56c1-43de-8394-d159192f8c3f	3																											
CC(C)C1=C(/C=C/C(=O)O)C(=NC(=N1)N(C)S(=O)(=O)C)C2=CC=C(C=C2)F	https://envipath.org/package/521c547a-fd2a-491c-ad5b-7eaa1577fb65/pathway/2ab9501f-56c1-43de-8394-d159192f8c3f/node/8fe323dd-4f77-49fc-ae5e-ce3bd1e6d63f	https://envipath.org/package/521c547a-fd2a-491c-ad5b-7eaa1577fb65/scenario/a5c40c1f-2fe0-43d7-8a90-f6cd6ccf3df9	BT experiments in dilute biomass	https://envipath.org/package/521c547a-fd2a-491c-ad5b-7eaa1577fb65/pathway/2ab9501f-56c1-43de-8394-d159192f8c3f	3																											
CC(C)C1=C(/C=C/C(CC(CC(=O)O)O)O)C(=NC(=N1)N(C)S(=O)(=O)C)C2=CC=C(C=C2)F	https://envipath.org/package/521c547a-fd2a-491c-ad5b-7eaa1577fb65/pathway/2ab9501f-56c1-43de-8394-d159192f8c3f/node/cf3c6424-f73e-4180-9958-5291494bd304	https://envipath.org/package/521c547a-fd2a-491c-ad5b-7eaa1577fb65/scenario/a98aa7dd-edbf-4909-b072-39b5b5968c78	no description	https://envipath.org/package/521c547a-fd2a-491c-ad5b-7eaa1577fb65/pathway/2ab9501f-56c1-43de-8394-d159192f8c3f																					no comment							
CC(C)C1=C(/C=C/C(CC(CC(=O)O)O)O)C(=NC(=N1)N(C)S(=O)(=O)C)C2=CC=C(C=C2)F	https://envipath.org/package/521c547a-fd2a-491c-ad5b-7eaa1577fb65/pathway/2ab9501f-56c1-43de-8394-d159192f8c3f/node/cf3c6424-f73e-4180-9958-5291494bd304	https://envipath.org/package/521c547a-fd2a-491c-ad5b-7eaa1577fb65/scenario/9cf3fbb4-6ac6-414c-962b-6340dba1fadc	no description	https://envipath.org/package/521c547a-fd2a-491c-ad5b-7eaa1577fb65/pathway/2ab9501f-56c1-43de-8394-d159192f8c3f																					no comment							
CC(C)C1=C(/C=C/C(CC(CC(=O)O)O)O)C(=NC(=N1)N(C)S(=O)(=O)C)C2=CC=C(C=C2)F	https://envipath.org/package/521c547a-fd2a-491c-ad5b-7eaa1577fb65/pathway/2ab9501f-56c1-43de-8394-d159192f8c3f/node/cf3c6424-f73e-4180-9958-5291494bd304	https://envipath.org/package/521c547a-fd2a-491c-ad5b-7eaa1577fb65/scenario/154a54c5-ac0e-4380-8379-aa460114becb	no description	https://envipath.org/package/521c547a-fd2a-491c-ad5b-7eaa1577fb65/pathway/2ab9501f-56c1-43de-8394-d159192f8c3f																					<							
CC(C)(C1=CC=C(C=C1)C(CCC(=O)O)O)C(=O)O	https://envipath.org/package/521c547a-fd2a-491c-ad5b-7eaa1577fb65/pathway/b7e7710f-abfa-4f69-a73a-c1f7e0f7f6b3/node/46ae7baf-23ac-4e21-b545-2d8a4eb0ceb3	https://envipath.org/package/521c547a-fd2a-491c-ad5b-7eaa1577fb65/scenario/c464c3c9-2596-407e-a2f8-34bfe6af8764	BT experiments in dilute biomass	https://envipath.org/package/521c547a-fd2a-491c-ad5b-7eaa1577fb65/pathway/b7e7710f-abfa-4f69-a73a-c1f7e0f7f6b3	3																											
CC(C)(C1=CC=C(C=C1)C(CCC(=O)O)O)C(=O)O	https://envipath.org/package/521c547a-fd2a-491c-ad5b-7eaa1577fb65/pathway/b7e7710f-abfa-4f69-a73a-c1f7e0f7f6b3/node/46ae7baf-23ac-4e21-b545-2d8a4eb0ceb3	https://envipath.org/package/521c547a-fd2a-491c-ad5b-7eaa1577fb65/scenario/4f1b3a36-0b28-444f-8f70-c53022cb65bb	BT experiments in high biomass	https://envipath.org/package/521c547a-fd2a-491c-ad5b-7eaa1577fb65/pathway/b7e7710f-abfa-4f69-a73a-c1f7e0f7f6b3	3																											
CC(C)(C1=CC=C(C=C1)C(=O)CCCN2CCC(CC2)C(C3=CC=CC=C3)(C4=CC=CC=C4)O)C(=O)O	https://envipath.org/package/521c547a-fd2a-491c-ad5b-7eaa1577fb65/pathway/b7e7710f-abfa-4f69-a73a-c1f7e0f7f6b3/node/981680f9-43c4-4e82-a498-faf071accde2	https://envipath.org/package/521c547a-fd2a-491c-ad5b-7eaa1577fb65/scenario/d858a66c-b03a-45d5-811b-da02d483f5af	BT experiments in dilute biomass	https://envipath.org/package/521c547a-fd2a-491c-ad5b-7eaa1577fb65/pathway/b7e7710f-abfa-4f69-a73a-c1f7e0f7f6b3	2																											
CC(C)(C1=CC=C(C=C1)C(=O)CCCN2CCC(CC2)C(C3=CC=CC=C3)(C4=CC=CC=C4)O)C(=O)O	https://envipath.org/package/521c547a-fd2a-491c-ad5b-7eaa1577fb65/pathway/b7e7710f-abfa-4f69-a73a-c1f7e0f7f6b3/node/981680f9-43c4-4e82-a498-faf071accde2	https://envipath.org/package/521c547a-fd2a-491c-ad5b-7eaa1577fb65/scenario/2a1161e2-7c08-47b1-88d7-74b978692693	BT experiments in high biomass	https://envipath.org/package/521c547a-fd2a-491c-ad5b-7eaa1577fb65/pathway/b7e7710f-abfa-4f69-a73a-c1f7e0f7f6b3	2																											
CC(C)(C1=CC=C(C=C1)C(CCC=O)O)C(=O)O	https://envipath.org/package/521c547a-fd2a-491c-ad5b-7eaa1577fb65/pathway/b7e7710f-abfa-4f69-a73a-c1f7e0f7f6b3/node/d093a67f-4dda-4f12-a1e8-a78be8e95c48	https://envipath.org/package/521c547a-fd2a-491c-ad5b-7eaa1577fb65/scenario/75cf21d5-62ec-48b0-aad9-1f0fe27e0d68	BT experiments in dilute biomass	https://envipath.org/package/521c547a-fd2a-491c-ad5b-7eaa1577fb65/pathway/b7e7710f-abfa-4f69-a73a-c1f7e0f7f6b3	2																											
CC(C)(C1=CC=C(C=C1)C(CCC=O)O)C(=O)O	https://envipath.org/package/521c547a-fd2a-491c-ad5b-7eaa1577fb65/pathway/b7e7710f-abfa-4f69-a73a-c1f7e0f7f6b3/node/d093a67f-4dda-4f12-a1e8-a78be8e95c48	https://envipath.org/package/521c547a-fd2a-491c-ad5b-7eaa1577fb65/scenario/965dd3ab-28b5-4699-a338-d7ca34a0f701	BT experiments in high biomass	https://envipath.org/package/521c547a-fd2a-491c-ad5b-7eaa1577fb65/pathway/b7e7710f-abfa-4f69-a73a-c1f7e0f7f6b3	2																											
CC(C)(C1=CC=C(C=C1)C(CCCN2CCC(CC2)C(C3=CC=CC=C3)(C4=CC=CC=C4)O)O)C(=O)O	https://envipath.org/package/521c547a-fd2a-491c-ad5b-7eaa1577fb65/pathway/b7e7710f-abfa-4f69-a73a-c1f7e0f7f6b3/node/bc65067c-4178-459b-9fbf-7fcb6fc9488a	https://envipath.org/package/521c547a-fd2a-491c-ad5b-7eaa1577fb65/scenario/c9cd5827-c10d-43d0-9b70-26f0ea4d1265	no description	https://envipath.org/package/521c547a-fd2a-491c-ad5b-7eaa1577fb65/pathway/b7e7710f-abfa-4f69-a73a-c1f7e0f7f6b3																					no comment							
CC(C)(C1=CC=C(C=C1)C(CCCN2CCC(CC2)C(C3=CC=CC=C3)(C4=CC=CC=C4)O)O)C(=O)O	https://envipath.org/package/521c547a-fd2a-491c-ad5b-7eaa1577fb65/pathway/b7e7710f-abfa-4f69-a73a-c1f7e0f7f6b3/node/bc65067c-4178-459b-9fbf-7fcb6fc9488a	https://envipath.org/package/521c547a-fd2a-491c-ad5b-7eaa1577fb65/scenario/5c69df73-63af-475f-a911-bde2e53ce089	no description	https://envipath.org/package/521c547a-fd2a-491c-ad5b-7eaa1577fb65/pathway/b7e7710f-abfa-4f69-a73a-c1f7e0f7f6b3																					no comment							
CC(C)(C1=CC=C(C=C1)C(CCCN2CCC(CC2)C(C3=CC=CC=C3)(C4=CC=CC=C4)O)O)C(=O)O	https://envipath.org/package/521c547a-fd2a-491c-ad5b-7eaa1577fb65/pathway/b7e7710f-abfa-4f69-a73a-c1f7e0f7f6b3/node/bc65067c-4178-459b-9fbf-7fcb6fc9488a	https://envipath.org/package/521c547a-fd2a-491c-ad5b-7eaa1577fb65/scenario/e924ebb1-3817-4579-a220-a0b14d7f2285	no description	https://envipath.org/package/521c547a-fd2a-491c-ad5b-7eaa1577fb65/pathway/b7e7710f-abfa-4f69-a73a-c1f7e0f7f6b3																					>							
CC(C)(C1=CC=C(C=C1)C(CCCN2CCC(CC2)C(C3=CC=CC=C3)(C4=CC=CC=C4)O)O)C(=O)O	https://envipath.org/package/521c547a-fd2a-491c-ad5b-7eaa1577fb65/pathway/b7e7710f-abfa-4f69-a73a-c1f7e0f7f6b3/node/bc65067c-4178-459b-9fbf-7fcb6fc9488a	https://envipath.org/package/521c547a-fd2a-491c-ad5b-7eaa1577fb65/scenario/7c843fbe-02f5-4306-b4bf-c0b1542f2717	no description	https://envipath.org/package/521c547a-fd2a-491c-ad5b-7eaa1577fb65/pathway/b7e7710f-abfa-4f69-a73a-c1f7e0f7f6b3																					no comment							
CC(C)(C1=CC=C(C=C1)C(=O)CCCNCCC(CC=O)C(C2=CC=CC=C2)(C3=CC=CC=C3)O)C(=O)O	https://envipath.org/package/521c547a-fd2a-491c-ad5b-7eaa1577fb65/pathway/b7e7710f-abfa-4f69-a73a-c1f7e0f7f6b3/node/aa8c2734-ac75-4917-97ef-11e1872eaba1	https://envipath.org/package/521c547a-fd2a-491c-ad5b-7eaa1577fb65/scenario/ea015141-3c7a-4e5f-b501-e3281a6fa3c2	BT experiments in high biomass	https://envipath.org/package/521c547a-fd2a-491c-ad5b-7eaa1577fb65/pathway/b7e7710f-abfa-4f69-a73a-c1f7e0f7f6b3	3																											
CC(C)(C1=CC=C(C=C1)C(=O)CCCNCCC(CC=O)C(C2=CC=CC=C2)(C3=CC=CC=C3)O)C(=O)O	https://envipath.org/package/521c547a-fd2a-491c-ad5b-7eaa1577fb65/pathway/b7e7710f-abfa-4f69-a73a-c1f7e0f7f6b3/node/aa8c2734-ac75-4917-97ef-11e1872eaba1	https://envipath.org/package/521c547a-fd2a-491c-ad5b-7eaa1577fb65/scenario/00eda3ea-00fe-41c9-9b88-cec7c7578f8c	BT experiments in dilute biomass	https://envipath.org/package/521c547a-fd2a-491c-ad5b-7eaa1577fb65/pathway/b7e7710f-abfa-4f69-a73a-c1f7e0f7f6b3	3																											
C1=CC=C(C=C1)C(C2=CC=CC=C2)(C3CCNCC3)O	https://envipath.org/package/521c547a-fd2a-491c-ad5b-7eaa1577fb65/pathway/b7e7710f-abfa-4f69-a73a-c1f7e0f7f6b3/node/c02712f3-9312-4dd2-9b7b-b40c74ba1242	https://envipath.org/package/521c547a-fd2a-491c-ad5b-7eaa1577fb65/scenario/b4b03d02-d31d-4103-8ec3-33306060cf91	BT experiments in dilute biomass	https://envipath.org/package/521c547a-fd2a-491c-ad5b-7eaa1577fb65/pathway/b7e7710f-abfa-4f69-a73a-c1f7e0f7f6b3	1																											
C1=CC=C(C=C1)C(C2=CC=CC=C2)(C3CCNCC3)O	https://envipath.org/package/521c547a-fd2a-491c-ad5b-7eaa1577fb65/pathway/b7e7710f-abfa-4f69-a73a-c1f7e0f7f6b3/node/c02712f3-9312-4dd2-9b7b-b40c74ba1242	https://envipath.org/package/521c547a-fd2a-491c-ad5b-7eaa1577fb65/scenario/29fe4f4c-5e58-436a-a0ea-f94d46f16aa6	BT experiments in high biomass	https://envipath.org/package/521c547a-fd2a-491c-ad5b-7eaa1577fb65/pathway/b7e7710f-abfa-4f69-a73a-c1f7e0f7f6b3	1																											
CC1=CC=C(C(=C1)C(C(=O)O)O)NC2=C(C=CC=C2Cl)F	https://envipath.org/package/521c547a-fd2a-491c-ad5b-7eaa1577fb65/pathway/0d9fe206-e9ee-4e20-ab8a-b938b184a0e3/node/3c9011ca-00d8-466f-9051-096c0a287c18	https://envipath.org/package/521c547a-fd2a-491c-ad5b-7eaa1577fb65/scenario/27130801-dc50-4234-9d5a-4c4ca3dd1898	BT experiments in dilute biomass	https://envipath.org/package/521c547a-fd2a-491c-ad5b-7eaa1577fb65/pathway/0d9fe206-e9ee-4e20-ab8a-b938b184a0e3	3																											
CC1=CC=C(C(=C1)C(C(=O)O)O)NC2=C(C=CC=C2Cl)F	https://envipath.org/package/521c547a-fd2a-491c-ad5b-7eaa1577fb65/pathway/0d9fe206-e9ee-4e20-ab8a-b938b184a0e3/node/3c9011ca-00d8-466f-9051-096c0a287c18	https://envipath.org/package/521c547a-fd2a-491c-ad5b-7eaa1577fb65/scenario/72fddf53-878d-4b5f-9497-53ffc591f2e4	BT experiments in high biomass	https://envipath.org/package/521c547a-fd2a-491c-ad5b-7eaa1577fb65/pathway/0d9fe206-e9ee-4e20-ab8a-b938b184a0e3	3																											
CC1=CC=C(C(=C1)CC(=O)O)NC2=C(C=CC=C2Cl)F	https://envipath.org/package/521c547a-fd2a-491c-ad5b-7eaa1577fb65/pathway/0d9fe206-e9ee-4e20-ab8a-b938b184a0e3/node/1d39dd4a-0cf1-4d28-85e5-b3e8f6fb794b	https://envipath.org/package/521c547a-fd2a-491c-ad5b-7eaa1577fb65/scenario/7acbedeb-d44b-48c3-b8d5-eeb656563166	no description	https://envipath.org/package/521c547a-fd2a-491c-ad5b-7eaa1577fb65/pathway/0d9fe206-e9ee-4e20-ab8a-b938b184a0e3																					DT50 Max [days] > 19.74							
CC1=CC=C(C(=C1)CC(=O)O)NC2=C(C=CC=C2Cl)F	https://envipath.org/package/521c547a-fd2a-491c-ad5b-7eaa1577fb65/pathway/0d9fe206-e9ee-4e20-ab8a-b938b184a0e3/node/1d39dd4a-0cf1-4d28-85e5-b3e8f6fb794b	https://envipath.org/package/521c547a-fd2a-491c-ad5b-7eaa1577fb65/scenario/32c4356e-bf65-41a3-a8c2-125d0878fb36	no description	https://envipath.org/package/521c547a-fd2a-491c-ad5b-7eaa1577fb65/pathway/0d9fe206-e9ee-4e20-ab8a-b938b184a0e3																					no comment							
CC1=CC=C(C(=C1)CC(=O)O)NC2=C(C=CC=C2Cl)F	https://envipath.org/package/521c547a-fd2a-491c-ad5b-7eaa1577fb65/pathway/0d9fe206-e9ee-4e20-ab8a-b938b184a0e3/node/1d39dd4a-0cf1-4d28-85e5-b3e8f6fb794b	https://envipath.org/package/521c547a-fd2a-491c-ad5b-7eaa1577fb65/scenario/877cb9e4-a7b7-45d0-ba8f-46644aeed563	no description	https://envipath.org/package/521c547a-fd2a-491c-ad5b-7eaa1577fb65/pathway/0d9fe206-e9ee-4e20-ab8a-b938b184a0e3																					>							
CC1=CC=C(C(=C1)CC(=O)O)NC2=C(C=CC=C2Cl)F	https://envipath.org/package/521c547a-fd2a-491c-ad5b-7eaa1577fb65/pathway/0d9fe206-e9ee-4e20-ab8a-b938b184a0e3/node/1d39dd4a-0cf1-4d28-85e5-b3e8f6fb794b	https://envipath.org/package/521c547a-fd2a-491c-ad5b-7eaa1577fb65/scenario/94b50bf1-9695-4614-bab0-fda6c6cf5da0	no description	https://envipath.org/package/521c547a-fd2a-491c-ad5b-7eaa1577fb65/pathway/0d9fe206-e9ee-4e20-ab8a-b938b184a0e3																					no comment							
CC1=CC=C(C=C1NC2=NC(=CC=N2)C3=CN=CC=C3)C(=O)NC4=CC(=CC(=C4)N5C=C(C)N=C5)C(F)(F)F	https://envipath.org/package/521c547a-fd2a-491c-ad5b-7eaa1577fb65/pathway/b2514931-4386-4fb5-9e68-97a8655fe98a/node/768419e2-7ffd-4802-810f-4b6b25590047	https://envipath.org/package/521c547a-fd2a-491c-ad5b-7eaa1577fb65/scenario/1052cad7-4115-4bcc-9b51-ad762cf30e29	no description	https://envipath.org/package/521c547a-fd2a-491c-ad5b-7eaa1577fb65/pathway/b2514931-4386-4fb5-9e68-97a8655fe98a																					no comment							
CC1=CC=C(C=C1NC2=NC(=CC=N2)C3=CN=CC=C3)C(=O)NC4=CC(=CC(=C4)N5C=C(C)N=C5)C(F)(F)F	https://envipath.org/package/521c547a-fd2a-491c-ad5b-7eaa1577fb65/pathway/b2514931-4386-4fb5-9e68-97a8655fe98a/node/768419e2-7ffd-4802-810f-4b6b25590047	https://envipath.org/package/521c547a-fd2a-491c-ad5b-7eaa1577fb65/scenario/644eded5-c908-43dd-98ae-af22fc8e2d9e	no description	https://envipath.org/package/521c547a-fd2a-491c-ad5b-7eaa1577fb65/pathway/b2514931-4386-4fb5-9e68-97a8655fe98a																					no comment							
CC[C@@]12CC(=C)[C@@H]3[C@H]4CCC(=O)C=C4CC[C@H]3[C@@H]2CC[C@]1(C#C)O	https://envipath.org/package/521c547a-fd2a-491c-ad5b-7eaa1577fb65/pathway/24eebda7-d66e-42d3-bebb-a8709101ebab/node/60e926be-3f80-4057-84ee-6ad7cad11ff4	https://envipath.org/package/521c547a-fd2a-491c-ad5b-7eaa1577fb65/scenario/f54d54ff-7a71-4570-b2a5-ce7d9a8a2313	no description	https://envipath.org/package/521c547a-fd2a-491c-ad5b-7eaa1577fb65/pathway/24eebda7-d66e-42d3-bebb-a8709101ebab																					no comment							
CC[C@@]12CC(=C)[C@@H]3[C@H]4CCC(=O)C=C4CC[C@H]3[C@@H]2CC[C@]1(C#C)O	https://envipath.org/package/521c547a-fd2a-491c-ad5b-7eaa1577fb65/pathway/24eebda7-d66e-42d3-bebb-a8709101ebab/node/60e926be-3f80-4057-84ee-6ad7cad11ff4	https://envipath.org/package/521c547a-fd2a-491c-ad5b-7eaa1577fb65/scenario/2238d665-0a8a-4abf-b187-d43f62216c46	no description	https://envipath.org/package/521c547a-fd2a-491c-ad5b-7eaa1577fb65/pathway/24eebda7-d66e-42d3-bebb-a8709101ebab																					no comment							
CC[C@@]12CC(=C)[C@@H]3[C@H]4CCC(=O)C=C4CC[C@H]3[C@@H]2CC[C@]1(C#C)O	https://envipath.org/package/521c547a-fd2a-491c-ad5b-7eaa1577fb65/pathway/24eebda7-d66e-42d3-bebb-a8709101ebab/node/60e926be-3f80-4057-84ee-6ad7cad11ff4	https://envipath.org/package/521c547a-fd2a-491c-ad5b-7eaa1577fb65/scenario/5fc5dcb0-981b-4636-834a-646c6adfceaa	no description	https://envipath.org/package/521c547a-fd2a-491c-ad5b-7eaa1577fb65/pathway/24eebda7-d66e-42d3-bebb-a8709101ebab																					<							
CC[C@@]12CC(=C)[C@@H]3[C@H]4CCC(=O)C=C4CC[C@H]3[C@@H]2CC[C@]1(C#C)O	https://envipath.org/package/521c547a-fd2a-491c-ad5b-7eaa1577fb65/pathway/24eebda7-d66e-42d3-bebb-a8709101ebab/node/60e926be-3f80-4057-84ee-6ad7cad11ff4	https://envipath.org/package/521c547a-fd2a-491c-ad5b-7eaa1577fb65/scenario/ec5fe0f6-ab34-497c-a9fd-07ff947569f5	no description	https://envipath.org/package/521c547a-fd2a-491c-ad5b-7eaa1577fb65/pathway/24eebda7-d66e-42d3-bebb-a8709101ebab																					<							
CC[C@@]12CC(=C)[C@@H]3[C@H]4CCC(=O)C=C4CC[C@H]3[C@@H]2CC[C@]1(CC=O)O	https://envipath.org/package/521c547a-fd2a-491c-ad5b-7eaa1577fb65/pathway/24eebda7-d66e-42d3-bebb-a8709101ebab/node/56952f43-1ee9-43a8-a190-daaea44949be	https://envipath.org/package/521c547a-fd2a-491c-ad5b-7eaa1577fb65/scenario/a0072e9c-45da-4dbd-af0f-f78545cbbf3d	BT experiments in dilute biomass	https://envipath.org/package/521c547a-fd2a-491c-ad5b-7eaa1577fb65/pathway/24eebda7-d66e-42d3-bebb-a8709101ebab	3																											
CC[C@@]12CC(=C)[C@@H]3[C@H]4CCC(=O)C=C4CC[C@H]3[C@@H]2CC[C@]1(CC=O)O	https://envipath.org/package/521c547a-fd2a-491c-ad5b-7eaa1577fb65/pathway/24eebda7-d66e-42d3-bebb-a8709101ebab/node/56952f43-1ee9-43a8-a190-daaea44949be	https://envipath.org/package/521c547a-fd2a-491c-ad5b-7eaa1577fb65/scenario/7ec66edd-bde7-4818-8f94-72ebd1c04a3e	BT experiments in high biomass	https://envipath.org/package/521c547a-fd2a-491c-ad5b-7eaa1577fb65/pathway/24eebda7-d66e-42d3-bebb-a8709101ebab	3																											
CN(CC=O)CC1C2=C(C=CC=C2)CC3=CC=CN=C3N1	https://envipath.org/package/521c547a-fd2a-491c-ad5b-7eaa1577fb65/pathway/0bd9ab78-6e14-4c78-8b14-7d3725f3b505/node/b488cae1-169f-4e79-ab85-f07f8a50fc2c	https://envipath.org/package/521c547a-fd2a-491c-ad5b-7eaa1577fb65/scenario/c73a728b-a8f0-4b57-99b4-65d74df19273	BT experiments in high biomass	https://envipath.org/package/521c547a-fd2a-491c-ad5b-7eaa1577fb65/pathway/0bd9ab78-6e14-4c78-8b14-7d3725f3b505	3																											
CN(CC=O)CC1C2=C(C=CC=C2)CC3=CC=CN=C3N1	https://envipath.org/package/521c547a-fd2a-491c-ad5b-7eaa1577fb65/pathway/0bd9ab78-6e14-4c78-8b14-7d3725f3b505/node/b488cae1-169f-4e79-ab85-f07f8a50fc2c	https://envipath.org/package/521c547a-fd2a-491c-ad5b-7eaa1577fb65/scenario/2d172554-2e46-4c0d-8b3a-1cb709f4cd45	BT experiments in dilute biomass	https://envipath.org/package/521c547a-fd2a-491c-ad5b-7eaa1577fb65/pathway/0bd9ab78-6e14-4c78-8b14-7d3725f3b505	3																											
CN(CC(=O)C1=C(C=CC=C1)CC2=CC=CN=C2N)CC(=O)O	https://envipath.org/package/521c547a-fd2a-491c-ad5b-7eaa1577fb65/pathway/0bd9ab78-6e14-4c78-8b14-7d3725f3b505/node/c9d5228c-b21e-4f43-a2a4-6c4fa5df2c57	https://envipath.org/package/521c547a-fd2a-491c-ad5b-7eaa1577fb65/scenario/de5f21c8-9e38-4edb-9e55-94f49cd1bfbb	BT experiments in high biomass	https://envipath.org/package/521c547a-fd2a-491c-ad5b-7eaa1577fb65/pathway/0bd9ab78-6e14-4c78-8b14-7d3725f3b505	3																											
CN(CC(=O)C1=C(C=CC=C1)CC2=CC=CN=C2N)CC(=O)O	https://envipath.org/package/521c547a-fd2a-491c-ad5b-7eaa1577fb65/pathway/0bd9ab78-6e14-4c78-8b14-7d3725f3b505/node/c9d5228c-b21e-4f43-a2a4-6c4fa5df2c57	https://envipath.org/package/521c547a-fd2a-491c-ad5b-7eaa1577fb65/scenario/25002acc-e3ee-411c-bdcc-4bc0cbdac067	BT experiments in dilute biomass	https://envipath.org/package/521c547a-fd2a-491c-ad5b-7eaa1577fb65/pathway/0bd9ab78-6e14-4c78-8b14-7d3725f3b505	3																											
CN1CCN2C(C1)C3=C(C=CC=C3)CC4=CC=CN=C42	https://envipath.org/package/521c547a-fd2a-491c-ad5b-7eaa1577fb65/pathway/0bd9ab78-6e14-4c78-8b14-7d3725f3b505/node/4bd777b0-e6b1-46b8-83ec-9bed9170fd8d	https://envipath.org/package/521c547a-fd2a-491c-ad5b-7eaa1577fb65/scenario/bd873ab8-5018-4b10-bf10-3e5a717af577	no description	https://envipath.org/package/521c547a-fd2a-491c-ad5b-7eaa1577fb65/pathway/0bd9ab78-6e14-4c78-8b14-7d3725f3b505																					>							
CN1CCN2C(C1)C3=C(C=CC=C3)CC4=CC=CN=C42	https://envipath.org/package/521c547a-fd2a-491c-ad5b-7eaa1577fb65/pathway/0bd9ab78-6e14-4c78-8b14-7d3725f3b505/node/4bd777b0-e6b1-46b8-83ec-9bed9170fd8d	https://envipath.org/package/521c547a-fd2a-491c-ad5b-7eaa1577fb65/scenario/bfc2a2cf-604f-4048-a1ac-58425dfd3c36	no description	https://envipath.org/package/521c547a-fd2a-491c-ad5b-7eaa1577fb65/pathway/0bd9ab78-6e14-4c78-8b14-7d3725f3b505																					>							
CN1CCN2C(C1)C3=C(C=CC=C3)CC4=CC=CN=C42	https://envipath.org/package/521c547a-fd2a-491c-ad5b-7eaa1577fb65/pathway/0bd9ab78-6e14-4c78-8b14-7d3725f3b505/node/4bd777b0-e6b1-46b8-83ec-9bed9170fd8d	https://envipath.org/package/521c547a-fd2a-491c-ad5b-7eaa1577fb65/scenario/4f67f3fb-ce91-4b4b-9155-322607a7e790	no description	https://envipath.org/package/521c547a-fd2a-491c-ad5b-7eaa1577fb65/pathway/0bd9ab78-6e14-4c78-8b14-7d3725f3b505																					DT50 Max [days] > 19.74							
CN1CCN2C(C1)C3=C(C=CC=C3)CC4=CC=CN=C42	https://envipath.org/package/521c547a-fd2a-491c-ad5b-7eaa1577fb65/pathway/0bd9ab78-6e14-4c78-8b14-7d3725f3b505/node/4bd777b0-e6b1-46b8-83ec-9bed9170fd8d	https://envipath.org/package/521c547a-fd2a-491c-ad5b-7eaa1577fb65/scenario/a4e5c173-1de1-4658-9402-95f65339413d	no description	https://envipath.org/package/521c547a-fd2a-491c-ad5b-7eaa1577fb65/pathway/0bd9ab78-6e14-4c78-8b14-7d3725f3b505																					>							
CNCCNC1=NC=CC=C1CC2=C(C=CC=C2)C(=O)C(=O)O	https://envipath.org/package/521c547a-fd2a-491c-ad5b-7eaa1577fb65/pathway/0bd9ab78-6e14-4c78-8b14-7d3725f3b505/node/f6dfb593-d1af-4330-81e8-5e36e3287df1	https://envipath.org/package/521c547a-fd2a-491c-ad5b-7eaa1577fb65/scenario/92db7f25-681a-44e4-aa69-005ff7a69b2b	BT experiments in dilute biomass	https://envipath.org/package/521c547a-fd2a-491c-ad5b-7eaa1577fb65/pathway/0bd9ab78-6e14-4c78-8b14-7d3725f3b505	3																											
CNCCNC1=NC=CC=C1CC2=C(C=CC=C2)C(=O)C(=O)O	https://envipath.org/package/521c547a-fd2a-491c-ad5b-7eaa1577fb65/pathway/0bd9ab78-6e14-4c78-8b14-7d3725f3b505/node/f6dfb593-d1af-4330-81e8-5e36e3287df1	https://envipath.org/package/521c547a-fd2a-491c-ad5b-7eaa1577fb65/scenario/828ef470-7e91-4f08-8c1a-d18744a7e0e7	BT experiments in high biomass	https://envipath.org/package/521c547a-fd2a-491c-ad5b-7eaa1577fb65/pathway/0bd9ab78-6e14-4c78-8b14-7d3725f3b505	3																											
CNCCC(C1=CC=CS1)OC2=CC=CC3=C2C=CC=C3	https://envipath.org/package/521c547a-fd2a-491c-ad5b-7eaa1577fb65/pathway/a3c83656-6139-4173-a3f3-c6be940852c7/node/3f188da5-224f-4f83-bcb3-314517d96803	https://envipath.org/package/521c547a-fd2a-491c-ad5b-7eaa1577fb65/scenario/91ffedaa-b722-47cb-b0de-37a7a5b8996b	BT experiments in high biomass	https://envipath.org/package/521c547a-fd2a-491c-ad5b-7eaa1577fb65/pathway/a3c83656-6139-4173-a3f3-c6be940852c7	3																											
CNCCC(C1=CC=CS1)OC2=CC=CC3=C2C=CC=C3	https://envipath.org/package/521c547a-fd2a-491c-ad5b-7eaa1577fb65/pathway/a3c83656-6139-4173-a3f3-c6be940852c7/node/3f188da5-224f-4f83-bcb3-314517d96803	https://envipath.org/package/521c547a-fd2a-491c-ad5b-7eaa1577fb65/scenario/35afb7d0-5c53-479c-a4d0-fc33e28e04c2	BT experiments in dilute biomass	https://envipath.org/package/521c547a-fd2a-491c-ad5b-7eaa1577fb65/pathway/a3c83656-6139-4173-a3f3-c6be940852c7	3																											
CNCCC(C1=CC=CS1)OC2=CC=CC3=C2C=CC=C3	https://envipath.org/package/521c547a-fd2a-491c-ad5b-7eaa1577fb65/pathway/a3c83656-6139-4173-a3f3-c6be940852c7/node/3f188da5-224f-4f83-bcb3-314517d96803	https://envipath.org/package/521c547a-fd2a-491c-ad5b-7eaa1577fb65/scenario/a58274c6-a860-47b4-b653-338f2dc3b0f8	no description	https://envipath.org/package/521c547a-fd2a-491c-ad5b-7eaa1577fb65/pathway/a3c83656-6139-4173-a3f3-c6be940852c7																					>							
CNCCC(C1=CC=CS1)OC2=CC=CC3=C2C=CC=C3	https://envipath.org/package/521c547a-fd2a-491c-ad5b-7eaa1577fb65/pathway/a3c83656-6139-4173-a3f3-c6be940852c7/node/3f188da5-224f-4f83-bcb3-314517d96803	https://envipath.org/package/521c547a-fd2a-491c-ad5b-7eaa1577fb65/scenario/df23f705-2240-433c-b46a-ab440a896370	no description	https://envipath.org/package/521c547a-fd2a-491c-ad5b-7eaa1577fb65/pathway/a3c83656-6139-4173-a3f3-c6be940852c7																					>							
CN(CCC(C1=CC=CS1)OC2=CC=CC3=C2C=CC=C3)C(=O)CCC(=O)O	https://envipath.org/package/521c547a-fd2a-491c-ad5b-7eaa1577fb65/pathway/a3c83656-6139-4173-a3f3-c6be940852c7/node/3ec060f9-99f4-4fde-9a0f-fb410a08a412	https://envipath.org/package/521c547a-fd2a-491c-ad5b-7eaa1577fb65/scenario/1059e36b-dea3-4ad6-be09-aad0212f3ac1	BT experiments in high biomass	https://envipath.org/package/521c547a-fd2a-491c-ad5b-7eaa1577fb65/pathway/a3c83656-6139-4173-a3f3-c6be940852c7	3																											
CN(CCC(C1=CC=CS1)OC2=CC=CC3=C2C=CC=C3)C(=O)CCC(=O)O	https://envipath.org/package/521c547a-fd2a-491c-ad5b-7eaa1577fb65/pathway/a3c83656-6139-4173-a3f3-c6be940852c7/node/3ec060f9-99f4-4fde-9a0f-fb410a08a412	https://envipath.org/package/521c547a-fd2a-491c-ad5b-7eaa1577fb65/scenario/ec7d2d58-290d-4dbd-a302-43b9619dca32	BT experiments in dilute biomass	https://envipath.org/package/521c547a-fd2a-491c-ad5b-7eaa1577fb65/pathway/a3c83656-6139-4173-a3f3-c6be940852c7	3																											
C1=C(C=CC(=C1)F)C(CCC2C(C3=CC=C(C(=C3)O)O)N(C4=CC=C(C=C4)F)C2=O)O	https://envipath.org/package/521c547a-fd2a-491c-ad5b-7eaa1577fb65/pathway/9c5b5352-4737-4d43-87d3-8ed06363fc0e/node/5acab270-76b8-458e-9818-3df0f8064cb4	https://envipath.org/package/521c547a-fd2a-491c-ad5b-7eaa1577fb65/scenario/fed03a8f-a05f-4f3d-b800-8ae5e8f38378	BT experiments in dilute biomass	https://envipath.org/package/521c547a-fd2a-491c-ad5b-7eaa1577fb65/pathway/9c5b5352-4737-4d43-87d3-8ed06363fc0e	3																											
C1=C(C=CC(=C1)F)C(CCC2C(C3=CC=C(C(=C3)O)O)N(C4=CC=C(C=C4)F)C2=O)O	https://envipath.org/package/521c547a-fd2a-491c-ad5b-7eaa1577fb65/pathway/9c5b5352-4737-4d43-87d3-8ed06363fc0e/node/5acab270-76b8-458e-9818-3df0f8064cb4	https://envipath.org/package/521c547a-fd2a-491c-ad5b-7eaa1577fb65/scenario/16b4c032-472e-493a-a6e3-e6282d10aff5	BT experiments in high biomass	https://envipath.org/package/521c547a-fd2a-491c-ad5b-7eaa1577fb65/pathway/9c5b5352-4737-4d43-87d3-8ed06363fc0e	3																											
C1=C(C=CC(=C1)F)C(=O)CCC2C(C3=CC=C(C=C3)O)N(C4=CC=C(C=C4)F)C2=O	https://envipath.org/package/521c547a-fd2a-491c-ad5b-7eaa1577fb65/pathway/9c5b5352-4737-4d43-87d3-8ed06363fc0e/node/ca49faf4-1e7b-4815-9429-83f8695bb975	https://envipath.org/package/521c547a-fd2a-491c-ad5b-7eaa1577fb65/scenario/b7e04327-41a2-47ad-9080-be28b3893091	BT experiments in high biomass	https://envipath.org/package/521c547a-fd2a-491c-ad5b-7eaa1577fb65/pathway/9c5b5352-4737-4d43-87d3-8ed06363fc0e	3																											
C1=C(C=CC(=C1)F)C(=O)CCC2C(C3=CC=C(C=C3)O)N(C4=CC=C(C=C4)F)C2=O	https://envipath.org/package/521c547a-fd2a-491c-ad5b-7eaa1577fb65/pathway/9c5b5352-4737-4d43-87d3-8ed06363fc0e/node/ca49faf4-1e7b-4815-9429-83f8695bb975	https://envipath.org/package/521c547a-fd2a-491c-ad5b-7eaa1577fb65/scenario/6b2d2715-8819-479f-92c0-59a718dec436	BT experiments in dilute biomass	https://envipath.org/package/521c547a-fd2a-491c-ad5b-7eaa1577fb65/pathway/9c5b5352-4737-4d43-87d3-8ed06363fc0e	3																											
C1=C(C=CC(=C1)F)C(CCC2C(C3=CC=C(C=C3)O)N(C4=CC=C(C=C4)F)C2=O)O	https://envipath.org/package/521c547a-fd2a-491c-ad5b-7eaa1577fb65/pathway/9c5b5352-4737-4d43-87d3-8ed06363fc0e/node/246c6dff-a4ec-41c6-9b8a-8be5ddda87e2	https://envipath.org/package/521c547a-fd2a-491c-ad5b-7eaa1577fb65/scenario/65292dca-0bad-473e-bb56-4b3eea9e07c5	no description	https://envipath.org/package/521c547a-fd2a-491c-ad5b-7eaa1577fb65/pathway/9c5b5352-4737-4d43-87d3-8ed06363fc0e																					no comment							
C1=C(C=CC(=C1)F)C(CCC2C(C3=CC=C(C=C3)O)N(C4=CC=C(C=C4)F)C2=O)O	https://envipath.org/package/521c547a-fd2a-491c-ad5b-7eaa1577fb65/pathway/9c5b5352-4737-4d43-87d3-8ed06363fc0e/node/246c6dff-a4ec-41c6-9b8a-8be5ddda87e2	https://envipath.org/package/521c547a-fd2a-491c-ad5b-7eaa1577fb65/scenario/c0a28077-19b2-4c3c-9681-1ce6090f0daa	no description	https://envipath.org/package/521c547a-fd2a-491c-ad5b-7eaa1577fb65/pathway/9c5b5352-4737-4d43-87d3-8ed06363fc0e																					no comment							
C1=C(C=CC(=C1)F)C(CCC2C(C3=CC=C(C=C3)O)N(C4=CC=C(C=C4)F)C2=O)O	https://envipath.org/package/521c547a-fd2a-491c-ad5b-7eaa1577fb65/pathway/9c5b5352-4737-4d43-87d3-8ed06363fc0e/node/246c6dff-a4ec-41c6-9b8a-8be5ddda87e2	https://envipath.org/package/521c547a-fd2a-491c-ad5b-7eaa1577fb65/scenario/d65cbb3d-e79a-406d-b388-e8d93cea96f9	no description	https://envipath.org/package/521c547a-fd2a-491c-ad5b-7eaa1577fb65/pathway/9c5b5352-4737-4d43-87d3-8ed06363fc0e																					no comment							
C1=C(C=CC(=C1)F)C(CCC2C(C3=CC=C(C=C3)O)N(C4=CC=C(C=C4)F)C2=O)O	https://envipath.org/package/521c547a-fd2a-491c-ad5b-7eaa1577fb65/pathway/9c5b5352-4737-4d43-87d3-8ed06363fc0e/node/246c6dff-a4ec-41c6-9b8a-8be5ddda87e2	https://envipath.org/package/521c547a-fd2a-491c-ad5b-7eaa1577fb65/scenario/c29c4849-448d-44af-a336-0f585b297478	no description	https://envipath.org/package/521c547a-fd2a-491c-ad5b-7eaa1577fb65/pathway/9c5b5352-4737-4d43-87d3-8ed06363fc0e																					>							
CCCC/C(=N/C1(CCCC1)C(=O)O)/NCC2=CC=C(C=C2)C3=C(C=CC=C3)C4=NNN=N4	https://envipath.org/package/521c547a-fd2a-491c-ad5b-7eaa1577fb65/pathway/7ae4ebfa-0599-4991-ba93-bf4cffce71cd/node/60be3c65-d0f5-4b10-8bee-ca98cfd949a1	https://envipath.org/package/521c547a-fd2a-491c-ad5b-7eaa1577fb65/scenario/0326fb0b-0000-4224-8f59-b168ad792a7d	BT experiments in high biomass	https://envipath.org/package/521c547a-fd2a-491c-ad5b-7eaa1577fb65/pathway/7ae4ebfa-0599-4991-ba93-bf4cffce71cd	3																											
CCCC/C(=N/C1(CCCC1)C(=O)O)/NCC2=CC=C(C=C2)C3=C(C=CC=C3)C4=NNN=N4	https://envipath.org/package/521c547a-fd2a-491c-ad5b-7eaa1577fb65/pathway/7ae4ebfa-0599-4991-ba93-bf4cffce71cd/node/60be3c65-d0f5-4b10-8bee-ca98cfd949a1	https://envipath.org/package/521c547a-fd2a-491c-ad5b-7eaa1577fb65/scenario/0c08ff6a-d937-4b3b-adf3-0bdea1ab850d	BT experiments in dilute biomass	https://envipath.org/package/521c547a-fd2a-491c-ad5b-7eaa1577fb65/pathway/7ae4ebfa-0599-4991-ba93-bf4cffce71cd	3																											
C1=CC(=C(C=C1)C2=NNN=N2)C3=CC=C(C=C3)C(=O)O	https://envipath.org/package/521c547a-fd2a-491c-ad5b-7eaa1577fb65/pathway/7ae4ebfa-0599-4991-ba93-bf4cffce71cd/node/b523cd76-07f1-4572-89a5-94e2c77a7268	https://envipath.org/package/521c547a-fd2a-491c-ad5b-7eaa1577fb65/scenario/16bbcb3e-218d-4021-bd60-9fe2c5aa3c76	BT experiments in dilute biomass	https://envipath.org/package/521c547a-fd2a-491c-ad5b-7eaa1577fb65/pathway/7ae4ebfa-0599-4991-ba93-bf4cffce71cd	2																											
C1=CC(=C(C=C1)C2=NNN=N2)C3=CC=C(C=C3)C(=O)O	https://envipath.org/package/521c547a-fd2a-491c-ad5b-7eaa1577fb65/pathway/7ae4ebfa-0599-4991-ba93-bf4cffce71cd/node/b523cd76-07f1-4572-89a5-94e2c77a7268	https://envipath.org/package/521c547a-fd2a-491c-ad5b-7eaa1577fb65/scenario/333a9e26-0f5d-47ae-8ced-f11227985d12	BT experiments in high biomass	https://envipath.org/package/521c547a-fd2a-491c-ad5b-7eaa1577fb65/pathway/7ae4ebfa-0599-4991-ba93-bf4cffce71cd	2																											
CCCCC(=O)NCC1=CC=C(C=C1)C2=C(C=CC=C2)C3=NNN=N3	https://envipath.org/package/521c547a-fd2a-491c-ad5b-7eaa1577fb65/pathway/7ae4ebfa-0599-4991-ba93-bf4cffce71cd/node/8b45e87a-853c-468d-8070-9e9a958b6afe	https://envipath.org/package/521c547a-fd2a-491c-ad5b-7eaa1577fb65/scenario/ae9f8bcc-698e-47d5-838f-d48ac7d6616a	BT experiments in dilute biomass	https://envipath.org/package/521c547a-fd2a-491c-ad5b-7eaa1577fb65/pathway/7ae4ebfa-0599-4991-ba93-bf4cffce71cd	3																											
CCCCC(=O)NCC1=CC=C(C=C1)C2=C(C=CC=C2)C3=NNN=N3	https://envipath.org/package/521c547a-fd2a-491c-ad5b-7eaa1577fb65/pathway/7ae4ebfa-0599-4991-ba93-bf4cffce71cd/node/8b45e87a-853c-468d-8070-9e9a958b6afe	https://envipath.org/package/521c547a-fd2a-491c-ad5b-7eaa1577fb65/scenario/83932e3b-80d9-46cf-85a0-ac3cc7926ec0	BT experiments in high biomass	https://envipath.org/package/521c547a-fd2a-491c-ad5b-7eaa1577fb65/pathway/7ae4ebfa-0599-4991-ba93-bf4cffce71cd	3																											
CCCCC1=NC2(CCCC2)C(=O)N1CC3=CC=C(C=C3)C4=C(C=CC=C4)C5=NNN=N5	https://envipath.org/package/521c547a-fd2a-491c-ad5b-7eaa1577fb65/pathway/7ae4ebfa-0599-4991-ba93-bf4cffce71cd/node/2410e27b-2fea-4ad5-b91b-d1bd1e7ca66a	https://envipath.org/package/521c547a-fd2a-491c-ad5b-7eaa1577fb65/scenario/0ec80a04-df8d-4cdd-a70f-c51a99176e51	no description	https://envipath.org/package/521c547a-fd2a-491c-ad5b-7eaa1577fb65/pathway/7ae4ebfa-0599-4991-ba93-bf4cffce71cd																					no comment							
CCCCC1=NC2(CCCC2)C(=O)N1CC3=CC=C(C=C3)C4=C(C=CC=C4)C5=NNN=N5	https://envipath.org/package/521c547a-fd2a-491c-ad5b-7eaa1577fb65/pathway/7ae4ebfa-0599-4991-ba93-bf4cffce71cd/node/2410e27b-2fea-4ad5-b91b-d1bd1e7ca66a	https://envipath.org/package/521c547a-fd2a-491c-ad5b-7eaa1577fb65/scenario/30d51b57-63d6-41a0-84d2-eb58dcf288b6	no description	https://envipath.org/package/521c547a-fd2a-491c-ad5b-7eaa1577fb65/pathway/7ae4ebfa-0599-4991-ba93-bf4cffce71cd																					no comment							
CCCCC1=NC2(CCCC2)C(=O)N1CC3=CC=C(C=C3)C4=C(C=CC=C4)C5=NNN=N5	https://envipath.org/package/521c547a-fd2a-491c-ad5b-7eaa1577fb65/pathway/7ae4ebfa-0599-4991-ba93-bf4cffce71cd/node/2410e27b-2fea-4ad5-b91b-d1bd1e7ca66a	https://envipath.org/package/521c547a-fd2a-491c-ad5b-7eaa1577fb65/scenario/b4b1fe5e-3414-42cc-9c73-df0badfdf461	no description	https://envipath.org/package/521c547a-fd2a-491c-ad5b-7eaa1577fb65/pathway/7ae4ebfa-0599-4991-ba93-bf4cffce71cd																					no comment							
CCCCC1=NC2(CCCC2)C(=O)N1CC3=CC=C(C=C3)C4=C(C=CC=C4)C5=NNN=N5	https://envipath.org/package/521c547a-fd2a-491c-ad5b-7eaa1577fb65/pathway/7ae4ebfa-0599-4991-ba93-bf4cffce71cd/node/2410e27b-2fea-4ad5-b91b-d1bd1e7ca66a	https://envipath.org/package/521c547a-fd2a-491c-ad5b-7eaa1577fb65/scenario/7142e054-2779-41e5-9fae-ce0a78687e4e	no description	https://envipath.org/package/521c547a-fd2a-491c-ad5b-7eaa1577fb65/pathway/7ae4ebfa-0599-4991-ba93-bf4cffce71cd																					>							
CC1=C(C=CC=C1)O[C@H](CCNC)C2=CC=CC=C2	https://envipath.org/package/521c547a-fd2a-491c-ad5b-7eaa1577fb65/pathway/89442f76-fb5f-4f38-b0bb-1e2fc50e8948/node/e4c436ea-d1de-4353-b663-03fdfc7f3e66	https://envipath.org/package/521c547a-fd2a-491c-ad5b-7eaa1577fb65/scenario/5a0fa4d9-9aa5-4119-93d7-bdad60e1bfa0	no description	https://envipath.org/package/521c547a-fd2a-491c-ad5b-7eaa1577fb65/pathway/89442f76-fb5f-4f38-b0bb-1e2fc50e8948																					>							
CC1=C(C=CC=C1)O[C@H](CCNC)C2=CC=CC=C2	https://envipath.org/package/521c547a-fd2a-491c-ad5b-7eaa1577fb65/pathway/89442f76-fb5f-4f38-b0bb-1e2fc50e8948/node/e4c436ea-d1de-4353-b663-03fdfc7f3e66	https://envipath.org/package/521c547a-fd2a-491c-ad5b-7eaa1577fb65/scenario/307e6dff-237a-42a6-941e-ac18b874ab96	no description	https://envipath.org/package/521c547a-fd2a-491c-ad5b-7eaa1577fb65/pathway/89442f76-fb5f-4f38-b0bb-1e2fc50e8948																					>							
CC1=C(C=CC=C1)O[C@H](CCNC)C2=CC=CC=C2	https://envipath.org/package/521c547a-fd2a-491c-ad5b-7eaa1577fb65/pathway/89442f76-fb5f-4f38-b0bb-1e2fc50e8948/node/e4c436ea-d1de-4353-b663-03fdfc7f3e66	https://envipath.org/package/521c547a-fd2a-491c-ad5b-7eaa1577fb65/scenario/829acfe9-156c-4ef8-bafa-c8945b4d2320	no description	https://envipath.org/package/521c547a-fd2a-491c-ad5b-7eaa1577fb65/pathway/89442f76-fb5f-4f38-b0bb-1e2fc50e8948																					>							
CC1=C(C=CC=C1)O[C@H](CCNC)C2=CC=CC=C2	https://envipath.org/package/521c547a-fd2a-491c-ad5b-7eaa1577fb65/pathway/89442f76-fb5f-4f38-b0bb-1e2fc50e8948/node/e4c436ea-d1de-4353-b663-03fdfc7f3e66	https://envipath.org/package/521c547a-fd2a-491c-ad5b-7eaa1577fb65/scenario/2760b58a-184b-47b8-944d-faec0e793a2e	no description	https://envipath.org/package/521c547a-fd2a-491c-ad5b-7eaa1577fb65/pathway/89442f76-fb5f-4f38-b0bb-1e2fc50e8948																					>							
CC1=C(C=CC=C1)O[C@H](CCN(C)C(=O)CCC(=O)O)C2=CC=CC=C2	https://envipath.org/package/521c547a-fd2a-491c-ad5b-7eaa1577fb65/pathway/89442f76-fb5f-4f38-b0bb-1e2fc50e8948/node/e3fba50c-6185-42a6-86c5-1f664441fe20	https://envipath.org/package/521c547a-fd2a-491c-ad5b-7eaa1577fb65/scenario/8a972a87-66a3-48bb-9120-65630a975010	BT experiments in high biomass	https://envipath.org/package/521c547a-fd2a-491c-ad5b-7eaa1577fb65/pathway/89442f76-fb5f-4f38-b0bb-1e2fc50e8948	3																											
CC1=C(C=CC=C1)O[C@H](CCN(C)C(=O)CCC(=O)O)C2=CC=CC=C2	https://envipath.org/package/521c547a-fd2a-491c-ad5b-7eaa1577fb65/pathway/89442f76-fb5f-4f38-b0bb-1e2fc50e8948/node/e3fba50c-6185-42a6-86c5-1f664441fe20	https://envipath.org/package/521c547a-fd2a-491c-ad5b-7eaa1577fb65/scenario/ea5314c1-9acb-48f6-800a-b4f70334c215	DOI: 10.1039/D3EM00161J - BT experiments in dilute biomass	https://envipath.org/package/521c547a-fd2a-491c-ad5b-7eaa1577fb65/pathway/89442f76-fb5f-4f38-b0bb-1e2fc50e8948		aerob	{'end': 8.0, 'start': 6.0}	Dübendorf	bottle		bubbling air and stirring		50.0	0.6	8.0	spiking in solvent		municipal WW						nitrification & denitrification & biological phosphorus removal								
CC1=C(C=CC=C1)O[C@H](CCN(C)C(=O)CCC(=O)O)C2=CC=CC=C2	https://envipath.org/package/521c547a-fd2a-491c-ad5b-7eaa1577fb65/pathway/89442f76-fb5f-4f38-b0bb-1e2fc50e8948/node/e3fba50c-6185-42a6-86c5-1f664441fe20	https://envipath.org/package/521c547a-fd2a-491c-ad5b-7eaa1577fb65/scenario/abd68eda-a1c5-4519-b3a1-e494b520b02a	DOI: 10.1039/D3EM00161J - BT experiments in high biomass	https://envipath.org/package/521c547a-fd2a-491c-ad5b-7eaa1577fb65/pathway/89442f76-fb5f-4f38-b0bb-1e2fc50e8948		aerob	{'end': 8.0, 'start': 6.0}	Dübendorf	bottle		bubbling air and stirring		50.0	7.1	8.0	spiking in solvent		municipal WW						nitrification & denitrification & biological phosphorus removal								
CC1=C(C=CC=C1)O[C@H](CCN(C)C(=O)CCC(=O)O)C2=CC=CC=C2	https://envipath.org/package/521c547a-fd2a-491c-ad5b-7eaa1577fb65/pathway/89442f76-fb5f-4f38-b0bb-1e2fc50e8948/node/e3fba50c-6185-42a6-86c5-1f664441fe20	https://envipath.org/package/521c547a-fd2a-491c-ad5b-7eaa1577fb65/scenario/8dfb87b0-5d35-4874-a8cb-431ac7173311	BT experiments in dilute biomass	https://envipath.org/package/521c547a-fd2a-491c-ad5b-7eaa1577fb65/pathway/89442f76-fb5f-4f38-b0bb-1e2fc50e8948	3																											
CNCC[C@H](C1=CC=CC=C1)OC2=C(C=CC=C2)C(=O)O	https://envipath.org/package/521c547a-fd2a-491c-ad5b-7eaa1577fb65/pathway/89442f76-fb5f-4f38-b0bb-1e2fc50e8948/node/9cb00755-f437-419c-b981-bf040ee935bf	https://envipath.org/package/521c547a-fd2a-491c-ad5b-7eaa1577fb65/scenario/c7a60a3b-ff87-47fd-b0c0-a248a7095ff4	BT experiments in high biomass	https://envipath.org/package/521c547a-fd2a-491c-ad5b-7eaa1577fb65/pathway/89442f76-fb5f-4f38-b0bb-1e2fc50e8948	4																											
CNCC[C@H](C1=CC=CC=C1)OC2=C(C=CC=C2)C(=O)O	https://envipath.org/package/521c547a-fd2a-491c-ad5b-7eaa1577fb65/pathway/89442f76-fb5f-4f38-b0bb-1e2fc50e8948/node/9cb00755-f437-419c-b981-bf040ee935bf	https://envipath.org/package/521c547a-fd2a-491c-ad5b-7eaa1577fb65/scenario/835fa582-51b8-4511-80a0-5d9f5da74821	BT experiments in dilute biomass	https://envipath.org/package/521c547a-fd2a-491c-ad5b-7eaa1577fb65/pathway/89442f76-fb5f-4f38-b0bb-1e2fc50e8948	4																											
C1C2CC3(CC1CC(C2)(C3)O)NCC(=O)O	https://envipath.org/package/521c547a-fd2a-491c-ad5b-7eaa1577fb65/pathway/87822179-ae12-41c6-bd6b-b2c0add514f5/node/5b8455b2-672a-4c88-bee5-8627f88606e4	https://envipath.org/package/521c547a-fd2a-491c-ad5b-7eaa1577fb65/scenario/70803ac4-e6ee-4ffa-83d9-ee71154983c6	BT experiments in high biomass	https://envipath.org/package/521c547a-fd2a-491c-ad5b-7eaa1577fb65/pathway/87822179-ae12-41c6-bd6b-b2c0add514f5	2																											
C1C2CC3(CC1CC(C2)(C3)O)NCC(=O)O	https://envipath.org/package/521c547a-fd2a-491c-ad5b-7eaa1577fb65/pathway/87822179-ae12-41c6-bd6b-b2c0add514f5/node/5b8455b2-672a-4c88-bee5-8627f88606e4	https://envipath.org/package/521c547a-fd2a-491c-ad5b-7eaa1577fb65/scenario/e87eb815-1fc8-4874-8a3a-5ad8a99abc6f	BT experiments in dilute biomass	https://envipath.org/package/521c547a-fd2a-491c-ad5b-7eaa1577fb65/pathway/87822179-ae12-41c6-bd6b-b2c0add514f5	2																											
C1CC(C#N)N(C1)C(=O)CNC23CC4CC(C2)CC(C4)(C3)O	https://envipath.org/package/521c547a-fd2a-491c-ad5b-7eaa1577fb65/pathway/87822179-ae12-41c6-bd6b-b2c0add514f5/node/b2d3835d-eabb-4d61-bfd5-43a32c2ad57e	https://envipath.org/package/521c547a-fd2a-491c-ad5b-7eaa1577fb65/scenario/f6b0f13c-ebce-435c-91e2-cf5843eed637	no description	https://envipath.org/package/521c547a-fd2a-491c-ad5b-7eaa1577fb65/pathway/87822179-ae12-41c6-bd6b-b2c0add514f5																					no comment							
C1CC(C#N)N(C1)C(=O)CNC23CC4CC(C2)CC(C4)(C3)O	https://envipath.org/package/521c547a-fd2a-491c-ad5b-7eaa1577fb65/pathway/87822179-ae12-41c6-bd6b-b2c0add514f5/node/b2d3835d-eabb-4d61-bfd5-43a32c2ad57e	https://envipath.org/package/521c547a-fd2a-491c-ad5b-7eaa1577fb65/scenario/5284eef7-0dc7-4418-a5b0-29ea67e38570	no description	https://envipath.org/package/521c547a-fd2a-491c-ad5b-7eaa1577fb65/pathway/87822179-ae12-41c6-bd6b-b2c0add514f5																					no comment							
C1CC(C#N)N(C1)C(=O)CNC23CC4CC(C2)CC(C4)(C3)O	https://envipath.org/package/521c547a-fd2a-491c-ad5b-7eaa1577fb65/pathway/87822179-ae12-41c6-bd6b-b2c0add514f5/node/b2d3835d-eabb-4d61-bfd5-43a32c2ad57e	https://envipath.org/package/521c547a-fd2a-491c-ad5b-7eaa1577fb65/scenario/0dc742f6-e100-44c7-9bdb-22ab1df555f3	no description	https://envipath.org/package/521c547a-fd2a-491c-ad5b-7eaa1577fb65/pathway/87822179-ae12-41c6-bd6b-b2c0add514f5																					>							
C1CC(C#N)N(C1)C(=O)CNC23CC4CC(C2)CC(C4)(C3)O	https://envipath.org/package/521c547a-fd2a-491c-ad5b-7eaa1577fb65/pathway/87822179-ae12-41c6-bd6b-b2c0add514f5/node/b2d3835d-eabb-4d61-bfd5-43a32c2ad57e	https://envipath.org/package/521c547a-fd2a-491c-ad5b-7eaa1577fb65/scenario/4b0477fb-23e4-4b06-846e-1dc7a19fd5dc	no description	https://envipath.org/package/521c547a-fd2a-491c-ad5b-7eaa1577fb65/pathway/87822179-ae12-41c6-bd6b-b2c0add514f5																					>							
C1=CC=C2C(=C1)C(=NC3=C(C=CC=C3)S2)NCCN(CC=O)CCOCCO	https://envipath.org/package/521c547a-fd2a-491c-ad5b-7eaa1577fb65/pathway/97105ab6-e817-4cf2-b680-37904ac1c2d3/node/42877068-494a-4f9c-bdb5-12af77fda3c6	https://envipath.org/package/521c547a-fd2a-491c-ad5b-7eaa1577fb65/scenario/0801dbda-4653-420d-8a7b-d3d28596c4c5	BT experiments in dilute biomass	https://envipath.org/package/521c547a-fd2a-491c-ad5b-7eaa1577fb65/pathway/97105ab6-e817-4cf2-b680-37904ac1c2d3	2																											
C1=CC=C2C(=C1)C(=NC3=C(C=CC=C3)S2)NCCN(CC=O)CCOCCO	https://envipath.org/package/521c547a-fd2a-491c-ad5b-7eaa1577fb65/pathway/97105ab6-e817-4cf2-b680-37904ac1c2d3/node/42877068-494a-4f9c-bdb5-12af77fda3c6	https://envipath.org/package/521c547a-fd2a-491c-ad5b-7eaa1577fb65/scenario/20c9ecf5-4d2b-4249-b914-e0ed54619ed3	BT experiments in high biomass	https://envipath.org/package/521c547a-fd2a-491c-ad5b-7eaa1577fb65/pathway/97105ab6-e817-4cf2-b680-37904ac1c2d3	2																											
C1=CC(=C(C=C1)SC2=C(C=CC=C2)N)C(=O)N3CCN(CC3)CCOCCO	https://envipath.org/package/521c547a-fd2a-491c-ad5b-7eaa1577fb65/pathway/97105ab6-e817-4cf2-b680-37904ac1c2d3/node/f2c23c57-38e0-4581-afd6-6f5f5d92b498	https://envipath.org/package/521c547a-fd2a-491c-ad5b-7eaa1577fb65/scenario/28125a2d-caf7-43d8-96fe-52b601d52bdc	BT experiments in dilute biomass	https://envipath.org/package/521c547a-fd2a-491c-ad5b-7eaa1577fb65/pathway/97105ab6-e817-4cf2-b680-37904ac1c2d3	2																											
C1=CC(=C(C=C1)SC2=C(C=CC=C2)N)C(=O)N3CCN(CC3)CCOCCO	https://envipath.org/package/521c547a-fd2a-491c-ad5b-7eaa1577fb65/pathway/97105ab6-e817-4cf2-b680-37904ac1c2d3/node/f2c23c57-38e0-4581-afd6-6f5f5d92b498	https://envipath.org/package/521c547a-fd2a-491c-ad5b-7eaa1577fb65/scenario/e80b71fb-f193-4b29-b074-ae8228fc39f2	BT experiments in high biomass	https://envipath.org/package/521c547a-fd2a-491c-ad5b-7eaa1577fb65/pathway/97105ab6-e817-4cf2-b680-37904ac1c2d3	2																											
C1=CC(=C(C=C1)SC2=C(C=CC=C2)N)C(=O)N3CCN(CC3)CC=O	https://envipath.org/package/521c547a-fd2a-491c-ad5b-7eaa1577fb65/pathway/97105ab6-e817-4cf2-b680-37904ac1c2d3/node/191d9771-23da-43b3-96ca-3f4a51ded8d2	https://envipath.org/package/521c547a-fd2a-491c-ad5b-7eaa1577fb65/scenario/4b350ac6-b5c9-4e19-8b9f-2d7cdb6e934e	BT experiments in high biomass	https://envipath.org/package/521c547a-fd2a-491c-ad5b-7eaa1577fb65/pathway/97105ab6-e817-4cf2-b680-37904ac1c2d3	3																											
C1=CC(=C(C=C1)SC2=C(C=CC=C2)N)C(=O)N3CCN(CC3)CC=O	https://envipath.org/package/521c547a-fd2a-491c-ad5b-7eaa1577fb65/pathway/97105ab6-e817-4cf2-b680-37904ac1c2d3/node/191d9771-23da-43b3-96ca-3f4a51ded8d2	https://envipath.org/package/521c547a-fd2a-491c-ad5b-7eaa1577fb65/scenario/ec4ce452-26fa-45ae-9a1f-280b11efd98f	BT experiments in dilute biomass	https://envipath.org/package/521c547a-fd2a-491c-ad5b-7eaa1577fb65/pathway/97105ab6-e817-4cf2-b680-37904ac1c2d3	3																											
C1=CC(=C(C=C1)S(=O)C2=C(C=CC=C2)N)C(=O)N3CCNCC3	https://envipath.org/package/521c547a-fd2a-491c-ad5b-7eaa1577fb65/pathway/97105ab6-e817-4cf2-b680-37904ac1c2d3/node/24756820-c737-48d9-9b7e-3f138368e08c	https://envipath.org/package/521c547a-fd2a-491c-ad5b-7eaa1577fb65/scenario/a20a20b4-c45d-452d-b754-98c39a7ea8c7	BT experiments in dilute biomass	https://envipath.org/package/521c547a-fd2a-491c-ad5b-7eaa1577fb65/pathway/97105ab6-e817-4cf2-b680-37904ac1c2d3	3																											
C1=CC(=C(C=C1)S(=O)C2=C(C=CC=C2)N)C(=O)N3CCNCC3	https://envipath.org/package/521c547a-fd2a-491c-ad5b-7eaa1577fb65/pathway/97105ab6-e817-4cf2-b680-37904ac1c2d3/node/24756820-c737-48d9-9b7e-3f138368e08c	https://envipath.org/package/521c547a-fd2a-491c-ad5b-7eaa1577fb65/scenario/4de79c71-7f04-45d8-9f2b-f0b79687b4e9	BT experiments in high biomass	https://envipath.org/package/521c547a-fd2a-491c-ad5b-7eaa1577fb65/pathway/97105ab6-e817-4cf2-b680-37904ac1c2d3	3																											
C1=CC=C2C(=C1)C(=NC3=C(C=CC=C3)S2)N4CCNCC4	https://envipath.org/package/521c547a-fd2a-491c-ad5b-7eaa1577fb65/pathway/97105ab6-e817-4cf2-b680-37904ac1c2d3/node/a929e7fe-88d9-4ee8-9f9b-9495a4d2ab5e	https://envipath.org/package/521c547a-fd2a-491c-ad5b-7eaa1577fb65/scenario/ffccb03d-66c3-4406-9ec3-fa2377df0fd1	BT experiments in high biomass	https://envipath.org/package/521c547a-fd2a-491c-ad5b-7eaa1577fb65/pathway/97105ab6-e817-4cf2-b680-37904ac1c2d3	2																											
C1=CC=C2C(=C1)C(=NC3=C(C=CC=C3)S2)N4CCNCC4	https://envipath.org/package/521c547a-fd2a-491c-ad5b-7eaa1577fb65/pathway/97105ab6-e817-4cf2-b680-37904ac1c2d3/node/a929e7fe-88d9-4ee8-9f9b-9495a4d2ab5e	https://envipath.org/package/521c547a-fd2a-491c-ad5b-7eaa1577fb65/scenario/9c7135bd-f8eb-46f4-9e8a-fe892672b362	BT experiments in dilute biomass	https://envipath.org/package/521c547a-fd2a-491c-ad5b-7eaa1577fb65/pathway/97105ab6-e817-4cf2-b680-37904ac1c2d3	2																											
C1=CC=C2C(=C1)C(=NC3=C(C=CC=C3)S2)N4CCN(CC4)CCOCCO	https://envipath.org/package/521c547a-fd2a-491c-ad5b-7eaa1577fb65/pathway/97105ab6-e817-4cf2-b680-37904ac1c2d3/node/2e069c65-2dd5-41a1-b7ed-4cf93dc3e77b	https://envipath.org/package/521c547a-fd2a-491c-ad5b-7eaa1577fb65/scenario/4baa887d-ae58-4118-ab79-0d2bece89bae	no description	https://envipath.org/package/521c547a-fd2a-491c-ad5b-7eaa1577fb65/pathway/97105ab6-e817-4cf2-b680-37904ac1c2d3																					no comment							
C1=CC=C2C(=C1)C(=NC3=C(C=CC=C3)S2)N4CCN(CC4)CCOCCO	https://envipath.org/package/521c547a-fd2a-491c-ad5b-7eaa1577fb65/pathway/97105ab6-e817-4cf2-b680-37904ac1c2d3/node/2e069c65-2dd5-41a1-b7ed-4cf93dc3e77b	https://envipath.org/package/521c547a-fd2a-491c-ad5b-7eaa1577fb65/scenario/49950dbe-32ba-4f55-952a-62f73ca6ed5d	no description	https://envipath.org/package/521c547a-fd2a-491c-ad5b-7eaa1577fb65/pathway/97105ab6-e817-4cf2-b680-37904ac1c2d3																					<							
C1=CC=C2C(=C1)C(=NC3=C(C=CC=C3)S2)N4CCN(CC4)CCOCCO	https://envipath.org/package/521c547a-fd2a-491c-ad5b-7eaa1577fb65/pathway/97105ab6-e817-4cf2-b680-37904ac1c2d3/node/2e069c65-2dd5-41a1-b7ed-4cf93dc3e77b	https://envipath.org/package/521c547a-fd2a-491c-ad5b-7eaa1577fb65/scenario/9f61a2e2-70db-4cbc-95b4-b85302a856a5	no description	https://envipath.org/package/521c547a-fd2a-491c-ad5b-7eaa1577fb65/pathway/97105ab6-e817-4cf2-b680-37904ac1c2d3																					no comment							
C1=CC=C2C(=C1)C(=NC3=C(C=CC=C3)S2)N4CCN(CC4)CCOCCO	https://envipath.org/package/521c547a-fd2a-491c-ad5b-7eaa1577fb65/pathway/97105ab6-e817-4cf2-b680-37904ac1c2d3/node/2e069c65-2dd5-41a1-b7ed-4cf93dc3e77b	https://envipath.org/package/521c547a-fd2a-491c-ad5b-7eaa1577fb65/scenario/ae7878c3-4c11-40c7-9024-b32d3dc8325a	no description	https://envipath.org/package/521c547a-fd2a-491c-ad5b-7eaa1577fb65/pathway/97105ab6-e817-4cf2-b680-37904ac1c2d3																					no comment							
C1=CC(=C(C=C1)SC2=C(C=CC=C2)N)C(=O)N3CCN(CC3)CC(=O)O	https://envipath.org/package/521c547a-fd2a-491c-ad5b-7eaa1577fb65/pathway/97105ab6-e817-4cf2-b680-37904ac1c2d3/node/15ba5a5d-944d-4cf1-8f90-4cac42a0382d	https://envipath.org/package/521c547a-fd2a-491c-ad5b-7eaa1577fb65/scenario/702739ea-3081-4cb8-a3f3-82774b5d896e	BT experiments in dilute biomass	https://envipath.org/package/521c547a-fd2a-491c-ad5b-7eaa1577fb65/pathway/97105ab6-e817-4cf2-b680-37904ac1c2d3	3																											
C1=CC(=C(C=C1)SC2=C(C=CC=C2)N)C(=O)N3CCN(CC3)CC(=O)O	https://envipath.org/package/521c547a-fd2a-491c-ad5b-7eaa1577fb65/pathway/97105ab6-e817-4cf2-b680-37904ac1c2d3/node/15ba5a5d-944d-4cf1-8f90-4cac42a0382d	https://envipath.org/package/521c547a-fd2a-491c-ad5b-7eaa1577fb65/scenario/2f64d511-ee7d-41d8-a504-8032fab5b949	BT experiments in high biomass	https://envipath.org/package/521c547a-fd2a-491c-ad5b-7eaa1577fb65/pathway/97105ab6-e817-4cf2-b680-37904ac1c2d3	3																											
C1=CC=C2C(=C1)C(=NC3=C(C=CC=C3)S2)N4CCN(CC4)CCOCC(=O)O	https://envipath.org/package/521c547a-fd2a-491c-ad5b-7eaa1577fb65/pathway/97105ab6-e817-4cf2-b680-37904ac1c2d3/node/f442428e-37e5-47f9-9fdd-4758cce9d976	https://envipath.org/package/521c547a-fd2a-491c-ad5b-7eaa1577fb65/scenario/ba896ade-2f3d-48ce-bf3c-569257db8fa2	BT experiments in dilute biomass	https://envipath.org/package/521c547a-fd2a-491c-ad5b-7eaa1577fb65/pathway/97105ab6-e817-4cf2-b680-37904ac1c2d3	3																											
C1=CC=C2C(=C1)C(=NC3=C(C=CC=C3)S2)N4CCN(CC4)CCOCC(=O)O	https://envipath.org/package/521c547a-fd2a-491c-ad5b-7eaa1577fb65/pathway/97105ab6-e817-4cf2-b680-37904ac1c2d3/node/f442428e-37e5-47f9-9fdd-4758cce9d976	https://envipath.org/package/521c547a-fd2a-491c-ad5b-7eaa1577fb65/scenario/16933373-4d9c-414d-9d09-f92acb9e08bc	BT experiments in high biomass	https://envipath.org/package/521c547a-fd2a-491c-ad5b-7eaa1577fb65/pathway/97105ab6-e817-4cf2-b680-37904ac1c2d3	3																											
C1=CC=C2C(=C1)C(=NC3=C(C=CC=C3)S2)N4CCN(CC4)CC(=O)O	https://envipath.org/package/521c547a-fd2a-491c-ad5b-7eaa1577fb65/pathway/97105ab6-e817-4cf2-b680-37904ac1c2d3/node/663139f1-f09d-4dbc-b8c0-f88e2eec3459	https://envipath.org/package/521c547a-fd2a-491c-ad5b-7eaa1577fb65/scenario/4a4928ee-7adb-4339-821b-62696895602b	BT experiments in high biomass	https://envipath.org/package/521c547a-fd2a-491c-ad5b-7eaa1577fb65/pathway/97105ab6-e817-4cf2-b680-37904ac1c2d3	2																											
C1=CC=C2C(=C1)C(=NC3=C(C=CC=C3)S2)N4CCN(CC4)CC(=O)O	https://envipath.org/package/521c547a-fd2a-491c-ad5b-7eaa1577fb65/pathway/97105ab6-e817-4cf2-b680-37904ac1c2d3/node/663139f1-f09d-4dbc-b8c0-f88e2eec3459	https://envipath.org/package/521c547a-fd2a-491c-ad5b-7eaa1577fb65/scenario/d9e65b6c-4de5-4957-85b5-7d63637e7ad3	BT experiments in dilute biomass	https://envipath.org/package/521c547a-fd2a-491c-ad5b-7eaa1577fb65/pathway/97105ab6-e817-4cf2-b680-37904ac1c2d3	2																											
CCCCOC1=CC=C(C=C1)OCCCN2CCOCC2	https://envipath.org/package/521c547a-fd2a-491c-ad5b-7eaa1577fb65/pathway/0a93a9f7-c38c-467a-803b-f006bcbbffb3/node/1c8ad3d9-705a-42f8-a5ee-ffe8c768ea5d	https://envipath.org/package/521c547a-fd2a-491c-ad5b-7eaa1577fb65/scenario/a97f43b2-8f44-4a83-ae0b-ece095b63d4c	no description	https://envipath.org/package/521c547a-fd2a-491c-ad5b-7eaa1577fb65/pathway/0a93a9f7-c38c-467a-803b-f006bcbbffb3																		sorption corrected & abiotic degradation corrected										
CCCCOC1=CC=C(C=C1)OCCCN2CCOCC2	https://envipath.org/package/521c547a-fd2a-491c-ad5b-7eaa1577fb65/pathway/0a93a9f7-c38c-467a-803b-f006bcbbffb3/node/1c8ad3d9-705a-42f8-a5ee-ffe8c768ea5d	https://envipath.org/package/521c547a-fd2a-491c-ad5b-7eaa1577fb65/scenario/1ed3beda-2494-4e73-9552-988680551c47	no description	https://envipath.org/package/521c547a-fd2a-491c-ad5b-7eaa1577fb65/pathway/0a93a9f7-c38c-467a-803b-f006bcbbffb3																		sorption corrected & abiotic degradation corrected										
CCCCOC1=CC=C(C=C1)OCCCN2CCOCC2	https://envipath.org/package/521c547a-fd2a-491c-ad5b-7eaa1577fb65/pathway/0a93a9f7-c38c-467a-803b-f006bcbbffb3/node/1c8ad3d9-705a-42f8-a5ee-ffe8c768ea5d	https://envipath.org/package/521c547a-fd2a-491c-ad5b-7eaa1577fb65/scenario/a11d6730-d390-480a-996f-18448fd03242	no description	https://envipath.org/package/521c547a-fd2a-491c-ad5b-7eaa1577fb65/pathway/0a93a9f7-c38c-467a-803b-f006bcbbffb3																		sorption corrected & abiotic degradation corrected										
CNCCC(C1=CC=CC=C1)C2=NC=CC=C2	https://envipath.org/package/521c547a-fd2a-491c-ad5b-7eaa1577fb65/pathway/d5ebebbd-ae4d-41b5-9d1d-7d6bdda10e50/node/e1a51ed4-58c6-43ad-8f4a-c5ae5237a8a1	https://envipath.org/package/521c547a-fd2a-491c-ad5b-7eaa1577fb65/scenario/d36bd984-03ce-41f9-87af-4f3218939d3b	no description	https://envipath.org/package/521c547a-fd2a-491c-ad5b-7eaa1577fb65/pathway/d5ebebbd-ae4d-41b5-9d1d-7d6bdda10e50	1																											
CN(C)CCC(C1=CC=CC=C1)C2=NC=CC=C2	https://envipath.org/package/521c547a-fd2a-491c-ad5b-7eaa1577fb65/pathway/d5ebebbd-ae4d-41b5-9d1d-7d6bdda10e50/node/85daeec7-ef24-41cf-a8de-4b8a79bf4442	https://envipath.org/package/521c547a-fd2a-491c-ad5b-7eaa1577fb65/scenario/a61b85de-bc28-4bf4-b7c6-3dab670650f1	no description	https://envipath.org/package/521c547a-fd2a-491c-ad5b-7eaa1577fb65/pathway/d5ebebbd-ae4d-41b5-9d1d-7d6bdda10e50																		sorption corrected & abiotic degradation corrected										
CN(C)CCC(C1=CC=CC=C1)C2=NC=CC=C2	https://envipath.org/package/521c547a-fd2a-491c-ad5b-7eaa1577fb65/pathway/d5ebebbd-ae4d-41b5-9d1d-7d6bdda10e50/node/85daeec7-ef24-41cf-a8de-4b8a79bf4442	https://envipath.org/package/521c547a-fd2a-491c-ad5b-7eaa1577fb65/scenario/dcac26ab-b723-4bf8-a59f-040846579ea1	no description	https://envipath.org/package/521c547a-fd2a-491c-ad5b-7eaa1577fb65/pathway/d5ebebbd-ae4d-41b5-9d1d-7d6bdda10e50	1																											
CN(C)CCC(C1=CC=CC=C1)C2=NC=CC=C2	https://envipath.org/package/521c547a-fd2a-491c-ad5b-7eaa1577fb65/pathway/d5ebebbd-ae4d-41b5-9d1d-7d6bdda10e50/node/85daeec7-ef24-41cf-a8de-4b8a79bf4442	https://envipath.org/package/521c547a-fd2a-491c-ad5b-7eaa1577fb65/scenario/431544f3-0462-44c1-ac8a-d9344e843a56	no description	https://envipath.org/package/521c547a-fd2a-491c-ad5b-7eaa1577fb65/pathway/d5ebebbd-ae4d-41b5-9d1d-7d6bdda10e50																		sorption corrected & abiotic degradation corrected										
CN(C)CCC(C1=CC=CC=C1)C2=NC=CC=C2	https://envipath.org/package/521c547a-fd2a-491c-ad5b-7eaa1577fb65/pathway/d5ebebbd-ae4d-41b5-9d1d-7d6bdda10e50/node/85daeec7-ef24-41cf-a8de-4b8a79bf4442	https://envipath.org/package/521c547a-fd2a-491c-ad5b-7eaa1577fb65/scenario/eae55a48-3ad2-442e-a5fb-7062f230d46b	no description	https://envipath.org/package/521c547a-fd2a-491c-ad5b-7eaa1577fb65/pathway/d5ebebbd-ae4d-41b5-9d1d-7d6bdda10e50																		sorption corrected & abiotic degradation corrected										
C[N+](C)(CCC(C1=CC=CC=C1)C2=NC=CC=C2)[O-]	https://envipath.org/package/521c547a-fd2a-491c-ad5b-7eaa1577fb65/pathway/d5ebebbd-ae4d-41b5-9d1d-7d6bdda10e50/node/51617a38-a84b-4dff-b17f-ea028f73e7c1	https://envipath.org/package/521c547a-fd2a-491c-ad5b-7eaa1577fb65/scenario/d862609d-8ca3-4eb6-bf40-31ed36bfff97	no description	https://envipath.org/package/521c547a-fd2a-491c-ad5b-7eaa1577fb65/pathway/d5ebebbd-ae4d-41b5-9d1d-7d6bdda10e50	1																											
CN(CCC(C1=CC=CC=C1)C2=NC=CC=C2)C=O	https://envipath.org/package/521c547a-fd2a-491c-ad5b-7eaa1577fb65/pathway/d5ebebbd-ae4d-41b5-9d1d-7d6bdda10e50/node/a3c0686e-e7ff-4d4f-be8e-244b3f440606	https://envipath.org/package/521c547a-fd2a-491c-ad5b-7eaa1577fb65/scenario/d61a6a35-3338-4e4f-97cc-854cceaa4c50	no description	https://envipath.org/package/521c547a-fd2a-491c-ad5b-7eaa1577fb65/pathway/d5ebebbd-ae4d-41b5-9d1d-7d6bdda10e50	1																											
C#CC(N(C)C(C)CC1=CC=CC=C1)O	https://envipath.org/package/521c547a-fd2a-491c-ad5b-7eaa1577fb65/pathway/c9434148-85ea-4f30-b8aa-afe790923cf3/node/efce0c9c-c8a3-4559-869f-888a07a50d6e	https://envipath.org/package/521c547a-fd2a-491c-ad5b-7eaa1577fb65/scenario/1d6792dd-81f8-47a9-83a7-0534ac5f1630	no description	https://envipath.org/package/521c547a-fd2a-491c-ad5b-7eaa1577fb65/pathway/c9434148-85ea-4f30-b8aa-afe790923cf3	3																											
C#CC(=O)N(C)C(C)CC1=CC=CC=C1	https://envipath.org/package/521c547a-fd2a-491c-ad5b-7eaa1577fb65/pathway/c9434148-85ea-4f30-b8aa-afe790923cf3/node/c2ce63af-cf9e-48e0-8905-97bac7b357d7	https://envipath.org/package/521c547a-fd2a-491c-ad5b-7eaa1577fb65/scenario/e474e3cf-537f-4db8-9dda-9816d87ed1e1	no description	https://envipath.org/package/521c547a-fd2a-491c-ad5b-7eaa1577fb65/pathway/c9434148-85ea-4f30-b8aa-afe790923cf3	3																											
C#CCN(C(C)CC1=CC=CC=C1)C(=O)C	https://envipath.org/package/521c547a-fd2a-491c-ad5b-7eaa1577fb65/pathway/c9434148-85ea-4f30-b8aa-afe790923cf3/node/99b79f79-ae43-4ec3-b745-e47617a171e4	https://envipath.org/package/521c547a-fd2a-491c-ad5b-7eaa1577fb65/scenario/2601e869-beee-4aa4-ba01-250bd18ab070	no description	https://envipath.org/package/521c547a-fd2a-491c-ad5b-7eaa1577fb65/pathway/c9434148-85ea-4f30-b8aa-afe790923cf3	3																											
CC(CC1=CC=CC=C1)NC	https://envipath.org/package/521c547a-fd2a-491c-ad5b-7eaa1577fb65/pathway/c9434148-85ea-4f30-b8aa-afe790923cf3/node/0a9d98f9-dc0f-4aa0-b73b-269442977ad2	https://envipath.org/package/521c547a-fd2a-491c-ad5b-7eaa1577fb65/scenario/1bf5718a-8435-4848-b9ee-138d6f62ea77	no description	https://envipath.org/package/521c547a-fd2a-491c-ad5b-7eaa1577fb65/pathway/c9434148-85ea-4f30-b8aa-afe790923cf3	1																											
C#CCNC(C)CC1=CC=CC=C1	https://envipath.org/package/521c547a-fd2a-491c-ad5b-7eaa1577fb65/pathway/c9434148-85ea-4f30-b8aa-afe790923cf3/node/ce26b530-a717-4d29-ac05-bccf0a3e6841	https://envipath.org/package/521c547a-fd2a-491c-ad5b-7eaa1577fb65/scenario/7037cedb-e75e-4a2b-81bf-7731c90f37a8	no description	https://envipath.org/package/521c547a-fd2a-491c-ad5b-7eaa1577fb65/pathway/c9434148-85ea-4f30-b8aa-afe790923cf3	1																											
CC(CC1=CC=CC=C1)N(C)C=O	https://envipath.org/package/521c547a-fd2a-491c-ad5b-7eaa1577fb65/pathway/c9434148-85ea-4f30-b8aa-afe790923cf3/node/b7faec02-f9b7-4f43-accf-7d7eb2adca82	https://envipath.org/package/521c547a-fd2a-491c-ad5b-7eaa1577fb65/scenario/071a3d89-2cd8-415f-9d95-cc4760e3f2df	no description	https://envipath.org/package/521c547a-fd2a-491c-ad5b-7eaa1577fb65/pathway/c9434148-85ea-4f30-b8aa-afe790923cf3	3																											
C#CCN(C)C(C)CC1=CC=CC=C1	https://envipath.org/package/521c547a-fd2a-491c-ad5b-7eaa1577fb65/pathway/c9434148-85ea-4f30-b8aa-afe790923cf3/node/6d4a88a2-f346-4fb1-a259-f067c07d771e	https://envipath.org/package/521c547a-fd2a-491c-ad5b-7eaa1577fb65/scenario/c03ba9c6-3438-47be-b83c-9b39eacd1386	no description	https://envipath.org/package/521c547a-fd2a-491c-ad5b-7eaa1577fb65/pathway/c9434148-85ea-4f30-b8aa-afe790923cf3	1																											
C#CCN(C)C(C)CC1=CC=CC=C1	https://envipath.org/package/521c547a-fd2a-491c-ad5b-7eaa1577fb65/pathway/c9434148-85ea-4f30-b8aa-afe790923cf3/node/6d4a88a2-f346-4fb1-a259-f067c07d771e	https://envipath.org/package/521c547a-fd2a-491c-ad5b-7eaa1577fb65/scenario/dd6c8616-b08f-41db-9c9d-944ffdf7be5c	no description	https://envipath.org/package/521c547a-fd2a-491c-ad5b-7eaa1577fb65/pathway/c9434148-85ea-4f30-b8aa-afe790923cf3																		sorption corrected & abiotic degradation corrected										
C#CCN(C)C(C)CC1=CC=CC=C1	https://envipath.org/package/521c547a-fd2a-491c-ad5b-7eaa1577fb65/pathway/c9434148-85ea-4f30-b8aa-afe790923cf3/node/6d4a88a2-f346-4fb1-a259-f067c07d771e	https://envipath.org/package/521c547a-fd2a-491c-ad5b-7eaa1577fb65/scenario/9b132cdb-f52d-4e52-87aa-81fb6e0ace95	no description	https://envipath.org/package/521c547a-fd2a-491c-ad5b-7eaa1577fb65/pathway/c9434148-85ea-4f30-b8aa-afe790923cf3																		sorption corrected & abiotic degradation corrected										
C#CCN(C)C(C)CC1=CC=CC=C1	https://envipath.org/package/521c547a-fd2a-491c-ad5b-7eaa1577fb65/pathway/c9434148-85ea-4f30-b8aa-afe790923cf3/node/6d4a88a2-f346-4fb1-a259-f067c07d771e	https://envipath.org/package/521c547a-fd2a-491c-ad5b-7eaa1577fb65/scenario/e354a3b6-0555-46ac-9e48-21bf4ee67acf	no description	https://envipath.org/package/521c547a-fd2a-491c-ad5b-7eaa1577fb65/pathway/c9434148-85ea-4f30-b8aa-afe790923cf3																		sorption corrected & abiotic degradation corrected										
C#CC[N+](C)(C(C)CC1=CC=CC=C1)[O-]	https://envipath.org/package/521c547a-fd2a-491c-ad5b-7eaa1577fb65/pathway/c9434148-85ea-4f30-b8aa-afe790923cf3/node/a1c475cc-ebd1-4ae6-89d8-b7bc8ec417ad	https://envipath.org/package/521c547a-fd2a-491c-ad5b-7eaa1577fb65/scenario/23d5245b-c468-4c27-a93e-6785f720da76	no description	https://envipath.org/package/521c547a-fd2a-491c-ad5b-7eaa1577fb65/pathway/c9434148-85ea-4f30-b8aa-afe790923cf3	1																											
CC1=CC=CC(=C1OCC(=N)C)C	https://envipath.org/package/521c547a-fd2a-491c-ad5b-7eaa1577fb65/pathway/e79ee678-3201-4591-a555-9728b4ed893d/node/d1bf06dd-a73d-4178-8eec-1fb76e9ea237	https://envipath.org/package/521c547a-fd2a-491c-ad5b-7eaa1577fb65/scenario/71546c6c-42d3-4140-bf51-78728052fe1b	no description	https://envipath.org/package/521c547a-fd2a-491c-ad5b-7eaa1577fb65/pathway/e79ee678-3201-4591-a555-9728b4ed893d	3																											
CC1=CC=CC(=C1OCC(C)NC=O)C	https://envipath.org/package/521c547a-fd2a-491c-ad5b-7eaa1577fb65/pathway/e79ee678-3201-4591-a555-9728b4ed893d/node/d999214d-8bea-4176-b01a-48f6c3c0e686	https://envipath.org/package/521c547a-fd2a-491c-ad5b-7eaa1577fb65/scenario/7bb1216a-4eaf-4d76-ad5e-b7797f35654a	no description	https://envipath.org/package/521c547a-fd2a-491c-ad5b-7eaa1577fb65/pathway/e79ee678-3201-4591-a555-9728b4ed893d	3																											
CC1=CC=CC(=C1OCC(C)NC(=O)C)C	https://envipath.org/package/521c547a-fd2a-491c-ad5b-7eaa1577fb65/pathway/e79ee678-3201-4591-a555-9728b4ed893d/node/674c30c4-6458-4a5f-a58c-b4e9eb419a67	https://envipath.org/package/521c547a-fd2a-491c-ad5b-7eaa1577fb65/scenario/4db42b87-0392-42b4-9b3e-3d8c1d7e0dfd	no description	https://envipath.org/package/521c547a-fd2a-491c-ad5b-7eaa1577fb65/pathway/e79ee678-3201-4591-a555-9728b4ed893d	3																											
CCC(=O)NC(C)COC1=C(C)C=CC=C1C	https://envipath.org/package/521c547a-fd2a-491c-ad5b-7eaa1577fb65/pathway/e79ee678-3201-4591-a555-9728b4ed893d/node/5ac63d56-40f7-4ee5-850e-80f525b3c1e0	https://envipath.org/package/521c547a-fd2a-491c-ad5b-7eaa1577fb65/scenario/9df19c4d-6d59-46bd-9841-0f739e4abf2c	no description	https://envipath.org/package/521c547a-fd2a-491c-ad5b-7eaa1577fb65/pathway/e79ee678-3201-4591-a555-9728b4ed893d	3																											
CC1=CC=CC(=C1OCC(C)NC(=O)CCC(=O)O)C	https://envipath.org/package/521c547a-fd2a-491c-ad5b-7eaa1577fb65/pathway/e79ee678-3201-4591-a555-9728b4ed893d/node/a3006088-6d12-43a2-ba15-b03c2eb6a0c8	https://envipath.org/package/521c547a-fd2a-491c-ad5b-7eaa1577fb65/scenario/114307a2-2533-4be5-8d66-886f4d7fe31f	no description	https://envipath.org/package/521c547a-fd2a-491c-ad5b-7eaa1577fb65/pathway/e79ee678-3201-4591-a555-9728b4ed893d	3																											
CC1=CC=CC(=C1OCC(C)N)C	https://envipath.org/package/521c547a-fd2a-491c-ad5b-7eaa1577fb65/pathway/e79ee678-3201-4591-a555-9728b4ed893d/node/becbf518-5fb9-4011-86a7-10adc67a5763	https://envipath.org/package/521c547a-fd2a-491c-ad5b-7eaa1577fb65/scenario/64a73bb9-bf8a-4d8f-904c-28f968600c0d	no description	https://envipath.org/package/521c547a-fd2a-491c-ad5b-7eaa1577fb65/pathway/e79ee678-3201-4591-a555-9728b4ed893d																		sorption corrected & abiotic degradation corrected										
CC1=CC=CC(=C1OCC(C)N)C	https://envipath.org/package/521c547a-fd2a-491c-ad5b-7eaa1577fb65/pathway/e79ee678-3201-4591-a555-9728b4ed893d/node/becbf518-5fb9-4011-86a7-10adc67a5763	https://envipath.org/package/521c547a-fd2a-491c-ad5b-7eaa1577fb65/scenario/91d1de01-8e6b-4cba-8e6e-e4edc681bd31	no description	https://envipath.org/package/521c547a-fd2a-491c-ad5b-7eaa1577fb65/pathway/e79ee678-3201-4591-a555-9728b4ed893d																		sorption corrected & abiotic degradation corrected										
CC1=CC=CC(=C1OCC(C)N)C	https://envipath.org/package/521c547a-fd2a-491c-ad5b-7eaa1577fb65/pathway/e79ee678-3201-4591-a555-9728b4ed893d/node/becbf518-5fb9-4011-86a7-10adc67a5763	https://envipath.org/package/521c547a-fd2a-491c-ad5b-7eaa1577fb65/scenario/47d3bde8-7365-4a34-9c47-bb9434f202b7	no description	https://envipath.org/package/521c547a-fd2a-491c-ad5b-7eaa1577fb65/pathway/e79ee678-3201-4591-a555-9728b4ed893d																		sorption corrected & abiotic degradation corrected										
CC1=CC=CC(=C1OCC(C)N)C	https://envipath.org/package/521c547a-fd2a-491c-ad5b-7eaa1577fb65/pathway/e79ee678-3201-4591-a555-9728b4ed893d/node/becbf518-5fb9-4011-86a7-10adc67a5763	https://envipath.org/package/521c547a-fd2a-491c-ad5b-7eaa1577fb65/scenario/ea863cee-5859-470a-ae68-30ad24a97ea8	no description	https://envipath.org/package/521c547a-fd2a-491c-ad5b-7eaa1577fb65/pathway/e79ee678-3201-4591-a555-9728b4ed893d	1																											
CC1=CC=CC(=C1OCC(C)NC(=O)/C=C/C(=O)O)C	https://envipath.org/package/521c547a-fd2a-491c-ad5b-7eaa1577fb65/pathway/e79ee678-3201-4591-a555-9728b4ed893d/node/1988a9a1-1704-46ce-bb84-0514a3f0e49d	https://envipath.org/package/521c547a-fd2a-491c-ad5b-7eaa1577fb65/scenario/09bcc1e6-c8f7-4468-afe3-1b5cc3c5199f	no description	https://envipath.org/package/521c547a-fd2a-491c-ad5b-7eaa1577fb65/pathway/e79ee678-3201-4591-a555-9728b4ed893d	1																											
CN(C)CC(C1=CC=C(C=C1)OCO)C2(CCCCC2)O	https://envipath.org/package/521c547a-fd2a-491c-ad5b-7eaa1577fb65/pathway/d487af9e-e859-43b8-bee4-91e0e5af707b/node/5a35934a-1697-41cd-b837-cf9c32d09fa9	https://envipath.org/package/521c547a-fd2a-491c-ad5b-7eaa1577fb65/scenario/32b5dcfd-32bf-412e-b552-ee849f42a648	DOI: 10.1021/es5037139	https://envipath.org/package/521c547a-fd2a-491c-ad5b-7eaa1577fb65/pathway/d487af9e-e859-43b8-bee4-91e0e5af707b		aerob	{'end': 8.0, 'start': 8.0}	WWTP Duebendorf (ARA Neugut) Switzerland	amber Schott Flask	nitrification basin	shaking	sludge age	50.0	3.4	120.0	spiking in solvent	{'end': 20.0, 'start': 20.0}	mixed WW (municipal & industrial)			WWTP effluent		shaking on circulatin shaking table at 160 rpm	nitrification & denitrification & biological phosphorus removal								
CN(C)CC(C1=CC=C(C=C1)OC)C2(C=CCC=C2)O	https://envipath.org/package/521c547a-fd2a-491c-ad5b-7eaa1577fb65/pathway/d487af9e-e859-43b8-bee4-91e0e5af707b/node/0124b5dc-459a-4ddf-9d5c-62ca06e83c6d	https://envipath.org/package/521c547a-fd2a-491c-ad5b-7eaa1577fb65/scenario/845ba208-79d0-4d45-8f39-8a2d95a0b230	no description	https://envipath.org/package/521c547a-fd2a-491c-ad5b-7eaa1577fb65/pathway/d487af9e-e859-43b8-bee4-91e0e5af707b	3																											
CN(C)CC(C1=CC=C(C=C1)OC)C2(CCCCC2=O)O	https://envipath.org/package/521c547a-fd2a-491c-ad5b-7eaa1577fb65/pathway/d487af9e-e859-43b8-bee4-91e0e5af707b/node/184d0aea-c72a-42b3-bef5-1c013a718290	https://envipath.org/package/521c547a-fd2a-491c-ad5b-7eaa1577fb65/scenario/0d335212-13cf-48bd-a50f-37b1a811d3db	no description	https://envipath.org/package/521c547a-fd2a-491c-ad5b-7eaa1577fb65/pathway/d487af9e-e859-43b8-bee4-91e0e5af707b	3																											
CN(C)CC(C1=CC=C(C=C1)OC)C2(CCCCC2O)O	https://envipath.org/package/521c547a-fd2a-491c-ad5b-7eaa1577fb65/pathway/d487af9e-e859-43b8-bee4-91e0e5af707b/node/8bcfa740-95b0-48ad-8ca8-6c466d893164	https://envipath.org/package/521c547a-fd2a-491c-ad5b-7eaa1577fb65/scenario/a45191c1-5bea-4907-8f03-69668bab919c	no description	https://envipath.org/package/521c547a-fd2a-491c-ad5b-7eaa1577fb65/pathway/d487af9e-e859-43b8-bee4-91e0e5af707b	3																											
CN(C)CC(C1=CC=C(C=C1)O)C2(CCCCC2)O	https://envipath.org/package/521c547a-fd2a-491c-ad5b-7eaa1577fb65/pathway/d487af9e-e859-43b8-bee4-91e0e5af707b/node/cf1ff972-4652-4d77-a376-19afae33c0a5	https://envipath.org/package/521c547a-fd2a-491c-ad5b-7eaa1577fb65/scenario/f3cbcab2-c581-4a4a-853d-7724deaaa107	DOI: 10.1021/es3019012	https://envipath.org/package/521c547a-fd2a-491c-ad5b-7eaa1577fb65/pathway/d487af9e-e859-43b8-bee4-91e0e5af707b		aerob	{'end': 8.1, 'start': 8.1}	Switzerland (IND5)	amber glass Schott bottles (loosely capped)	activated sludge from biological aeration basin	shaking	sludge retention time	70.0	9.6	100.0	plating	{'end': 20.0, 'start': 20.0}	industrial WW			none (sludge only)						3000.0	100.0	22.0			
CN(C)CC(C1=CC=C(C=C1)O)C2(CCCCC2)O	https://envipath.org/package/521c547a-fd2a-491c-ad5b-7eaa1577fb65/pathway/d487af9e-e859-43b8-bee4-91e0e5af707b/node/cf1ff972-4652-4d77-a376-19afae33c0a5	https://envipath.org/package/521c547a-fd2a-491c-ad5b-7eaa1577fb65/scenario/2b80da56-0661-456f-ac04-678523da2942	no description	https://envipath.org/package/521c547a-fd2a-491c-ad5b-7eaa1577fb65/pathway/d487af9e-e859-43b8-bee4-91e0e5af707b	1																											
CN(C)CC(C1=CC=C(C=C1)O)C2(CCCCC2)O	https://envipath.org/package/521c547a-fd2a-491c-ad5b-7eaa1577fb65/pathway/d487af9e-e859-43b8-bee4-91e0e5af707b/node/cf1ff972-4652-4d77-a376-19afae33c0a5	https://envipath.org/package/521c547a-fd2a-491c-ad5b-7eaa1577fb65/scenario/6f3ab9e2-5bfb-4082-92b2-e46bfc6766eb	DOI: 10.1021/es3019012	https://envipath.org/package/521c547a-fd2a-491c-ad5b-7eaa1577fb65/pathway/d487af9e-e859-43b8-bee4-91e0e5af707b		aerob	{'end': 7.6, 'start': 7.6}	Switzerland (DOM1)	amber glass Schott bottles (loosely capped)	activated sludge from biological aeration basin	shaking	sludge retention time	70.0	3.0	100.0	plating	{'end': 20.0, 'start': 20.0}	municipal WW			none (sludge only)			nitrification			203.0	18.6	5.0			
CN(C)CC(C1=CC=C(C=C1)O)C2(CCCCC2)O	https://envipath.org/package/521c547a-fd2a-491c-ad5b-7eaa1577fb65/pathway/d487af9e-e859-43b8-bee4-91e0e5af707b/node/cf1ff972-4652-4d77-a376-19afae33c0a5	https://envipath.org/package/521c547a-fd2a-491c-ad5b-7eaa1577fb65/scenario/bdb3ab2f-46d6-4a20-941b-fd893d2798c9	DOI: 10.1021/es3019012	https://envipath.org/package/521c547a-fd2a-491c-ad5b-7eaa1577fb65/pathway/d487af9e-e859-43b8-bee4-91e0e5af707b		aerob	{'end': 7.3, 'start': 7.3}	Switzerland (IND2)	amber glass Schott bottles (loosely capped)	activated sludge from biological aeration basin	shaking	sludge retention time	70.0	4.7	100.0	plating	{'end': 20.0, 'start': 20.0}	industrial WW			none (sludge only)			nitrification & denitrification			820.0	86.0	6.0			
CN(C)CC(C1=CC=C(C=C1)O)C2(CCCCC2)O	https://envipath.org/package/521c547a-fd2a-491c-ad5b-7eaa1577fb65/pathway/d487af9e-e859-43b8-bee4-91e0e5af707b/node/cf1ff972-4652-4d77-a376-19afae33c0a5	https://envipath.org/package/521c547a-fd2a-491c-ad5b-7eaa1577fb65/scenario/be2d91cf-9c2f-4df3-8e2f-bb7fb8b6f5ca	DOI: 10.1021/es3019012	https://envipath.org/package/521c547a-fd2a-491c-ad5b-7eaa1577fb65/pathway/d487af9e-e859-43b8-bee4-91e0e5af707b		aerob	{'end': 8.1, 'start': 8.1}	Switzerland (DOM4)	amber glass Schott bottles (loosely capped)	activated sludge from biological aeration basin	shaking	sludge retention time	70.0	2.3	100.0	plating	{'end': 20.0, 'start': 20.0}	municipal WW			none (sludge only)						160.0	10.0	3.0			
CN(C)CC(C1=CC=C(C=C1)O)C2(CCCCC2)O	https://envipath.org/package/521c547a-fd2a-491c-ad5b-7eaa1577fb65/pathway/d487af9e-e859-43b8-bee4-91e0e5af707b/node/cf1ff972-4652-4d77-a376-19afae33c0a5	https://envipath.org/package/521c547a-fd2a-491c-ad5b-7eaa1577fb65/scenario/75bdaff9-0a46-4e1e-90f8-92a40af17e48	DOI: 10.1021/es3019012	https://envipath.org/package/521c547a-fd2a-491c-ad5b-7eaa1577fb65/pathway/d487af9e-e859-43b8-bee4-91e0e5af707b		aerob	{'end': 7.5, 'start': 7.5}	Switzerland (DOM3)	amber glass Schott bottles (loosely capped)	activated sludge from biological aeration basin	shaking	sludge retention time	70.0	12.4	100.0	plating	{'end': 20.0, 'start': 20.0}	municipal WW			none (sludge only)			nitrification & denitrification			320.0	24.9	9.0			
CN(C)CC(C1=CC=C(C=C1)O)C2(CCCCC2)O	https://envipath.org/package/521c547a-fd2a-491c-ad5b-7eaa1577fb65/pathway/d487af9e-e859-43b8-bee4-91e0e5af707b/node/cf1ff972-4652-4d77-a376-19afae33c0a5	https://envipath.org/package/521c547a-fd2a-491c-ad5b-7eaa1577fb65/scenario/1ce53c39-f91e-4dd8-b909-36b1400f6164	DOI: 10.1021/es3019012	https://envipath.org/package/521c547a-fd2a-491c-ad5b-7eaa1577fb65/pathway/d487af9e-e859-43b8-bee4-91e0e5af707b		aerob	{'end': 8.1, 'start': 8.1}	Switzerland (DOM5)	amber glass Schott bottles (loosely capped)	activated sludge from biological aeration basin	shaking	sludge retention time	70.0	2.2	100.0	plating	{'end': 20.0, 'start': 20.0}	municipal WW			none (sludge only)			nitrification & denitrification				26.2	5.0			
CN(C)CC(C1=CC=C(C=C1)O)C2(CCCCC2)O	https://envipath.org/package/521c547a-fd2a-491c-ad5b-7eaa1577fb65/pathway/d487af9e-e859-43b8-bee4-91e0e5af707b/node/cf1ff972-4652-4d77-a376-19afae33c0a5	https://envipath.org/package/521c547a-fd2a-491c-ad5b-7eaa1577fb65/scenario/e482e11f-2d22-406e-93e4-2633e7b99212	DOI: 10.1021/es3019012	https://envipath.org/package/521c547a-fd2a-491c-ad5b-7eaa1577fb65/pathway/d487af9e-e859-43b8-bee4-91e0e5af707b		aerob	{'end': 7.6, 'start': 7.6}	Switzerland (DOM2)	amber glass Schott bottles (loosely capped)	activated sludge from biological aeration basin	shaking	sludge retention time	70.0	3.0	100.0	plating	{'end': 20.0, 'start': 20.0}	municipal WW			none (sludge only)						54.0	3.3	2.0			
CN(C)CC(C1=CC=C(C=C1)O)C2(CCCCC2)O	https://envipath.org/package/521c547a-fd2a-491c-ad5b-7eaa1577fb65/pathway/d487af9e-e859-43b8-bee4-91e0e5af707b/node/cf1ff972-4652-4d77-a376-19afae33c0a5	https://envipath.org/package/521c547a-fd2a-491c-ad5b-7eaa1577fb65/scenario/dc5454bd-50a8-457b-90e1-9d39bb9b052a	DOI: 10.1021/es3019012	https://envipath.org/package/521c547a-fd2a-491c-ad5b-7eaa1577fb65/pathway/d487af9e-e859-43b8-bee4-91e0e5af707b		aerob	{'end': 7.0, 'start': 7.0}	Switzerland (IND4)	amber glass Schott bottles (loosely capped)	activated sludge from biological aeration basin	shaking	sludge retention time	70.0	6.0	100.0	plating	{'end': 20.0, 'start': 20.0}	industrial WW			none (sludge only)						650.0	86.2				
CN(C)CC(C1=CC=C(C=C1)O)C2(CCCCC2)O	https://envipath.org/package/521c547a-fd2a-491c-ad5b-7eaa1577fb65/pathway/d487af9e-e859-43b8-bee4-91e0e5af707b/node/cf1ff972-4652-4d77-a376-19afae33c0a5	https://envipath.org/package/521c547a-fd2a-491c-ad5b-7eaa1577fb65/scenario/408239a6-4e06-4b21-875a-326d967412dd	DOI: 10.1021/es3019012	https://envipath.org/package/521c547a-fd2a-491c-ad5b-7eaa1577fb65/pathway/d487af9e-e859-43b8-bee4-91e0e5af707b		aerob	{'end': 6.2, 'start': 6.2}	Switzerland (IND3)	amber glass Schott bottles (loosely capped)	activated sludge from biological aeration basin	shaking	sludge retention time	70.0	6.9	100.0	plating	{'end': 20.0, 'start': 20.0}	industrial WW			none (sludge only)			other			1892.0					
CN(C)CC(C1=CC=C(C=C1)O)C2(CCCCC2)O	https://envipath.org/package/521c547a-fd2a-491c-ad5b-7eaa1577fb65/pathway/d487af9e-e859-43b8-bee4-91e0e5af707b/node/cf1ff972-4652-4d77-a376-19afae33c0a5	https://envipath.org/package/521c547a-fd2a-491c-ad5b-7eaa1577fb65/scenario/20aab74e-ed9f-484d-b3b2-1d846aa49263	DOI: 10.1021/es3019012	https://envipath.org/package/521c547a-fd2a-491c-ad5b-7eaa1577fb65/pathway/d487af9e-e859-43b8-bee4-91e0e5af707b		aerob	{'end': 7.0, 'start': 7.0}	Switzerland (IND1)	amber glass Schott bottles (loosely capped)	activated sludge from biological aeration basin	shaking	sludge retention time	70.0	6.8	100.0	plating	{'end': 20.0, 'start': 20.0}	mixed WW (municipal & industrial)			none (sludge only)			nitrification & denitrification			500.0	23.0	3.0			
C[N+](C)(CC(C1=CC=C(C=C1)OC)C2(CCCCC2)O)[O-]	https://envipath.org/package/521c547a-fd2a-491c-ad5b-7eaa1577fb65/pathway/d487af9e-e859-43b8-bee4-91e0e5af707b/node/6f624d4b-4339-40fc-867e-a95020da9143	https://envipath.org/package/521c547a-fd2a-491c-ad5b-7eaa1577fb65/scenario/83f64d8c-608f-4ca1-af94-246221897c53	no description	https://envipath.org/package/521c547a-fd2a-491c-ad5b-7eaa1577fb65/pathway/d487af9e-e859-43b8-bee4-91e0e5af707b	1																											
CN(C)CC(C1=CC=C(C=C1)OC)C2(CCCCC2)O	https://envipath.org/package/521c547a-fd2a-491c-ad5b-7eaa1577fb65/pathway/d487af9e-e859-43b8-bee4-91e0e5af707b/node/9ae5e824-838f-4de5-aa62-6f72a88284ef	https://envipath.org/package/521c547a-fd2a-491c-ad5b-7eaa1577fb65/scenario/2d227ce5-2ad5-4b59-b28d-ec9d5854e191	no description	https://envipath.org/package/521c547a-fd2a-491c-ad5b-7eaa1577fb65/pathway/d487af9e-e859-43b8-bee4-91e0e5af707b																		sorption corrected & abiotic degradation corrected										
CN(C)CC(C1=CC=C(C=C1)OC)C2(CCCCC2)O	https://envipath.org/package/521c547a-fd2a-491c-ad5b-7eaa1577fb65/pathway/d487af9e-e859-43b8-bee4-91e0e5af707b/node/9ae5e824-838f-4de5-aa62-6f72a88284ef	https://envipath.org/package/521c547a-fd2a-491c-ad5b-7eaa1577fb65/scenario/3ca1616e-e17f-4ef9-a16c-e94794a5a8b6	no description	https://envipath.org/package/521c547a-fd2a-491c-ad5b-7eaa1577fb65/pathway/d487af9e-e859-43b8-bee4-91e0e5af707b																		sorption corrected & abiotic degradation corrected										
CN(C)CC(C1=CC=C(C=C1)OC)C2(CCCCC2)O	https://envipath.org/package/521c547a-fd2a-491c-ad5b-7eaa1577fb65/pathway/d487af9e-e859-43b8-bee4-91e0e5af707b/node/9ae5e824-838f-4de5-aa62-6f72a88284ef	https://envipath.org/package/521c547a-fd2a-491c-ad5b-7eaa1577fb65/scenario/c6e526dc-88c3-4779-a59d-a2d0966d5fa3	no description	https://envipath.org/package/521c547a-fd2a-491c-ad5b-7eaa1577fb65/pathway/d487af9e-e859-43b8-bee4-91e0e5af707b																		sorption corrected & abiotic degradation corrected										
CN(C)CC(C1=CC=C(C=C1)OC)C2(CCCCC2)O	https://envipath.org/package/521c547a-fd2a-491c-ad5b-7eaa1577fb65/pathway/d487af9e-e859-43b8-bee4-91e0e5af707b/node/9ae5e824-838f-4de5-aa62-6f72a88284ef	https://envipath.org/package/521c547a-fd2a-491c-ad5b-7eaa1577fb65/scenario/278573d1-42c8-4c52-a9f1-297491992bdb	no description	https://envipath.org/package/521c547a-fd2a-491c-ad5b-7eaa1577fb65/pathway/d487af9e-e859-43b8-bee4-91e0e5af707b																		sorption corrected & abiotic degradation corrected										
CN(C)CC(C1=CC=C(C=C1)OC)C2(CCCCC2)O	https://envipath.org/package/521c547a-fd2a-491c-ad5b-7eaa1577fb65/pathway/d487af9e-e859-43b8-bee4-91e0e5af707b/node/9ae5e824-838f-4de5-aa62-6f72a88284ef	https://envipath.org/package/521c547a-fd2a-491c-ad5b-7eaa1577fb65/scenario/c30d1180-6f6b-4009-b749-0d23f27d94a2	no description	https://envipath.org/package/521c547a-fd2a-491c-ad5b-7eaa1577fb65/pathway/d487af9e-e859-43b8-bee4-91e0e5af707b																		sorption corrected & abiotic degradation corrected										
CN(C)CC(C1=CC=C(C=C1)OC)C2(CCCCC2)O	https://envipath.org/package/521c547a-fd2a-491c-ad5b-7eaa1577fb65/pathway/d487af9e-e859-43b8-bee4-91e0e5af707b/node/9ae5e824-838f-4de5-aa62-6f72a88284ef	https://envipath.org/package/521c547a-fd2a-491c-ad5b-7eaa1577fb65/scenario/1dfdd5af-79c3-4d13-a4ac-942a5084f9e1	no description	https://envipath.org/package/521c547a-fd2a-491c-ad5b-7eaa1577fb65/pathway/d487af9e-e859-43b8-bee4-91e0e5af707b																		sorption corrected & abiotic degradation corrected										
CN(C)CC(C1=CC=C(C=C1)OC)C2(CCCCC2)O	https://envipath.org/package/521c547a-fd2a-491c-ad5b-7eaa1577fb65/pathway/d487af9e-e859-43b8-bee4-91e0e5af707b/node/9ae5e824-838f-4de5-aa62-6f72a88284ef	https://envipath.org/package/521c547a-fd2a-491c-ad5b-7eaa1577fb65/scenario/5fd89dda-9e77-4076-b03e-d33c5f2aab2e	no description	https://envipath.org/package/521c547a-fd2a-491c-ad5b-7eaa1577fb65/pathway/d487af9e-e859-43b8-bee4-91e0e5af707b																		sorption corrected & abiotic degradation corrected										
CN(C)CC(C1=CC=C(C=C1)OC)C2(CCCCC2)O	https://envipath.org/package/521c547a-fd2a-491c-ad5b-7eaa1577fb65/pathway/d487af9e-e859-43b8-bee4-91e0e5af707b/node/9ae5e824-838f-4de5-aa62-6f72a88284ef	https://envipath.org/package/521c547a-fd2a-491c-ad5b-7eaa1577fb65/scenario/33346f6c-11da-4944-b3ae-805d4a60970f	no description	https://envipath.org/package/521c547a-fd2a-491c-ad5b-7eaa1577fb65/pathway/d487af9e-e859-43b8-bee4-91e0e5af707b																		sorption corrected & abiotic degradation corrected										
CN(C)CC(C1=CC=C(C=C1)OC)C2(CCCCC2)O	https://envipath.org/package/521c547a-fd2a-491c-ad5b-7eaa1577fb65/pathway/d487af9e-e859-43b8-bee4-91e0e5af707b/node/9ae5e824-838f-4de5-aa62-6f72a88284ef	https://envipath.org/package/521c547a-fd2a-491c-ad5b-7eaa1577fb65/scenario/a3a219a1-ede8-4c10-9513-618ac3c3279d	no description	https://envipath.org/package/521c547a-fd2a-491c-ad5b-7eaa1577fb65/pathway/d487af9e-e859-43b8-bee4-91e0e5af707b																		sorption corrected & abiotic degradation corrected										
CN(C)CC(C1=CC=C(C=C1)OC)C2(CCCCC2)O	https://envipath.org/package/521c547a-fd2a-491c-ad5b-7eaa1577fb65/pathway/d487af9e-e859-43b8-bee4-91e0e5af707b/node/9ae5e824-838f-4de5-aa62-6f72a88284ef	https://envipath.org/package/521c547a-fd2a-491c-ad5b-7eaa1577fb65/scenario/ba4cbf8e-0620-4a08-bd24-2c769d411ce6	no description	https://envipath.org/package/521c547a-fd2a-491c-ad5b-7eaa1577fb65/pathway/d487af9e-e859-43b8-bee4-91e0e5af707b																		sorption corrected & abiotic degradation corrected										
CN(C)CC(C1=CC=C(C=C1)OC)C2(CCCCC2)O	https://envipath.org/package/521c547a-fd2a-491c-ad5b-7eaa1577fb65/pathway/d487af9e-e859-43b8-bee4-91e0e5af707b/node/9ae5e824-838f-4de5-aa62-6f72a88284ef	https://envipath.org/package/521c547a-fd2a-491c-ad5b-7eaa1577fb65/scenario/2f8243ba-1629-4df4-963d-c4987a9987c8	no description	https://envipath.org/package/521c547a-fd2a-491c-ad5b-7eaa1577fb65/pathway/d487af9e-e859-43b8-bee4-91e0e5af707b																		sorption corrected & abiotic degradation corrected										
CN(C)CC(C1=CC=C(C=C1)OC)C2(CCCCC2)O	https://envipath.org/package/521c547a-fd2a-491c-ad5b-7eaa1577fb65/pathway/d487af9e-e859-43b8-bee4-91e0e5af707b/node/9ae5e824-838f-4de5-aa62-6f72a88284ef	https://envipath.org/package/521c547a-fd2a-491c-ad5b-7eaa1577fb65/scenario/e4064f7f-3757-49de-b566-14c5536c6358	no description	https://envipath.org/package/521c547a-fd2a-491c-ad5b-7eaa1577fb65/pathway/d487af9e-e859-43b8-bee4-91e0e5af707b																		sorption corrected & abiotic degradation corrected										
CN(C)CC(C1=CC=C(C=C1)OC)C2(CCCCC2)O	https://envipath.org/package/521c547a-fd2a-491c-ad5b-7eaa1577fb65/pathway/d487af9e-e859-43b8-bee4-91e0e5af707b/node/9ae5e824-838f-4de5-aa62-6f72a88284ef	https://envipath.org/package/521c547a-fd2a-491c-ad5b-7eaa1577fb65/scenario/49363908-bff8-46e7-bb61-cf453f4442eb	no description	https://envipath.org/package/521c547a-fd2a-491c-ad5b-7eaa1577fb65/pathway/d487af9e-e859-43b8-bee4-91e0e5af707b	1																											
CN(C)CC(C1=CC=C(C=C1)OC)C2(CCCCC2)O	https://envipath.org/package/521c547a-fd2a-491c-ad5b-7eaa1577fb65/pathway/d487af9e-e859-43b8-bee4-91e0e5af707b/node/9ae5e824-838f-4de5-aa62-6f72a88284ef	https://envipath.org/package/521c547a-fd2a-491c-ad5b-7eaa1577fb65/scenario/e4bc8b90-eace-4c1f-a58d-3bfcf93a8eff	no description	https://envipath.org/package/521c547a-fd2a-491c-ad5b-7eaa1577fb65/pathway/d487af9e-e859-43b8-bee4-91e0e5af707b																		sorption corrected & abiotic degradation corrected										
CNCC(C1=CC=C(C=C1)OC)C2(CCCCC2)O	https://envipath.org/package/521c547a-fd2a-491c-ad5b-7eaa1577fb65/pathway/d487af9e-e859-43b8-bee4-91e0e5af707b/node/7025cd06-bb99-434c-8111-3fbadc29f9ae	https://envipath.org/package/521c547a-fd2a-491c-ad5b-7eaa1577fb65/scenario/f3cbcab2-c581-4a4a-853d-7724deaaa107	DOI: 10.1021/es3019012	https://envipath.org/package/521c547a-fd2a-491c-ad5b-7eaa1577fb65/pathway/d487af9e-e859-43b8-bee4-91e0e5af707b		aerob	{'end': 8.1, 'start': 8.1}	Switzerland (IND5)	amber glass Schott bottles (loosely capped)	activated sludge from biological aeration basin	shaking	sludge retention time	70.0	9.6	100.0	plating	{'end': 20.0, 'start': 20.0}	industrial WW			none (sludge only)						3000.0	100.0	22.0			
CNCC(C1=CC=C(C=C1)OC)C2(CCCCC2)O	https://envipath.org/package/521c547a-fd2a-491c-ad5b-7eaa1577fb65/pathway/d487af9e-e859-43b8-bee4-91e0e5af707b/node/7025cd06-bb99-434c-8111-3fbadc29f9ae	https://envipath.org/package/521c547a-fd2a-491c-ad5b-7eaa1577fb65/scenario/6f3ab9e2-5bfb-4082-92b2-e46bfc6766eb	DOI: 10.1021/es3019012	https://envipath.org/package/521c547a-fd2a-491c-ad5b-7eaa1577fb65/pathway/d487af9e-e859-43b8-bee4-91e0e5af707b		aerob	{'end': 7.6, 'start': 7.6}	Switzerland (DOM1)	amber glass Schott bottles (loosely capped)	activated sludge from biological aeration basin	shaking	sludge retention time	70.0	3.0	100.0	plating	{'end': 20.0, 'start': 20.0}	municipal WW			none (sludge only)			nitrification			203.0	18.6	5.0			
CNCC(C1=CC=C(C=C1)OC)C2(CCCCC2)O	https://envipath.org/package/521c547a-fd2a-491c-ad5b-7eaa1577fb65/pathway/d487af9e-e859-43b8-bee4-91e0e5af707b/node/7025cd06-bb99-434c-8111-3fbadc29f9ae	https://envipath.org/package/521c547a-fd2a-491c-ad5b-7eaa1577fb65/scenario/0df10744-4f6e-47fd-8ead-24222de91b1f	no description	https://envipath.org/package/521c547a-fd2a-491c-ad5b-7eaa1577fb65/pathway/d487af9e-e859-43b8-bee4-91e0e5af707b	1																											
CNCC(C1=CC=C(C=C1)OC)C2(CCCCC2)O	https://envipath.org/package/521c547a-fd2a-491c-ad5b-7eaa1577fb65/pathway/d487af9e-e859-43b8-bee4-91e0e5af707b/node/7025cd06-bb99-434c-8111-3fbadc29f9ae	https://envipath.org/package/521c547a-fd2a-491c-ad5b-7eaa1577fb65/scenario/bdb3ab2f-46d6-4a20-941b-fd893d2798c9	DOI: 10.1021/es3019012	https://envipath.org/package/521c547a-fd2a-491c-ad5b-7eaa1577fb65/pathway/d487af9e-e859-43b8-bee4-91e0e5af707b		aerob	{'end': 7.3, 'start': 7.3}	Switzerland (IND2)	amber glass Schott bottles (loosely capped)	activated sludge from biological aeration basin	shaking	sludge retention time	70.0	4.7	100.0	plating	{'end': 20.0, 'start': 20.0}	industrial WW			none (sludge only)			nitrification & denitrification			820.0	86.0	6.0			
CNCC(C1=CC=C(C=C1)OC)C2(CCCCC2)O	https://envipath.org/package/521c547a-fd2a-491c-ad5b-7eaa1577fb65/pathway/d487af9e-e859-43b8-bee4-91e0e5af707b/node/7025cd06-bb99-434c-8111-3fbadc29f9ae	https://envipath.org/package/521c547a-fd2a-491c-ad5b-7eaa1577fb65/scenario/be2d91cf-9c2f-4df3-8e2f-bb7fb8b6f5ca	DOI: 10.1021/es3019012	https://envipath.org/package/521c547a-fd2a-491c-ad5b-7eaa1577fb65/pathway/d487af9e-e859-43b8-bee4-91e0e5af707b		aerob	{'end': 8.1, 'start': 8.1}	Switzerland (DOM4)	amber glass Schott bottles (loosely capped)	activated sludge from biological aeration basin	shaking	sludge retention time	70.0	2.3	100.0	plating	{'end': 20.0, 'start': 20.0}	municipal WW			none (sludge only)						160.0	10.0	3.0			
CNCC(C1=CC=C(C=C1)OC)C2(CCCCC2)O	https://envipath.org/package/521c547a-fd2a-491c-ad5b-7eaa1577fb65/pathway/d487af9e-e859-43b8-bee4-91e0e5af707b/node/7025cd06-bb99-434c-8111-3fbadc29f9ae	https://envipath.org/package/521c547a-fd2a-491c-ad5b-7eaa1577fb65/scenario/75bdaff9-0a46-4e1e-90f8-92a40af17e48	DOI: 10.1021/es3019012	https://envipath.org/package/521c547a-fd2a-491c-ad5b-7eaa1577fb65/pathway/d487af9e-e859-43b8-bee4-91e0e5af707b		aerob	{'end': 7.5, 'start': 7.5}	Switzerland (DOM3)	amber glass Schott bottles (loosely capped)	activated sludge from biological aeration basin	shaking	sludge retention time	70.0	12.4	100.0	plating	{'end': 20.0, 'start': 20.0}	municipal WW			none (sludge only)			nitrification & denitrification			320.0	24.9	9.0			
CNCC(C1=CC=C(C=C1)OC)C2(CCCCC2)O	https://envipath.org/package/521c547a-fd2a-491c-ad5b-7eaa1577fb65/pathway/d487af9e-e859-43b8-bee4-91e0e5af707b/node/7025cd06-bb99-434c-8111-3fbadc29f9ae	https://envipath.org/package/521c547a-fd2a-491c-ad5b-7eaa1577fb65/scenario/1ce53c39-f91e-4dd8-b909-36b1400f6164	DOI: 10.1021/es3019012	https://envipath.org/package/521c547a-fd2a-491c-ad5b-7eaa1577fb65/pathway/d487af9e-e859-43b8-bee4-91e0e5af707b		aerob	{'end': 8.1, 'start': 8.1}	Switzerland (DOM5)	amber glass Schott bottles (loosely capped)	activated sludge from biological aeration basin	shaking	sludge retention time	70.0	2.2	100.0	plating	{'end': 20.0, 'start': 20.0}	municipal WW			none (sludge only)			nitrification & denitrification				26.2	5.0			
CNCC(C1=CC=C(C=C1)OC)C2(CCCCC2)O	https://envipath.org/package/521c547a-fd2a-491c-ad5b-7eaa1577fb65/pathway/d487af9e-e859-43b8-bee4-91e0e5af707b/node/7025cd06-bb99-434c-8111-3fbadc29f9ae	https://envipath.org/package/521c547a-fd2a-491c-ad5b-7eaa1577fb65/scenario/e482e11f-2d22-406e-93e4-2633e7b99212	DOI: 10.1021/es3019012	https://envipath.org/package/521c547a-fd2a-491c-ad5b-7eaa1577fb65/pathway/d487af9e-e859-43b8-bee4-91e0e5af707b		aerob	{'end': 7.6, 'start': 7.6}	Switzerland (DOM2)	amber glass Schott bottles (loosely capped)	activated sludge from biological aeration basin	shaking	sludge retention time	70.0	3.0	100.0	plating	{'end': 20.0, 'start': 20.0}	municipal WW			none (sludge only)						54.0	3.3	2.0			
CNCC(C1=CC=C(C=C1)OC)C2(CCCCC2)O	https://envipath.org/package/521c547a-fd2a-491c-ad5b-7eaa1577fb65/pathway/d487af9e-e859-43b8-bee4-91e0e5af707b/node/7025cd06-bb99-434c-8111-3fbadc29f9ae	https://envipath.org/package/521c547a-fd2a-491c-ad5b-7eaa1577fb65/scenario/dc5454bd-50a8-457b-90e1-9d39bb9b052a	DOI: 10.1021/es3019012	https://envipath.org/package/521c547a-fd2a-491c-ad5b-7eaa1577fb65/pathway/d487af9e-e859-43b8-bee4-91e0e5af707b		aerob	{'end': 7.0, 'start': 7.0}	Switzerland (IND4)	amber glass Schott bottles (loosely capped)	activated sludge from biological aeration basin	shaking	sludge retention time	70.0	6.0	100.0	plating	{'end': 20.0, 'start': 20.0}	industrial WW			none (sludge only)						650.0	86.2				
CNCC(C1=CC=C(C=C1)OC)C2(CCCCC2)O	https://envipath.org/package/521c547a-fd2a-491c-ad5b-7eaa1577fb65/pathway/d487af9e-e859-43b8-bee4-91e0e5af707b/node/7025cd06-bb99-434c-8111-3fbadc29f9ae	https://envipath.org/package/521c547a-fd2a-491c-ad5b-7eaa1577fb65/scenario/408239a6-4e06-4b21-875a-326d967412dd	DOI: 10.1021/es3019012	https://envipath.org/package/521c547a-fd2a-491c-ad5b-7eaa1577fb65/pathway/d487af9e-e859-43b8-bee4-91e0e5af707b		aerob	{'end': 6.2, 'start': 6.2}	Switzerland (IND3)	amber glass Schott bottles (loosely capped)	activated sludge from biological aeration basin	shaking	sludge retention time	70.0	6.9	100.0	plating	{'end': 20.0, 'start': 20.0}	industrial WW			none (sludge only)			other			1892.0					
CNCC(C1=CC=C(C=C1)OC)C2(CCCCC2)O	https://envipath.org/package/521c547a-fd2a-491c-ad5b-7eaa1577fb65/pathway/d487af9e-e859-43b8-bee4-91e0e5af707b/node/7025cd06-bb99-434c-8111-3fbadc29f9ae	https://envipath.org/package/521c547a-fd2a-491c-ad5b-7eaa1577fb65/scenario/20aab74e-ed9f-484d-b3b2-1d846aa49263	DOI: 10.1021/es3019012	https://envipath.org/package/521c547a-fd2a-491c-ad5b-7eaa1577fb65/pathway/d487af9e-e859-43b8-bee4-91e0e5af707b		aerob	{'end': 7.0, 'start': 7.0}	Switzerland (IND1)	amber glass Schott bottles (loosely capped)	activated sludge from biological aeration basin	shaking	sludge retention time	70.0	6.8	100.0	plating	{'end': 20.0, 'start': 20.0}	mixed WW (municipal & industrial)			none (sludge only)			nitrification & denitrification			500.0	23.0	3.0			
CC(C)NCC(COC1=CC=C(C=C1)CC(=O)O)O	https://envipath.org/package/521c547a-fd2a-491c-ad5b-7eaa1577fb65/pathway/7499fe74-7eab-4eee-8264-d36323c80ede/node/b0b2cece-eae6-483f-998a-42288f7e288b	https://envipath.org/package/521c547a-fd2a-491c-ad5b-7eaa1577fb65/scenario/f3cbcab2-c581-4a4a-853d-7724deaaa107	DOI: 10.1021/es3019012	https://envipath.org/package/521c547a-fd2a-491c-ad5b-7eaa1577fb65/pathway/7499fe74-7eab-4eee-8264-d36323c80ede		aerob	{'end': 8.1, 'start': 8.1}	Switzerland (IND5)	amber glass Schott bottles (loosely capped)	activated sludge from biological aeration basin	shaking	sludge retention time	70.0	9.6	100.0	plating	{'end': 20.0, 'start': 20.0}	industrial WW			none (sludge only)						3000.0	100.0	22.0			
CC(C)NCC(COC1=CC=C(C=C1)CC(=O)O)O	https://envipath.org/package/521c547a-fd2a-491c-ad5b-7eaa1577fb65/pathway/7499fe74-7eab-4eee-8264-d36323c80ede/node/b0b2cece-eae6-483f-998a-42288f7e288b	https://envipath.org/package/521c547a-fd2a-491c-ad5b-7eaa1577fb65/scenario/6f3ab9e2-5bfb-4082-92b2-e46bfc6766eb	DOI: 10.1021/es3019012	https://envipath.org/package/521c547a-fd2a-491c-ad5b-7eaa1577fb65/pathway/7499fe74-7eab-4eee-8264-d36323c80ede		aerob	{'end': 7.6, 'start': 7.6}	Switzerland (DOM1)	amber glass Schott bottles (loosely capped)	activated sludge from biological aeration basin	shaking	sludge retention time	70.0	3.0	100.0	plating	{'end': 20.0, 'start': 20.0}	municipal WW			none (sludge only)			nitrification			203.0	18.6	5.0			
CC(C)NCC(COC1=CC=C(C=C1)CC(=O)O)O	https://envipath.org/package/521c547a-fd2a-491c-ad5b-7eaa1577fb65/pathway/7499fe74-7eab-4eee-8264-d36323c80ede/node/b0b2cece-eae6-483f-998a-42288f7e288b	https://envipath.org/package/521c547a-fd2a-491c-ad5b-7eaa1577fb65/scenario/bdb3ab2f-46d6-4a20-941b-fd893d2798c9	DOI: 10.1021/es3019012	https://envipath.org/package/521c547a-fd2a-491c-ad5b-7eaa1577fb65/pathway/7499fe74-7eab-4eee-8264-d36323c80ede		aerob	{'end': 7.3, 'start': 7.3}	Switzerland (IND2)	amber glass Schott bottles (loosely capped)	activated sludge from biological aeration basin	shaking	sludge retention time	70.0	4.7	100.0	plating	{'end': 20.0, 'start': 20.0}	industrial WW			none (sludge only)			nitrification & denitrification			820.0	86.0	6.0			
CC(C)NCC(COC1=CC=C(C=C1)CC(=O)O)O	https://envipath.org/package/521c547a-fd2a-491c-ad5b-7eaa1577fb65/pathway/7499fe74-7eab-4eee-8264-d36323c80ede/node/b0b2cece-eae6-483f-998a-42288f7e288b	https://envipath.org/package/521c547a-fd2a-491c-ad5b-7eaa1577fb65/scenario/be2d91cf-9c2f-4df3-8e2f-bb7fb8b6f5ca	DOI: 10.1021/es3019012	https://envipath.org/package/521c547a-fd2a-491c-ad5b-7eaa1577fb65/pathway/7499fe74-7eab-4eee-8264-d36323c80ede		aerob	{'end': 8.1, 'start': 8.1}	Switzerland (DOM4)	amber glass Schott bottles (loosely capped)	activated sludge from biological aeration basin	shaking	sludge retention time	70.0	2.3	100.0	plating	{'end': 20.0, 'start': 20.0}	municipal WW			none (sludge only)						160.0	10.0	3.0			
CC(C)NCC(COC1=CC=C(C=C1)CC(=O)O)O	https://envipath.org/package/521c547a-fd2a-491c-ad5b-7eaa1577fb65/pathway/7499fe74-7eab-4eee-8264-d36323c80ede/node/b0b2cece-eae6-483f-998a-42288f7e288b	https://envipath.org/package/521c547a-fd2a-491c-ad5b-7eaa1577fb65/scenario/3d17d756-b95e-4e84-aa55-dcd6f13e1a48	DOI: 10.1021/es100970m	https://envipath.org/package/521c547a-fd2a-491c-ad5b-7eaa1577fb65/pathway/7499fe74-7eab-4eee-8264-d36323c80ede		aerob	{'end': 6.2, 'start': 6.2}	pilot scale WWTP (membrane Bioreactor) Duebendorf, Switzerland	amber glass bottle		shaking	sludge age	49.95	3.0	100.0	spiking in solvent	{'end': 20.0, 'start': 20.0}	mixed WW (municipal & industrial)		7.9												
CC(C)NCC(COC1=CC=C(C=C1)CC(=O)O)O	https://envipath.org/package/521c547a-fd2a-491c-ad5b-7eaa1577fb65/pathway/7499fe74-7eab-4eee-8264-d36323c80ede/node/b0b2cece-eae6-483f-998a-42288f7e288b	https://envipath.org/package/521c547a-fd2a-491c-ad5b-7eaa1577fb65/scenario/ed79280d-e48b-46ad-8161-b4dd06773e45	DOI: 10.1021/es101035b	https://envipath.org/package/521c547a-fd2a-491c-ad5b-7eaa1577fb65/pathway/7499fe74-7eab-4eee-8264-d36323c80ede		aerob	{'end': 6.2, 'start': 6.2}	Duebendorf, Switzerland	amber glass		shaking		49.95	3.0	100.0	spiking in solvent	{'end': 20.0, 'start': 20.0}	mixed WW (municipal & industrial)			nanofiltered ps-MBR effluent											
CC(C)NCC(COC1=CC=C(C=C1)CC(=O)O)O	https://envipath.org/package/521c547a-fd2a-491c-ad5b-7eaa1577fb65/pathway/7499fe74-7eab-4eee-8264-d36323c80ede/node/b0b2cece-eae6-483f-998a-42288f7e288b	https://envipath.org/package/521c547a-fd2a-491c-ad5b-7eaa1577fb65/scenario/a4545d82-4fd7-4ea1-8d2a-810c06e0ca0b	https://doi.org/10.1016/j.chroma.2008.09.060	https://envipath.org/package/521c547a-fd2a-491c-ad5b-7eaa1577fb65/pathway/7499fe74-7eab-4eee-8264-d36323c80ede		aerob	{'end': 6.3, 'start': 5.1}	Rubi (Barcelona), Spain	amber glass bottle	sludge from a lab scale membrane bioreactor	bubbling air	sludge retention time	1000.0	20.0	10000.0																	
CC(C)NCC(COC1=CC=C(C=C1)CC(=O)O)O	https://envipath.org/package/521c547a-fd2a-491c-ad5b-7eaa1577fb65/pathway/7499fe74-7eab-4eee-8264-d36323c80ede/node/b0b2cece-eae6-483f-998a-42288f7e288b	https://envipath.org/package/521c547a-fd2a-491c-ad5b-7eaa1577fb65/scenario/75bdaff9-0a46-4e1e-90f8-92a40af17e48	DOI: 10.1021/es3019012	https://envipath.org/package/521c547a-fd2a-491c-ad5b-7eaa1577fb65/pathway/7499fe74-7eab-4eee-8264-d36323c80ede		aerob	{'end': 7.5, 'start': 7.5}	Switzerland (DOM3)	amber glass Schott bottles (loosely capped)	activated sludge from biological aeration basin	shaking	sludge retention time	70.0	12.4	100.0	plating	{'end': 20.0, 'start': 20.0}	municipal WW			none (sludge only)			nitrification & denitrification			320.0	24.9	9.0			
CC(C)NCC(COC1=CC=C(C=C1)CC(=O)O)O	https://envipath.org/package/521c547a-fd2a-491c-ad5b-7eaa1577fb65/pathway/7499fe74-7eab-4eee-8264-d36323c80ede/node/b0b2cece-eae6-483f-998a-42288f7e288b	https://envipath.org/package/521c547a-fd2a-491c-ad5b-7eaa1577fb65/scenario/f7b029e6-6600-4c3d-a376-5f07c81c5885	no description	https://envipath.org/package/521c547a-fd2a-491c-ad5b-7eaa1577fb65/pathway/7499fe74-7eab-4eee-8264-d36323c80ede		aerob	{'end': 6.3, 'start': 5.1}	Rubi (Barcelona), Spain	amber glass bottle	conventional activated sludge from the aeration basin of a WWTP	bubbling air	sludge retention time	1000.0	4.0	50.0																	
CC(C)NCC(COC1=CC=C(C=C1)CC(=O)O)O	https://envipath.org/package/521c547a-fd2a-491c-ad5b-7eaa1577fb65/pathway/7499fe74-7eab-4eee-8264-d36323c80ede/node/b0b2cece-eae6-483f-998a-42288f7e288b	https://envipath.org/package/521c547a-fd2a-491c-ad5b-7eaa1577fb65/scenario/1ce53c39-f91e-4dd8-b909-36b1400f6164	DOI: 10.1021/es3019012	https://envipath.org/package/521c547a-fd2a-491c-ad5b-7eaa1577fb65/pathway/7499fe74-7eab-4eee-8264-d36323c80ede		aerob	{'end': 8.1, 'start': 8.1}	Switzerland (DOM5)	amber glass Schott bottles (loosely capped)	activated sludge from biological aeration basin	shaking	sludge retention time	70.0	2.2	100.0	plating	{'end': 20.0, 'start': 20.0}	municipal WW			none (sludge only)			nitrification & denitrification				26.2	5.0			
CC(C)NCC(COC1=CC=C(C=C1)CC(=O)O)O	https://envipath.org/package/521c547a-fd2a-491c-ad5b-7eaa1577fb65/pathway/7499fe74-7eab-4eee-8264-d36323c80ede/node/b0b2cece-eae6-483f-998a-42288f7e288b	https://envipath.org/package/521c547a-fd2a-491c-ad5b-7eaa1577fb65/scenario/2c790c9d-5d22-4431-ac8d-66aa7e6c492a	https://doi.org/10.1016/j.chroma.2008.09.060	https://envipath.org/package/521c547a-fd2a-491c-ad5b-7eaa1577fb65/pathway/7499fe74-7eab-4eee-8264-d36323c80ede		aerob	{'end': 6.3, 'start': 5.1}	Rubi (Barcelona), Spain	amber glass bottle	sludge from a lab scale membrane bioreactor	bubbling air	sludge retention time	1000.0	20.0	50.0																	
CC(C)NCC(COC1=CC=C(C=C1)CC(=O)O)O	https://envipath.org/package/521c547a-fd2a-491c-ad5b-7eaa1577fb65/pathway/7499fe74-7eab-4eee-8264-d36323c80ede/node/b0b2cece-eae6-483f-998a-42288f7e288b	https://envipath.org/package/521c547a-fd2a-491c-ad5b-7eaa1577fb65/scenario/e482e11f-2d22-406e-93e4-2633e7b99212	DOI: 10.1021/es3019012	https://envipath.org/package/521c547a-fd2a-491c-ad5b-7eaa1577fb65/pathway/7499fe74-7eab-4eee-8264-d36323c80ede		aerob	{'end': 7.6, 'start': 7.6}	Switzerland (DOM2)	amber glass Schott bottles (loosely capped)	activated sludge from biological aeration basin	shaking	sludge retention time	70.0	3.0	100.0	plating	{'end': 20.0, 'start': 20.0}	municipal WW			none (sludge only)						54.0	3.3	2.0			
CC(C)NCC(COC1=CC=C(C=C1)CC(=O)O)O	https://envipath.org/package/521c547a-fd2a-491c-ad5b-7eaa1577fb65/pathway/7499fe74-7eab-4eee-8264-d36323c80ede/node/b0b2cece-eae6-483f-998a-42288f7e288b	https://envipath.org/package/521c547a-fd2a-491c-ad5b-7eaa1577fb65/scenario/dc5454bd-50a8-457b-90e1-9d39bb9b052a	DOI: 10.1021/es3019012	https://envipath.org/package/521c547a-fd2a-491c-ad5b-7eaa1577fb65/pathway/7499fe74-7eab-4eee-8264-d36323c80ede		aerob	{'end': 7.0, 'start': 7.0}	Switzerland (IND4)	amber glass Schott bottles (loosely capped)	activated sludge from biological aeration basin	shaking	sludge retention time	70.0	6.0	100.0	plating	{'end': 20.0, 'start': 20.0}	industrial WW			none (sludge only)						650.0	86.2				
CC(C)NCC(COC1=CC=C(C=C1)CC(=O)O)O	https://envipath.org/package/521c547a-fd2a-491c-ad5b-7eaa1577fb65/pathway/7499fe74-7eab-4eee-8264-d36323c80ede/node/b0b2cece-eae6-483f-998a-42288f7e288b	https://envipath.org/package/521c547a-fd2a-491c-ad5b-7eaa1577fb65/scenario/408239a6-4e06-4b21-875a-326d967412dd	DOI: 10.1021/es3019012	https://envipath.org/package/521c547a-fd2a-491c-ad5b-7eaa1577fb65/pathway/7499fe74-7eab-4eee-8264-d36323c80ede		aerob	{'end': 6.2, 'start': 6.2}	Switzerland (IND3)	amber glass Schott bottles (loosely capped)	activated sludge from biological aeration basin	shaking	sludge retention time	70.0	6.9	100.0	plating	{'end': 20.0, 'start': 20.0}	industrial WW			none (sludge only)			other			1892.0					
CC(C)NCC(COC1=CC=C(C=C1)CC(=O)O)O	https://envipath.org/package/521c547a-fd2a-491c-ad5b-7eaa1577fb65/pathway/7499fe74-7eab-4eee-8264-d36323c80ede/node/b0b2cece-eae6-483f-998a-42288f7e288b	https://envipath.org/package/521c547a-fd2a-491c-ad5b-7eaa1577fb65/scenario/20aab74e-ed9f-484d-b3b2-1d846aa49263	DOI: 10.1021/es3019012	https://envipath.org/package/521c547a-fd2a-491c-ad5b-7eaa1577fb65/pathway/7499fe74-7eab-4eee-8264-d36323c80ede		aerob	{'end': 7.0, 'start': 7.0}	Switzerland (IND1)	amber glass Schott bottles (loosely capped)	activated sludge from biological aeration basin	shaking	sludge retention time	70.0	6.8	100.0	plating	{'end': 20.0, 'start': 20.0}	mixed WW (municipal & industrial)			none (sludge only)			nitrification & denitrification			500.0	23.0	3.0			
CC(C)NCC(COC1=CC=C(C=C1)CC(=O)O)O	https://envipath.org/package/521c547a-fd2a-491c-ad5b-7eaa1577fb65/pathway/7499fe74-7eab-4eee-8264-d36323c80ede/node/b0b2cece-eae6-483f-998a-42288f7e288b	https://envipath.org/package/521c547a-fd2a-491c-ad5b-7eaa1577fb65/scenario/8b3cde82-12f8-46d3-b937-307a1da5d8a1	no description	https://envipath.org/package/521c547a-fd2a-491c-ad5b-7eaa1577fb65/pathway/7499fe74-7eab-4eee-8264-d36323c80ede		aerob	{'end': 6.3, 'start': 5.1}	Rubi (Barcelona), Spain	amber glass bottle	conventional activated sludge from the aeration basin of a WWTP	bubbling air	sludge retention time	1000.0	4.0	10000.0																	
CC(C)NCC(COC1=CC=C(C=C1)CC(=O)N)O	https://envipath.org/package/521c547a-fd2a-491c-ad5b-7eaa1577fb65/pathway/7499fe74-7eab-4eee-8264-d36323c80ede/node/d19d5936-a9b9-4c52-995f-d75f997966bc	https://envipath.org/package/521c547a-fd2a-491c-ad5b-7eaa1577fb65/scenario/9e4880de-01a8-417a-af48-a31bd58637fa	no description	https://envipath.org/package/521c547a-fd2a-491c-ad5b-7eaa1577fb65/pathway/7499fe74-7eab-4eee-8264-d36323c80ede																		sorption corrected & abiotic degradation corrected										
CC(C)NCC(COC1=CC=C(C=C1)CC(=O)N)O	https://envipath.org/package/521c547a-fd2a-491c-ad5b-7eaa1577fb65/pathway/7499fe74-7eab-4eee-8264-d36323c80ede/node/d19d5936-a9b9-4c52-995f-d75f997966bc	https://envipath.org/package/521c547a-fd2a-491c-ad5b-7eaa1577fb65/scenario/0b694c64-98aa-4d96-9d9f-e0e0d21e09c0	no description	https://envipath.org/package/521c547a-fd2a-491c-ad5b-7eaa1577fb65/pathway/7499fe74-7eab-4eee-8264-d36323c80ede																		sorption corrected & abiotic degradation corrected										
CC(C)NCC(COC1=CC=C(C=C1)CC(=O)N)O	https://envipath.org/package/521c547a-fd2a-491c-ad5b-7eaa1577fb65/pathway/7499fe74-7eab-4eee-8264-d36323c80ede/node/d19d5936-a9b9-4c52-995f-d75f997966bc	https://envipath.org/package/521c547a-fd2a-491c-ad5b-7eaa1577fb65/scenario/bf1ab42f-948a-465f-973b-44b50af48f2c	no description	https://envipath.org/package/521c547a-fd2a-491c-ad5b-7eaa1577fb65/pathway/7499fe74-7eab-4eee-8264-d36323c80ede																		sorption corrected & abiotic degradation corrected										
CC(C)NCC(COC1=CC=C(C=C1)CC(=O)N)O	https://envipath.org/package/521c547a-fd2a-491c-ad5b-7eaa1577fb65/pathway/7499fe74-7eab-4eee-8264-d36323c80ede/node/d19d5936-a9b9-4c52-995f-d75f997966bc	https://envipath.org/package/521c547a-fd2a-491c-ad5b-7eaa1577fb65/scenario/296fdbb6-57cb-46ac-afce-42df66c9837d	no description	https://envipath.org/package/521c547a-fd2a-491c-ad5b-7eaa1577fb65/pathway/7499fe74-7eab-4eee-8264-d36323c80ede																		sorption corrected & abiotic degradation corrected										
CC(C)NCC(COC1=CC=C(C=C1)CC(=O)N)O	https://envipath.org/package/521c547a-fd2a-491c-ad5b-7eaa1577fb65/pathway/7499fe74-7eab-4eee-8264-d36323c80ede/node/d19d5936-a9b9-4c52-995f-d75f997966bc	https://envipath.org/package/521c547a-fd2a-491c-ad5b-7eaa1577fb65/scenario/2714e2e5-5106-4baa-b71b-11b5e003a2c7	no description	https://envipath.org/package/521c547a-fd2a-491c-ad5b-7eaa1577fb65/pathway/7499fe74-7eab-4eee-8264-d36323c80ede																		sorption corrected & abiotic degradation corrected										
CC(C)NCC(COC1=CC=C(C=C1)CC(=O)N)O	https://envipath.org/package/521c547a-fd2a-491c-ad5b-7eaa1577fb65/pathway/7499fe74-7eab-4eee-8264-d36323c80ede/node/d19d5936-a9b9-4c52-995f-d75f997966bc	https://envipath.org/package/521c547a-fd2a-491c-ad5b-7eaa1577fb65/scenario/3d17d756-b95e-4e84-aa55-dcd6f13e1a48	DOI: 10.1021/es100970m	https://envipath.org/package/521c547a-fd2a-491c-ad5b-7eaa1577fb65/pathway/7499fe74-7eab-4eee-8264-d36323c80ede		aerob	{'end': 6.2, 'start': 6.2}	pilot scale WWTP (membrane Bioreactor) Duebendorf, Switzerland	amber glass bottle		shaking	sludge age	49.95	3.0	100.0	spiking in solvent	{'end': 20.0, 'start': 20.0}	mixed WW (municipal & industrial)		7.9												
CC(C)NCC(COC1=CC=C(C=C1)CC(=O)N)O	https://envipath.org/package/521c547a-fd2a-491c-ad5b-7eaa1577fb65/pathway/7499fe74-7eab-4eee-8264-d36323c80ede/node/d19d5936-a9b9-4c52-995f-d75f997966bc	https://envipath.org/package/521c547a-fd2a-491c-ad5b-7eaa1577fb65/scenario/a50a201a-e015-477d-a95a-a492462df0da	no description	https://envipath.org/package/521c547a-fd2a-491c-ad5b-7eaa1577fb65/pathway/7499fe74-7eab-4eee-8264-d36323c80ede																		sorption corrected & abiotic degradation corrected										
CC(C)NCC(COC1=CC=C(C=C1)CC(=O)N)O	https://envipath.org/package/521c547a-fd2a-491c-ad5b-7eaa1577fb65/pathway/7499fe74-7eab-4eee-8264-d36323c80ede/node/d19d5936-a9b9-4c52-995f-d75f997966bc	https://envipath.org/package/521c547a-fd2a-491c-ad5b-7eaa1577fb65/scenario/a4545d82-4fd7-4ea1-8d2a-810c06e0ca0b	https://doi.org/10.1016/j.chroma.2008.09.060	https://envipath.org/package/521c547a-fd2a-491c-ad5b-7eaa1577fb65/pathway/7499fe74-7eab-4eee-8264-d36323c80ede		aerob	{'end': 6.3, 'start': 5.1}	Rubi (Barcelona), Spain	amber glass bottle	sludge from a lab scale membrane bioreactor	bubbling air	sludge retention time	1000.0	20.0	10000.0																	
CC(C)NCC(COC1=CC=C(C=C1)CC(=O)N)O	https://envipath.org/package/521c547a-fd2a-491c-ad5b-7eaa1577fb65/pathway/7499fe74-7eab-4eee-8264-d36323c80ede/node/d19d5936-a9b9-4c52-995f-d75f997966bc	https://envipath.org/package/521c547a-fd2a-491c-ad5b-7eaa1577fb65/scenario/310e80c6-2eeb-44ab-99ea-c7fbb575bbf5	no description	https://envipath.org/package/521c547a-fd2a-491c-ad5b-7eaa1577fb65/pathway/7499fe74-7eab-4eee-8264-d36323c80ede																		sorption corrected & abiotic degradation corrected										
CC(C)NCC(COC1=CC=C(C=C1)CC(=O)N)O	https://envipath.org/package/521c547a-fd2a-491c-ad5b-7eaa1577fb65/pathway/7499fe74-7eab-4eee-8264-d36323c80ede/node/d19d5936-a9b9-4c52-995f-d75f997966bc	https://envipath.org/package/521c547a-fd2a-491c-ad5b-7eaa1577fb65/scenario/3acdb90f-7a4e-42ec-913c-d03feb8d8eda	no description	https://envipath.org/package/521c547a-fd2a-491c-ad5b-7eaa1577fb65/pathway/7499fe74-7eab-4eee-8264-d36323c80ede																		sorption corrected & abiotic degradation corrected										
CC(C)NCC(COC1=CC=C(C=C1)CC(=O)N)O	https://envipath.org/package/521c547a-fd2a-491c-ad5b-7eaa1577fb65/pathway/7499fe74-7eab-4eee-8264-d36323c80ede/node/d19d5936-a9b9-4c52-995f-d75f997966bc	https://envipath.org/package/521c547a-fd2a-491c-ad5b-7eaa1577fb65/scenario/ed385c24-4465-4039-9920-df2787299268	no description	https://envipath.org/package/521c547a-fd2a-491c-ad5b-7eaa1577fb65/pathway/7499fe74-7eab-4eee-8264-d36323c80ede																		sorption corrected & abiotic degradation corrected										
CC(C)NCC(COC1=CC=C(C=C1)CC(=O)N)O	https://envipath.org/package/521c547a-fd2a-491c-ad5b-7eaa1577fb65/pathway/7499fe74-7eab-4eee-8264-d36323c80ede/node/d19d5936-a9b9-4c52-995f-d75f997966bc	https://envipath.org/package/521c547a-fd2a-491c-ad5b-7eaa1577fb65/scenario/f7b029e6-6600-4c3d-a376-5f07c81c5885	no description	https://envipath.org/package/521c547a-fd2a-491c-ad5b-7eaa1577fb65/pathway/7499fe74-7eab-4eee-8264-d36323c80ede		aerob	{'end': 6.3, 'start': 5.1}	Rubi (Barcelona), Spain	amber glass bottle	conventional activated sludge from the aeration basin of a WWTP	bubbling air	sludge retention time	1000.0	4.0	50.0																	
CC(C)NCC(COC1=CC=C(C=C1)CC(=O)N)O	https://envipath.org/package/521c547a-fd2a-491c-ad5b-7eaa1577fb65/pathway/7499fe74-7eab-4eee-8264-d36323c80ede/node/d19d5936-a9b9-4c52-995f-d75f997966bc	https://envipath.org/package/521c547a-fd2a-491c-ad5b-7eaa1577fb65/scenario/930ced44-e6f8-46ed-9e45-7b8bb4f5cba3	no description	https://envipath.org/package/521c547a-fd2a-491c-ad5b-7eaa1577fb65/pathway/7499fe74-7eab-4eee-8264-d36323c80ede																		sorption corrected & abiotic degradation corrected										
CC(C)NCC(COC1=CC=C(C=C1)CC(=O)N)O	https://envipath.org/package/521c547a-fd2a-491c-ad5b-7eaa1577fb65/pathway/7499fe74-7eab-4eee-8264-d36323c80ede/node/d19d5936-a9b9-4c52-995f-d75f997966bc	https://envipath.org/package/521c547a-fd2a-491c-ad5b-7eaa1577fb65/scenario/7a5e2b74-8957-461f-a60a-3dd1aeeeb16b	no description	https://envipath.org/package/521c547a-fd2a-491c-ad5b-7eaa1577fb65/pathway/7499fe74-7eab-4eee-8264-d36323c80ede																		sorption corrected & abiotic degradation corrected										
CC(C)NCC(COC1=CC=C(C=C1)CC(=O)N)O	https://envipath.org/package/521c547a-fd2a-491c-ad5b-7eaa1577fb65/pathway/7499fe74-7eab-4eee-8264-d36323c80ede/node/d19d5936-a9b9-4c52-995f-d75f997966bc	https://envipath.org/package/521c547a-fd2a-491c-ad5b-7eaa1577fb65/scenario/2c790c9d-5d22-4431-ac8d-66aa7e6c492a	https://doi.org/10.1016/j.chroma.2008.09.060	https://envipath.org/package/521c547a-fd2a-491c-ad5b-7eaa1577fb65/pathway/7499fe74-7eab-4eee-8264-d36323c80ede		aerob	{'end': 6.3, 'start': 5.1}	Rubi (Barcelona), Spain	amber glass bottle	sludge from a lab scale membrane bioreactor	bubbling air	sludge retention time	1000.0	20.0	50.0																	
CC(C)NCC(COC1=CC=C(C=C1)CC(=O)N)O	https://envipath.org/package/521c547a-fd2a-491c-ad5b-7eaa1577fb65/pathway/7499fe74-7eab-4eee-8264-d36323c80ede/node/d19d5936-a9b9-4c52-995f-d75f997966bc	https://envipath.org/package/521c547a-fd2a-491c-ad5b-7eaa1577fb65/scenario/f175df74-0612-41d2-bd6e-642f2a1fa85c	no description	https://envipath.org/package/521c547a-fd2a-491c-ad5b-7eaa1577fb65/pathway/7499fe74-7eab-4eee-8264-d36323c80ede																		sorption corrected & abiotic degradation corrected										
CC(C)NCC(COC1=CC=C(C=C1)CC(=O)N)O	https://envipath.org/package/521c547a-fd2a-491c-ad5b-7eaa1577fb65/pathway/7499fe74-7eab-4eee-8264-d36323c80ede/node/d19d5936-a9b9-4c52-995f-d75f997966bc	https://envipath.org/package/521c547a-fd2a-491c-ad5b-7eaa1577fb65/scenario/5a8ee182-7b84-4d58-9ffc-5918b40dab76	no description	https://envipath.org/package/521c547a-fd2a-491c-ad5b-7eaa1577fb65/pathway/7499fe74-7eab-4eee-8264-d36323c80ede																		sorption corrected & abiotic degradation corrected										
CC(C)NCC(COC1=CC=C(C=C1)CC(=O)N)O	https://envipath.org/package/521c547a-fd2a-491c-ad5b-7eaa1577fb65/pathway/7499fe74-7eab-4eee-8264-d36323c80ede/node/d19d5936-a9b9-4c52-995f-d75f997966bc	https://envipath.org/package/521c547a-fd2a-491c-ad5b-7eaa1577fb65/scenario/8b3cde82-12f8-46d3-b937-307a1da5d8a1	no description	https://envipath.org/package/521c547a-fd2a-491c-ad5b-7eaa1577fb65/pathway/7499fe74-7eab-4eee-8264-d36323c80ede		aerob	{'end': 6.3, 'start': 5.1}	Rubi (Barcelona), Spain	amber glass bottle	conventional activated sludge from the aeration basin of a WWTP	bubbling air	sludge retention time	1000.0	4.0	10000.0																	
CC(C)NCC(COC1=CC=C(C=C1)CC(=O)N)O	https://envipath.org/package/521c547a-fd2a-491c-ad5b-7eaa1577fb65/pathway/7499fe74-7eab-4eee-8264-d36323c80ede/node/d19d5936-a9b9-4c52-995f-d75f997966bc	https://envipath.org/package/521c547a-fd2a-491c-ad5b-7eaa1577fb65/scenario/6f027787-51dc-49f1-8de5-3789076389b9	no description	https://envipath.org/package/521c547a-fd2a-491c-ad5b-7eaa1577fb65/pathway/7499fe74-7eab-4eee-8264-d36323c80ede																		sorption corrected & abiotic degradation corrected										
CC(C)C1=NC(=CC(=N1)C)O	https://envipath.org/package/521c547a-fd2a-491c-ad5b-7eaa1577fb65/pathway/96c1195d-ca82-4622-895a-182441c0d69f/node/95981272-71da-40f2-afbb-77d8cd3b6a6e	https://envipath.org/package/521c547a-fd2a-491c-ad5b-7eaa1577fb65/scenario/f3cbcab2-c581-4a4a-853d-7724deaaa107	DOI: 10.1021/es3019012	https://envipath.org/package/521c547a-fd2a-491c-ad5b-7eaa1577fb65/pathway/96c1195d-ca82-4622-895a-182441c0d69f		aerob	{'end': 8.1, 'start': 8.1}	Switzerland (IND5)	amber glass Schott bottles (loosely capped)	activated sludge from biological aeration basin	shaking	sludge retention time	70.0	9.6	100.0	plating	{'end': 20.0, 'start': 20.0}	industrial WW			none (sludge only)						3000.0	100.0	22.0			
CC(C)C1=NC(=CC(=N1)C)O	https://envipath.org/package/521c547a-fd2a-491c-ad5b-7eaa1577fb65/pathway/96c1195d-ca82-4622-895a-182441c0d69f/node/95981272-71da-40f2-afbb-77d8cd3b6a6e	https://envipath.org/package/521c547a-fd2a-491c-ad5b-7eaa1577fb65/scenario/6f3ab9e2-5bfb-4082-92b2-e46bfc6766eb	DOI: 10.1021/es3019012	https://envipath.org/package/521c547a-fd2a-491c-ad5b-7eaa1577fb65/pathway/96c1195d-ca82-4622-895a-182441c0d69f		aerob	{'end': 7.6, 'start': 7.6}	Switzerland (DOM1)	amber glass Schott bottles (loosely capped)	activated sludge from biological aeration basin	shaking	sludge retention time	70.0	3.0	100.0	plating	{'end': 20.0, 'start': 20.0}	municipal WW			none (sludge only)			nitrification			203.0	18.6	5.0			
CC(C)C1=NC(=CC(=N1)C)O	https://envipath.org/package/521c547a-fd2a-491c-ad5b-7eaa1577fb65/pathway/96c1195d-ca82-4622-895a-182441c0d69f/node/95981272-71da-40f2-afbb-77d8cd3b6a6e	https://envipath.org/package/521c547a-fd2a-491c-ad5b-7eaa1577fb65/scenario/bdb3ab2f-46d6-4a20-941b-fd893d2798c9	DOI: 10.1021/es3019012	https://envipath.org/package/521c547a-fd2a-491c-ad5b-7eaa1577fb65/pathway/96c1195d-ca82-4622-895a-182441c0d69f		aerob	{'end': 7.3, 'start': 7.3}	Switzerland (IND2)	amber glass Schott bottles (loosely capped)	activated sludge from biological aeration basin	shaking	sludge retention time	70.0	4.7	100.0	plating	{'end': 20.0, 'start': 20.0}	industrial WW			none (sludge only)			nitrification & denitrification			820.0	86.0	6.0			
CC(C)C1=NC(=CC(=N1)C)O	https://envipath.org/package/521c547a-fd2a-491c-ad5b-7eaa1577fb65/pathway/96c1195d-ca82-4622-895a-182441c0d69f/node/95981272-71da-40f2-afbb-77d8cd3b6a6e	https://envipath.org/package/521c547a-fd2a-491c-ad5b-7eaa1577fb65/scenario/be2d91cf-9c2f-4df3-8e2f-bb7fb8b6f5ca	DOI: 10.1021/es3019012	https://envipath.org/package/521c547a-fd2a-491c-ad5b-7eaa1577fb65/pathway/96c1195d-ca82-4622-895a-182441c0d69f		aerob	{'end': 8.1, 'start': 8.1}	Switzerland (DOM4)	amber glass Schott bottles (loosely capped)	activated sludge from biological aeration basin	shaking	sludge retention time	70.0	2.3	100.0	plating	{'end': 20.0, 'start': 20.0}	municipal WW			none (sludge only)						160.0	10.0	3.0			
CC(C)C1=NC(=CC(=N1)C)O	https://envipath.org/package/521c547a-fd2a-491c-ad5b-7eaa1577fb65/pathway/96c1195d-ca82-4622-895a-182441c0d69f/node/95981272-71da-40f2-afbb-77d8cd3b6a6e	https://envipath.org/package/521c547a-fd2a-491c-ad5b-7eaa1577fb65/scenario/75bdaff9-0a46-4e1e-90f8-92a40af17e48	DOI: 10.1021/es3019012	https://envipath.org/package/521c547a-fd2a-491c-ad5b-7eaa1577fb65/pathway/96c1195d-ca82-4622-895a-182441c0d69f		aerob	{'end': 7.5, 'start': 7.5}	Switzerland (DOM3)	amber glass Schott bottles (loosely capped)	activated sludge from biological aeration basin	shaking	sludge retention time	70.0	12.4	100.0	plating	{'end': 20.0, 'start': 20.0}	municipal WW			none (sludge only)			nitrification & denitrification			320.0	24.9	9.0			
CC(C)C1=NC(=CC(=N1)C)O	https://envipath.org/package/521c547a-fd2a-491c-ad5b-7eaa1577fb65/pathway/96c1195d-ca82-4622-895a-182441c0d69f/node/95981272-71da-40f2-afbb-77d8cd3b6a6e	https://envipath.org/package/521c547a-fd2a-491c-ad5b-7eaa1577fb65/scenario/1ce53c39-f91e-4dd8-b909-36b1400f6164	DOI: 10.1021/es3019012	https://envipath.org/package/521c547a-fd2a-491c-ad5b-7eaa1577fb65/pathway/96c1195d-ca82-4622-895a-182441c0d69f		aerob	{'end': 8.1, 'start': 8.1}	Switzerland (DOM5)	amber glass Schott bottles (loosely capped)	activated sludge from biological aeration basin	shaking	sludge retention time	70.0	2.2	100.0	plating	{'end': 20.0, 'start': 20.0}	municipal WW			none (sludge only)			nitrification & denitrification				26.2	5.0			
CC(C)C1=NC(=CC(=N1)C)O	https://envipath.org/package/521c547a-fd2a-491c-ad5b-7eaa1577fb65/pathway/96c1195d-ca82-4622-895a-182441c0d69f/node/95981272-71da-40f2-afbb-77d8cd3b6a6e	https://envipath.org/package/521c547a-fd2a-491c-ad5b-7eaa1577fb65/scenario/e482e11f-2d22-406e-93e4-2633e7b99212	DOI: 10.1021/es3019012	https://envipath.org/package/521c547a-fd2a-491c-ad5b-7eaa1577fb65/pathway/96c1195d-ca82-4622-895a-182441c0d69f		aerob	{'end': 7.6, 'start': 7.6}	Switzerland (DOM2)	amber glass Schott bottles (loosely capped)	activated sludge from biological aeration basin	shaking	sludge retention time	70.0	3.0	100.0	plating	{'end': 20.0, 'start': 20.0}	municipal WW			none (sludge only)						54.0	3.3	2.0			
CC(C)C1=NC(=CC(=N1)C)O	https://envipath.org/package/521c547a-fd2a-491c-ad5b-7eaa1577fb65/pathway/96c1195d-ca82-4622-895a-182441c0d69f/node/95981272-71da-40f2-afbb-77d8cd3b6a6e	https://envipath.org/package/521c547a-fd2a-491c-ad5b-7eaa1577fb65/scenario/dc5454bd-50a8-457b-90e1-9d39bb9b052a	DOI: 10.1021/es3019012	https://envipath.org/package/521c547a-fd2a-491c-ad5b-7eaa1577fb65/pathway/96c1195d-ca82-4622-895a-182441c0d69f		aerob	{'end': 7.0, 'start': 7.0}	Switzerland (IND4)	amber glass Schott bottles (loosely capped)	activated sludge from biological aeration basin	shaking	sludge retention time	70.0	6.0	100.0	plating	{'end': 20.0, 'start': 20.0}	industrial WW			none (sludge only)						650.0	86.2				
CC(C)C1=NC(=CC(=N1)C)O	https://envipath.org/package/521c547a-fd2a-491c-ad5b-7eaa1577fb65/pathway/96c1195d-ca82-4622-895a-182441c0d69f/node/95981272-71da-40f2-afbb-77d8cd3b6a6e	https://envipath.org/package/521c547a-fd2a-491c-ad5b-7eaa1577fb65/scenario/408239a6-4e06-4b21-875a-326d967412dd	DOI: 10.1021/es3019012	https://envipath.org/package/521c547a-fd2a-491c-ad5b-7eaa1577fb65/pathway/96c1195d-ca82-4622-895a-182441c0d69f		aerob	{'end': 6.2, 'start': 6.2}	Switzerland (IND3)	amber glass Schott bottles (loosely capped)	activated sludge from biological aeration basin	shaking	sludge retention time	70.0	6.9	100.0	plating	{'end': 20.0, 'start': 20.0}	industrial WW			none (sludge only)			other			1892.0					
CC(C)C1=NC(=CC(=N1)C)O	https://envipath.org/package/521c547a-fd2a-491c-ad5b-7eaa1577fb65/pathway/96c1195d-ca82-4622-895a-182441c0d69f/node/95981272-71da-40f2-afbb-77d8cd3b6a6e	https://envipath.org/package/521c547a-fd2a-491c-ad5b-7eaa1577fb65/scenario/20aab74e-ed9f-484d-b3b2-1d846aa49263	DOI: 10.1021/es3019012	https://envipath.org/package/521c547a-fd2a-491c-ad5b-7eaa1577fb65/pathway/96c1195d-ca82-4622-895a-182441c0d69f		aerob	{'end': 7.0, 'start': 7.0}	Switzerland (IND1)	amber glass Schott bottles (loosely capped)	activated sludge from biological aeration basin	shaking	sludge retention time	70.0	6.8	100.0	plating	{'end': 20.0, 'start': 20.0}	mixed WW (municipal & industrial)			none (sludge only)			nitrification & denitrification			500.0	23.0	3.0			
CCOP(=S)(OCC)OC1=CC(=NC(=N1)C(C)C)C	https://envipath.org/package/521c547a-fd2a-491c-ad5b-7eaa1577fb65/pathway/96c1195d-ca82-4622-895a-182441c0d69f/node/57f312f6-c0db-4f22-9b93-6c9587848208	https://envipath.org/package/521c547a-fd2a-491c-ad5b-7eaa1577fb65/scenario/ff381375-b931-4000-bee2-b6860d6ac802	no description	https://envipath.org/package/521c547a-fd2a-491c-ad5b-7eaa1577fb65/pathway/96c1195d-ca82-4622-895a-182441c0d69f																		sorption corrected & abiotic degradation corrected										
CCOP(=S)(OCC)OC1=CC(=NC(=N1)C(C)C)C	https://envipath.org/package/521c547a-fd2a-491c-ad5b-7eaa1577fb65/pathway/96c1195d-ca82-4622-895a-182441c0d69f/node/57f312f6-c0db-4f22-9b93-6c9587848208	https://envipath.org/package/521c547a-fd2a-491c-ad5b-7eaa1577fb65/scenario/6096a571-09c1-41c6-b273-fd403ab000a4	no description	https://envipath.org/package/521c547a-fd2a-491c-ad5b-7eaa1577fb65/pathway/96c1195d-ca82-4622-895a-182441c0d69f																		sorption corrected & abiotic degradation corrected										
CCOP(=S)(OCC)OC1=CC(=NC(=N1)C(C)C)C	https://envipath.org/package/521c547a-fd2a-491c-ad5b-7eaa1577fb65/pathway/96c1195d-ca82-4622-895a-182441c0d69f/node/57f312f6-c0db-4f22-9b93-6c9587848208	https://envipath.org/package/521c547a-fd2a-491c-ad5b-7eaa1577fb65/scenario/ab57b574-613c-40f7-a53e-ece7adc00078	no description	https://envipath.org/package/521c547a-fd2a-491c-ad5b-7eaa1577fb65/pathway/96c1195d-ca82-4622-895a-182441c0d69f																		sorption corrected & abiotic degradation corrected										
CCOP(=S)(OCC)OC1=CC(=NC(=N1)C(C)C)C	https://envipath.org/package/521c547a-fd2a-491c-ad5b-7eaa1577fb65/pathway/96c1195d-ca82-4622-895a-182441c0d69f/node/57f312f6-c0db-4f22-9b93-6c9587848208	https://envipath.org/package/521c547a-fd2a-491c-ad5b-7eaa1577fb65/scenario/ca0f31ed-4cb9-4ba8-a376-de825c8f7fce	no description	https://envipath.org/package/521c547a-fd2a-491c-ad5b-7eaa1577fb65/pathway/96c1195d-ca82-4622-895a-182441c0d69f																		sorption corrected & abiotic degradation corrected										
CCOP(=S)(OCC)OC1=CC(=NC(=N1)C(C)C)C	https://envipath.org/package/521c547a-fd2a-491c-ad5b-7eaa1577fb65/pathway/96c1195d-ca82-4622-895a-182441c0d69f/node/57f312f6-c0db-4f22-9b93-6c9587848208	https://envipath.org/package/521c547a-fd2a-491c-ad5b-7eaa1577fb65/scenario/4ac7a64d-25d0-4d60-818a-9a99e497da43	no description	https://envipath.org/package/521c547a-fd2a-491c-ad5b-7eaa1577fb65/pathway/96c1195d-ca82-4622-895a-182441c0d69f																		sorption corrected & abiotic degradation corrected										
CCOP(=S)(OCC)OC1=CC(=NC(=N1)C(C)C)C	https://envipath.org/package/521c547a-fd2a-491c-ad5b-7eaa1577fb65/pathway/96c1195d-ca82-4622-895a-182441c0d69f/node/57f312f6-c0db-4f22-9b93-6c9587848208	https://envipath.org/package/521c547a-fd2a-491c-ad5b-7eaa1577fb65/scenario/05dadcf9-be3e-4383-b7a3-b3ae7faf9f80	no description	https://envipath.org/package/521c547a-fd2a-491c-ad5b-7eaa1577fb65/pathway/96c1195d-ca82-4622-895a-182441c0d69f																		sorption corrected & abiotic degradation corrected										
CCOP(=S)(OCC)OC1=CC(=NC(=N1)C(C)C)C	https://envipath.org/package/521c547a-fd2a-491c-ad5b-7eaa1577fb65/pathway/96c1195d-ca82-4622-895a-182441c0d69f/node/57f312f6-c0db-4f22-9b93-6c9587848208	https://envipath.org/package/521c547a-fd2a-491c-ad5b-7eaa1577fb65/scenario/7199472b-9e2c-41e1-afeb-03291ef77e91	no description	https://envipath.org/package/521c547a-fd2a-491c-ad5b-7eaa1577fb65/pathway/96c1195d-ca82-4622-895a-182441c0d69f																		sorption corrected & abiotic degradation corrected										
CCOP(=S)(OCC)OC1=CC(=NC(=N1)C(C)C)C	https://envipath.org/package/521c547a-fd2a-491c-ad5b-7eaa1577fb65/pathway/96c1195d-ca82-4622-895a-182441c0d69f/node/57f312f6-c0db-4f22-9b93-6c9587848208	https://envipath.org/package/521c547a-fd2a-491c-ad5b-7eaa1577fb65/scenario/10b76c19-a43a-4139-8afd-a6f72125f1b8	no description	https://envipath.org/package/521c547a-fd2a-491c-ad5b-7eaa1577fb65/pathway/96c1195d-ca82-4622-895a-182441c0d69f																		sorption corrected & abiotic degradation corrected										
CCOP(=S)(OCC)OC1=CC(=NC(=N1)C(C)C)C	https://envipath.org/package/521c547a-fd2a-491c-ad5b-7eaa1577fb65/pathway/96c1195d-ca82-4622-895a-182441c0d69f/node/57f312f6-c0db-4f22-9b93-6c9587848208	https://envipath.org/package/521c547a-fd2a-491c-ad5b-7eaa1577fb65/scenario/13993c85-f23a-4830-8dc6-5224824749d9	no description	https://envipath.org/package/521c547a-fd2a-491c-ad5b-7eaa1577fb65/pathway/96c1195d-ca82-4622-895a-182441c0d69f																		sorption corrected & abiotic degradation corrected										
CCOP(=S)(OCC)OC1=CC(=NC(=N1)C(C)C)C	https://envipath.org/package/521c547a-fd2a-491c-ad5b-7eaa1577fb65/pathway/96c1195d-ca82-4622-895a-182441c0d69f/node/57f312f6-c0db-4f22-9b93-6c9587848208	https://envipath.org/package/521c547a-fd2a-491c-ad5b-7eaa1577fb65/scenario/ea0e902e-7852-4fb6-9b1a-5a4930f23a7e	no description	https://envipath.org/package/521c547a-fd2a-491c-ad5b-7eaa1577fb65/pathway/96c1195d-ca82-4622-895a-182441c0d69f																		sorption corrected & abiotic degradation corrected										
CC(C)N(C1=CC=CC=C1)C(=O)C=O	https://envipath.org/package/521c547a-fd2a-491c-ad5b-7eaa1577fb65/pathway/b7b11eaf-1310-4d9c-902d-739dd98a8692/node/59470186-fef9-4039-98d6-a80371b9f307	https://envipath.org/package/521c547a-fd2a-491c-ad5b-7eaa1577fb65/scenario/3d17d756-b95e-4e84-aa55-dcd6f13e1a48	DOI: 10.1021/es100970m	https://envipath.org/package/521c547a-fd2a-491c-ad5b-7eaa1577fb65/pathway/b7b11eaf-1310-4d9c-902d-739dd98a8692		aerob	{'end': 6.2, 'start': 6.2}	pilot scale WWTP (membrane Bioreactor) Duebendorf, Switzerland	amber glass bottle		shaking	sludge age	49.95	3.0	100.0	spiking in solvent	{'end': 20.0, 'start': 20.0}	mixed WW (municipal & industrial)		7.9												
CC(C)N(C1=CC=CC=C1)C(=O)C=O	https://envipath.org/package/521c547a-fd2a-491c-ad5b-7eaa1577fb65/pathway/b7b11eaf-1310-4d9c-902d-739dd98a8692/node/59470186-fef9-4039-98d6-a80371b9f307	https://envipath.org/package/521c547a-fd2a-491c-ad5b-7eaa1577fb65/scenario/ed79280d-e48b-46ad-8161-b4dd06773e45	DOI: 10.1021/es101035b	https://envipath.org/package/521c547a-fd2a-491c-ad5b-7eaa1577fb65/pathway/b7b11eaf-1310-4d9c-902d-739dd98a8692		aerob	{'end': 6.2, 'start': 6.2}	Duebendorf, Switzerland	amber glass		shaking		49.95	3.0	100.0	spiking in solvent	{'end': 20.0, 'start': 20.0}	mixed WW (municipal & industrial)			nanofiltered ps-MBR effluent											
CC(C)N(C1=CC=CC=C1)C(=O)C(=O)O	https://envipath.org/package/521c547a-fd2a-491c-ad5b-7eaa1577fb65/pathway/b7b11eaf-1310-4d9c-902d-739dd98a8692/node/ffb51d5c-742d-4edb-809e-19c80d52dc32	https://envipath.org/package/521c547a-fd2a-491c-ad5b-7eaa1577fb65/scenario/f3cbcab2-c581-4a4a-853d-7724deaaa107	DOI: 10.1021/es3019012	https://envipath.org/package/521c547a-fd2a-491c-ad5b-7eaa1577fb65/pathway/b7b11eaf-1310-4d9c-902d-739dd98a8692		aerob	{'end': 8.1, 'start': 8.1}	Switzerland (IND5)	amber glass Schott bottles (loosely capped)	activated sludge from biological aeration basin	shaking	sludge retention time	70.0	9.6	100.0	plating	{'end': 20.0, 'start': 20.0}	industrial WW			none (sludge only)						3000.0	100.0	22.0			
CC(C)N(C1=CC=CC=C1)C(=O)C(=O)O	https://envipath.org/package/521c547a-fd2a-491c-ad5b-7eaa1577fb65/pathway/b7b11eaf-1310-4d9c-902d-739dd98a8692/node/ffb51d5c-742d-4edb-809e-19c80d52dc32	https://envipath.org/package/521c547a-fd2a-491c-ad5b-7eaa1577fb65/scenario/6f3ab9e2-5bfb-4082-92b2-e46bfc6766eb	DOI: 10.1021/es3019012	https://envipath.org/package/521c547a-fd2a-491c-ad5b-7eaa1577fb65/pathway/b7b11eaf-1310-4d9c-902d-739dd98a8692		aerob	{'end': 7.6, 'start': 7.6}	Switzerland (DOM1)	amber glass Schott bottles (loosely capped)	activated sludge from biological aeration basin	shaking	sludge retention time	70.0	3.0	100.0	plating	{'end': 20.0, 'start': 20.0}	municipal WW			none (sludge only)			nitrification			203.0	18.6	5.0			
CC(C)N(C1=CC=CC=C1)C(=O)C(=O)O	https://envipath.org/package/521c547a-fd2a-491c-ad5b-7eaa1577fb65/pathway/b7b11eaf-1310-4d9c-902d-739dd98a8692/node/ffb51d5c-742d-4edb-809e-19c80d52dc32	https://envipath.org/package/521c547a-fd2a-491c-ad5b-7eaa1577fb65/scenario/bdb3ab2f-46d6-4a20-941b-fd893d2798c9	DOI: 10.1021/es3019012	https://envipath.org/package/521c547a-fd2a-491c-ad5b-7eaa1577fb65/pathway/b7b11eaf-1310-4d9c-902d-739dd98a8692		aerob	{'end': 7.3, 'start': 7.3}	Switzerland (IND2)	amber glass Schott bottles (loosely capped)	activated sludge from biological aeration basin	shaking	sludge retention time	70.0	4.7	100.0	plating	{'end': 20.0, 'start': 20.0}	industrial WW			none (sludge only)			nitrification & denitrification			820.0	86.0	6.0			
CC(C)N(C1=CC=CC=C1)C(=O)C(=O)O	https://envipath.org/package/521c547a-fd2a-491c-ad5b-7eaa1577fb65/pathway/b7b11eaf-1310-4d9c-902d-739dd98a8692/node/ffb51d5c-742d-4edb-809e-19c80d52dc32	https://envipath.org/package/521c547a-fd2a-491c-ad5b-7eaa1577fb65/scenario/be2d91cf-9c2f-4df3-8e2f-bb7fb8b6f5ca	DOI: 10.1021/es3019012	https://envipath.org/package/521c547a-fd2a-491c-ad5b-7eaa1577fb65/pathway/b7b11eaf-1310-4d9c-902d-739dd98a8692		aerob	{'end': 8.1, 'start': 8.1}	Switzerland (DOM4)	amber glass Schott bottles (loosely capped)	activated sludge from biological aeration basin	shaking	sludge retention time	70.0	2.3	100.0	plating	{'end': 20.0, 'start': 20.0}	municipal WW			none (sludge only)						160.0	10.0	3.0			
CC(C)N(C1=CC=CC=C1)C(=O)C(=O)O	https://envipath.org/package/521c547a-fd2a-491c-ad5b-7eaa1577fb65/pathway/b7b11eaf-1310-4d9c-902d-739dd98a8692/node/ffb51d5c-742d-4edb-809e-19c80d52dc32	https://envipath.org/package/521c547a-fd2a-491c-ad5b-7eaa1577fb65/scenario/3d17d756-b95e-4e84-aa55-dcd6f13e1a48	DOI: 10.1021/es100970m	https://envipath.org/package/521c547a-fd2a-491c-ad5b-7eaa1577fb65/pathway/b7b11eaf-1310-4d9c-902d-739dd98a8692		aerob	{'end': 6.2, 'start': 6.2}	pilot scale WWTP (membrane Bioreactor) Duebendorf, Switzerland	amber glass bottle		shaking	sludge age	49.95	3.0	100.0	spiking in solvent	{'end': 20.0, 'start': 20.0}	mixed WW (municipal & industrial)		7.9												
CC(C)N(C1=CC=CC=C1)C(=O)C(=O)O	https://envipath.org/package/521c547a-fd2a-491c-ad5b-7eaa1577fb65/pathway/b7b11eaf-1310-4d9c-902d-739dd98a8692/node/ffb51d5c-742d-4edb-809e-19c80d52dc32	https://envipath.org/package/521c547a-fd2a-491c-ad5b-7eaa1577fb65/scenario/ed79280d-e48b-46ad-8161-b4dd06773e45	DOI: 10.1021/es101035b	https://envipath.org/package/521c547a-fd2a-491c-ad5b-7eaa1577fb65/pathway/b7b11eaf-1310-4d9c-902d-739dd98a8692		aerob	{'end': 6.2, 'start': 6.2}	Duebendorf, Switzerland	amber glass		shaking		49.95	3.0	100.0	spiking in solvent	{'end': 20.0, 'start': 20.0}	mixed WW (municipal & industrial)			nanofiltered ps-MBR effluent											
CC(C)N(C1=CC=CC=C1)C(=O)C(=O)O	https://envipath.org/package/521c547a-fd2a-491c-ad5b-7eaa1577fb65/pathway/b7b11eaf-1310-4d9c-902d-739dd98a8692/node/ffb51d5c-742d-4edb-809e-19c80d52dc32	https://envipath.org/package/521c547a-fd2a-491c-ad5b-7eaa1577fb65/scenario/75bdaff9-0a46-4e1e-90f8-92a40af17e48	DOI: 10.1021/es3019012	https://envipath.org/package/521c547a-fd2a-491c-ad5b-7eaa1577fb65/pathway/b7b11eaf-1310-4d9c-902d-739dd98a8692		aerob	{'end': 7.5, 'start': 7.5}	Switzerland (DOM3)	amber glass Schott bottles (loosely capped)	activated sludge from biological aeration basin	shaking	sludge retention time	70.0	12.4	100.0	plating	{'end': 20.0, 'start': 20.0}	municipal WW			none (sludge only)			nitrification & denitrification			320.0	24.9	9.0			
CC(C)N(C1=CC=CC=C1)C(=O)C(=O)O	https://envipath.org/package/521c547a-fd2a-491c-ad5b-7eaa1577fb65/pathway/b7b11eaf-1310-4d9c-902d-739dd98a8692/node/ffb51d5c-742d-4edb-809e-19c80d52dc32	https://envipath.org/package/521c547a-fd2a-491c-ad5b-7eaa1577fb65/scenario/1ce53c39-f91e-4dd8-b909-36b1400f6164	DOI: 10.1021/es3019012	https://envipath.org/package/521c547a-fd2a-491c-ad5b-7eaa1577fb65/pathway/b7b11eaf-1310-4d9c-902d-739dd98a8692		aerob	{'end': 8.1, 'start': 8.1}	Switzerland (DOM5)	amber glass Schott bottles (loosely capped)	activated sludge from biological aeration basin	shaking	sludge retention time	70.0	2.2	100.0	plating	{'end': 20.0, 'start': 20.0}	municipal WW			none (sludge only)			nitrification & denitrification				26.2	5.0			
CC(C)N(C1=CC=CC=C1)C(=O)C(=O)O	https://envipath.org/package/521c547a-fd2a-491c-ad5b-7eaa1577fb65/pathway/b7b11eaf-1310-4d9c-902d-739dd98a8692/node/ffb51d5c-742d-4edb-809e-19c80d52dc32	https://envipath.org/package/521c547a-fd2a-491c-ad5b-7eaa1577fb65/scenario/e482e11f-2d22-406e-93e4-2633e7b99212	DOI: 10.1021/es3019012	https://envipath.org/package/521c547a-fd2a-491c-ad5b-7eaa1577fb65/pathway/b7b11eaf-1310-4d9c-902d-739dd98a8692		aerob	{'end': 7.6, 'start': 7.6}	Switzerland (DOM2)	amber glass Schott bottles (loosely capped)	activated sludge from biological aeration basin	shaking	sludge retention time	70.0	3.0	100.0	plating	{'end': 20.0, 'start': 20.0}	municipal WW			none (sludge only)						54.0	3.3	2.0			
CC(C)N(C1=CC=CC=C1)C(=O)C(=O)O	https://envipath.org/package/521c547a-fd2a-491c-ad5b-7eaa1577fb65/pathway/b7b11eaf-1310-4d9c-902d-739dd98a8692/node/ffb51d5c-742d-4edb-809e-19c80d52dc32	https://envipath.org/package/521c547a-fd2a-491c-ad5b-7eaa1577fb65/scenario/dc5454bd-50a8-457b-90e1-9d39bb9b052a	DOI: 10.1021/es3019012	https://envipath.org/package/521c547a-fd2a-491c-ad5b-7eaa1577fb65/pathway/b7b11eaf-1310-4d9c-902d-739dd98a8692		aerob	{'end': 7.0, 'start': 7.0}	Switzerland (IND4)	amber glass Schott bottles (loosely capped)	activated sludge from biological aeration basin	shaking	sludge retention time	70.0	6.0	100.0	plating	{'end': 20.0, 'start': 20.0}	industrial WW			none (sludge only)						650.0	86.2				
CC(C)N(C1=CC=CC=C1)C(=O)C(=O)O	https://envipath.org/package/521c547a-fd2a-491c-ad5b-7eaa1577fb65/pathway/b7b11eaf-1310-4d9c-902d-739dd98a8692/node/ffb51d5c-742d-4edb-809e-19c80d52dc32	https://envipath.org/package/521c547a-fd2a-491c-ad5b-7eaa1577fb65/scenario/408239a6-4e06-4b21-875a-326d967412dd	DOI: 10.1021/es3019012	https://envipath.org/package/521c547a-fd2a-491c-ad5b-7eaa1577fb65/pathway/b7b11eaf-1310-4d9c-902d-739dd98a8692		aerob	{'end': 6.2, 'start': 6.2}	Switzerland (IND3)	amber glass Schott bottles (loosely capped)	activated sludge from biological aeration basin	shaking	sludge retention time	70.0	6.9	100.0	plating	{'end': 20.0, 'start': 20.0}	industrial WW			none (sludge only)			other			1892.0					
CC(C)N(C1=CC=CC=C1)C(=O)C(=O)O	https://envipath.org/package/521c547a-fd2a-491c-ad5b-7eaa1577fb65/pathway/b7b11eaf-1310-4d9c-902d-739dd98a8692/node/ffb51d5c-742d-4edb-809e-19c80d52dc32	https://envipath.org/package/521c547a-fd2a-491c-ad5b-7eaa1577fb65/scenario/20aab74e-ed9f-484d-b3b2-1d846aa49263	DOI: 10.1021/es3019012	https://envipath.org/package/521c547a-fd2a-491c-ad5b-7eaa1577fb65/pathway/b7b11eaf-1310-4d9c-902d-739dd98a8692		aerob	{'end': 7.0, 'start': 7.0}	Switzerland (IND1)	amber glass Schott bottles (loosely capped)	activated sludge from biological aeration basin	shaking	sludge retention time	70.0	6.8	100.0	plating	{'end': 20.0, 'start': 20.0}	mixed WW (municipal & industrial)			none (sludge only)			nitrification & denitrification			500.0	23.0	3.0			
CC(C)N(C(=O)C)C1=CC=CC=C1	https://envipath.org/package/521c547a-fd2a-491c-ad5b-7eaa1577fb65/pathway/b7b11eaf-1310-4d9c-902d-739dd98a8692/node/37ba2c5d-f96d-4ba1-aaae-d68647f6a806	https://envipath.org/package/521c547a-fd2a-491c-ad5b-7eaa1577fb65/scenario/3d17d756-b95e-4e84-aa55-dcd6f13e1a48	DOI: 10.1021/es100970m	https://envipath.org/package/521c547a-fd2a-491c-ad5b-7eaa1577fb65/pathway/b7b11eaf-1310-4d9c-902d-739dd98a8692		aerob	{'end': 6.2, 'start': 6.2}	pilot scale WWTP (membrane Bioreactor) Duebendorf, Switzerland	amber glass bottle		shaking	sludge age	49.95	3.0	100.0	spiking in solvent	{'end': 20.0, 'start': 20.0}	mixed WW (municipal & industrial)		7.9												
CC(C)N(C(=O)C)C1=CC=CC=C1	https://envipath.org/package/521c547a-fd2a-491c-ad5b-7eaa1577fb65/pathway/b7b11eaf-1310-4d9c-902d-739dd98a8692/node/37ba2c5d-f96d-4ba1-aaae-d68647f6a806	https://envipath.org/package/521c547a-fd2a-491c-ad5b-7eaa1577fb65/scenario/ed79280d-e48b-46ad-8161-b4dd06773e45	DOI: 10.1021/es101035b	https://envipath.org/package/521c547a-fd2a-491c-ad5b-7eaa1577fb65/pathway/b7b11eaf-1310-4d9c-902d-739dd98a8692		aerob	{'end': 6.2, 'start': 6.2}	Duebendorf, Switzerland	amber glass		shaking		49.95	3.0	100.0	spiking in solvent	{'end': 20.0, 'start': 20.0}	mixed WW (municipal & industrial)			nanofiltered ps-MBR effluent											
CC(C)N(C(=O)C)C1=CC=CC=C1	https://envipath.org/package/521c547a-fd2a-491c-ad5b-7eaa1577fb65/pathway/b7b11eaf-1310-4d9c-902d-739dd98a8692/node/37ba2c5d-f96d-4ba1-aaae-d68647f6a806	https://envipath.org/package/521c547a-fd2a-491c-ad5b-7eaa1577fb65/scenario/7ed70312-b5dd-45de-952c-7b8e6173f180	no description	https://envipath.org/package/521c547a-fd2a-491c-ad5b-7eaa1577fb65/pathway/b7b11eaf-1310-4d9c-902d-739dd98a8692	2																											
CC(C)N(C(=O)C)C1=CC=CC=C1	https://envipath.org/package/521c547a-fd2a-491c-ad5b-7eaa1577fb65/pathway/b7b11eaf-1310-4d9c-902d-739dd98a8692/node/37ba2c5d-f96d-4ba1-aaae-d68647f6a806	https://envipath.org/package/521c547a-fd2a-491c-ad5b-7eaa1577fb65/scenario/d73113d5-4cfb-4964-ba9f-ed8059fe1196	no description	https://envipath.org/package/521c547a-fd2a-491c-ad5b-7eaa1577fb65/pathway/b7b11eaf-1310-4d9c-902d-739dd98a8692	2																											
CC(C)N(C(=O)C)C1=CC=CC=C1	https://envipath.org/package/521c547a-fd2a-491c-ad5b-7eaa1577fb65/pathway/b7b11eaf-1310-4d9c-902d-739dd98a8692/node/37ba2c5d-f96d-4ba1-aaae-d68647f6a806	https://envipath.org/package/521c547a-fd2a-491c-ad5b-7eaa1577fb65/scenario/7b0c0e4e-4ea1-4092-b1af-b93a4f0aaf7f	no description	https://envipath.org/package/521c547a-fd2a-491c-ad5b-7eaa1577fb65/pathway/b7b11eaf-1310-4d9c-902d-739dd98a8692	2																											
CC(C)N(C1=CC=CC=C1)C(=O)CO	https://envipath.org/package/521c547a-fd2a-491c-ad5b-7eaa1577fb65/pathway/b7b11eaf-1310-4d9c-902d-739dd98a8692/node/84dc2537-13e6-4969-b231-a84a8fb712ac	https://envipath.org/package/521c547a-fd2a-491c-ad5b-7eaa1577fb65/scenario/2196a29e-e93c-406f-a333-10d866aced2c	no description	https://envipath.org/package/521c547a-fd2a-491c-ad5b-7eaa1577fb65/pathway/b7b11eaf-1310-4d9c-902d-739dd98a8692	2																											
CC(C)N(C1=CC=CC=C1)C(=O)CO	https://envipath.org/package/521c547a-fd2a-491c-ad5b-7eaa1577fb65/pathway/b7b11eaf-1310-4d9c-902d-739dd98a8692/node/84dc2537-13e6-4969-b231-a84a8fb712ac	https://envipath.org/package/521c547a-fd2a-491c-ad5b-7eaa1577fb65/scenario/0ea5e575-eb59-4658-99b2-76870e30a6c9	no description	https://envipath.org/package/521c547a-fd2a-491c-ad5b-7eaa1577fb65/pathway/b7b11eaf-1310-4d9c-902d-739dd98a8692	2																											
CC(C)N(C1=CC=CC=C1)C(=O)CO	https://envipath.org/package/521c547a-fd2a-491c-ad5b-7eaa1577fb65/pathway/b7b11eaf-1310-4d9c-902d-739dd98a8692/node/84dc2537-13e6-4969-b231-a84a8fb712ac	https://envipath.org/package/521c547a-fd2a-491c-ad5b-7eaa1577fb65/scenario/3d17d756-b95e-4e84-aa55-dcd6f13e1a48	DOI: 10.1021/es100970m	https://envipath.org/package/521c547a-fd2a-491c-ad5b-7eaa1577fb65/pathway/b7b11eaf-1310-4d9c-902d-739dd98a8692		aerob	{'end': 6.2, 'start': 6.2}	pilot scale WWTP (membrane Bioreactor) Duebendorf, Switzerland	amber glass bottle		shaking	sludge age	49.95	3.0	100.0	spiking in solvent	{'end': 20.0, 'start': 20.0}	mixed WW (municipal & industrial)		7.9												
CC(C)N(C1=CC=CC=C1)C(=O)CO	https://envipath.org/package/521c547a-fd2a-491c-ad5b-7eaa1577fb65/pathway/b7b11eaf-1310-4d9c-902d-739dd98a8692/node/84dc2537-13e6-4969-b231-a84a8fb712ac	https://envipath.org/package/521c547a-fd2a-491c-ad5b-7eaa1577fb65/scenario/ed79280d-e48b-46ad-8161-b4dd06773e45	DOI: 10.1021/es101035b	https://envipath.org/package/521c547a-fd2a-491c-ad5b-7eaa1577fb65/pathway/b7b11eaf-1310-4d9c-902d-739dd98a8692		aerob	{'end': 6.2, 'start': 6.2}	Duebendorf, Switzerland	amber glass		shaking		49.95	3.0	100.0	spiking in solvent	{'end': 20.0, 'start': 20.0}	mixed WW (municipal & industrial)			nanofiltered ps-MBR effluent											
CC(C)N(C1=CC=CC=C1)C(=O)CO	https://envipath.org/package/521c547a-fd2a-491c-ad5b-7eaa1577fb65/pathway/b7b11eaf-1310-4d9c-902d-739dd98a8692/node/84dc2537-13e6-4969-b231-a84a8fb712ac	https://envipath.org/package/521c547a-fd2a-491c-ad5b-7eaa1577fb65/scenario/74a12d77-b871-4dde-828f-acdb066dbb70	no description	https://envipath.org/package/521c547a-fd2a-491c-ad5b-7eaa1577fb65/pathway/b7b11eaf-1310-4d9c-902d-739dd98a8692	2																											
CC(C)N(C1=CC=CC=C1)C(=O)CCl	https://envipath.org/package/521c547a-fd2a-491c-ad5b-7eaa1577fb65/pathway/b7b11eaf-1310-4d9c-902d-739dd98a8692/node/d9ea8cef-951f-4ebb-a352-fb093a70aafd	https://envipath.org/package/521c547a-fd2a-491c-ad5b-7eaa1577fb65/scenario/ab2a842f-c331-4720-ab73-1dcc168af430	no description	https://envipath.org/package/521c547a-fd2a-491c-ad5b-7eaa1577fb65/pathway/b7b11eaf-1310-4d9c-902d-739dd98a8692																		sorption corrected & abiotic degradation corrected										
CC(C)N(C1=CC=CC=C1)C(=O)CCl	https://envipath.org/package/521c547a-fd2a-491c-ad5b-7eaa1577fb65/pathway/b7b11eaf-1310-4d9c-902d-739dd98a8692/node/d9ea8cef-951f-4ebb-a352-fb093a70aafd	https://envipath.org/package/521c547a-fd2a-491c-ad5b-7eaa1577fb65/scenario/7a7794f1-8f4a-47c3-bcf7-9d65861ec19d	no description	https://envipath.org/package/521c547a-fd2a-491c-ad5b-7eaa1577fb65/pathway/b7b11eaf-1310-4d9c-902d-739dd98a8692																		sorption corrected & abiotic degradation corrected										
CC(C)N(C1=CC=CC=C1)C(=O)CCl	https://envipath.org/package/521c547a-fd2a-491c-ad5b-7eaa1577fb65/pathway/b7b11eaf-1310-4d9c-902d-739dd98a8692/node/d9ea8cef-951f-4ebb-a352-fb093a70aafd	https://envipath.org/package/521c547a-fd2a-491c-ad5b-7eaa1577fb65/scenario/5da4b8bf-2e4c-40b6-84aa-0e38da4ca484	no description	https://envipath.org/package/521c547a-fd2a-491c-ad5b-7eaa1577fb65/pathway/b7b11eaf-1310-4d9c-902d-739dd98a8692	1																	sorption corrected & abiotic degradation corrected										
CC(C)N(C1=CC=CC=C1)C(=O)CCl	https://envipath.org/package/521c547a-fd2a-491c-ad5b-7eaa1577fb65/pathway/b7b11eaf-1310-4d9c-902d-739dd98a8692/node/d9ea8cef-951f-4ebb-a352-fb093a70aafd	https://envipath.org/package/521c547a-fd2a-491c-ad5b-7eaa1577fb65/scenario/48f122a8-00ac-415b-b5f9-7ac7220923f7	no description	https://envipath.org/package/521c547a-fd2a-491c-ad5b-7eaa1577fb65/pathway/b7b11eaf-1310-4d9c-902d-739dd98a8692																		sorption corrected & abiotic degradation corrected										
CC(C)N(C1=CC=CC=C1)C(=O)CCl	https://envipath.org/package/521c547a-fd2a-491c-ad5b-7eaa1577fb65/pathway/b7b11eaf-1310-4d9c-902d-739dd98a8692/node/d9ea8cef-951f-4ebb-a352-fb093a70aafd	https://envipath.org/package/521c547a-fd2a-491c-ad5b-7eaa1577fb65/scenario/c07279c2-c140-4299-b468-67e0375949c4	no description	https://envipath.org/package/521c547a-fd2a-491c-ad5b-7eaa1577fb65/pathway/b7b11eaf-1310-4d9c-902d-739dd98a8692	1																	sorption corrected & abiotic degradation corrected										
CC(C)N(C1=CC=CC=C1)C(=O)CCl	https://envipath.org/package/521c547a-fd2a-491c-ad5b-7eaa1577fb65/pathway/b7b11eaf-1310-4d9c-902d-739dd98a8692/node/d9ea8cef-951f-4ebb-a352-fb093a70aafd	https://envipath.org/package/521c547a-fd2a-491c-ad5b-7eaa1577fb65/scenario/2ec9f288-702c-40ed-be6d-607852958be1	no description	https://envipath.org/package/521c547a-fd2a-491c-ad5b-7eaa1577fb65/pathway/b7b11eaf-1310-4d9c-902d-739dd98a8692																		sorption corrected & abiotic degradation corrected										
CC(C)N(C1=CC=CC=C1)C(=O)CCl	https://envipath.org/package/521c547a-fd2a-491c-ad5b-7eaa1577fb65/pathway/b7b11eaf-1310-4d9c-902d-739dd98a8692/node/d9ea8cef-951f-4ebb-a352-fb093a70aafd	https://envipath.org/package/521c547a-fd2a-491c-ad5b-7eaa1577fb65/scenario/3d17d756-b95e-4e84-aa55-dcd6f13e1a48	DOI: 10.1021/es100970m	https://envipath.org/package/521c547a-fd2a-491c-ad5b-7eaa1577fb65/pathway/b7b11eaf-1310-4d9c-902d-739dd98a8692		aerob	{'end': 6.2, 'start': 6.2}	pilot scale WWTP (membrane Bioreactor) Duebendorf, Switzerland	amber glass bottle		shaking	sludge age	49.95	3.0	100.0	spiking in solvent	{'end': 20.0, 'start': 20.0}	mixed WW (municipal & industrial)		7.9												
CC(C)N(C1=CC=CC=C1)C(=O)CCl	https://envipath.org/package/521c547a-fd2a-491c-ad5b-7eaa1577fb65/pathway/b7b11eaf-1310-4d9c-902d-739dd98a8692/node/d9ea8cef-951f-4ebb-a352-fb093a70aafd	https://envipath.org/package/521c547a-fd2a-491c-ad5b-7eaa1577fb65/scenario/6f9b0d3f-59f6-4dc2-8a2b-532562ec5eda	no description	https://envipath.org/package/521c547a-fd2a-491c-ad5b-7eaa1577fb65/pathway/b7b11eaf-1310-4d9c-902d-739dd98a8692																		sorption corrected & abiotic degradation corrected										
CC(C)N(C1=CC=CC=C1)C(=O)CCl	https://envipath.org/package/521c547a-fd2a-491c-ad5b-7eaa1577fb65/pathway/b7b11eaf-1310-4d9c-902d-739dd98a8692/node/d9ea8cef-951f-4ebb-a352-fb093a70aafd	https://envipath.org/package/521c547a-fd2a-491c-ad5b-7eaa1577fb65/scenario/8dc9719f-4247-48d6-961f-64f1d493bf06	no description	https://envipath.org/package/521c547a-fd2a-491c-ad5b-7eaa1577fb65/pathway/b7b11eaf-1310-4d9c-902d-739dd98a8692																		sorption corrected & abiotic degradation corrected										
CC(C)N(C1=CC=CC=C1)C(=O)CCl	https://envipath.org/package/521c547a-fd2a-491c-ad5b-7eaa1577fb65/pathway/b7b11eaf-1310-4d9c-902d-739dd98a8692/node/d9ea8cef-951f-4ebb-a352-fb093a70aafd	https://envipath.org/package/521c547a-fd2a-491c-ad5b-7eaa1577fb65/scenario/e0ff7e52-a3dd-42dc-b25b-2d5ee597c64c	no description	https://envipath.org/package/521c547a-fd2a-491c-ad5b-7eaa1577fb65/pathway/b7b11eaf-1310-4d9c-902d-739dd98a8692	1																	sorption corrected & abiotic degradation corrected										
CC(C)N(C1=CC=CC=C1)C(=O)CCl	https://envipath.org/package/521c547a-fd2a-491c-ad5b-7eaa1577fb65/pathway/b7b11eaf-1310-4d9c-902d-739dd98a8692/node/d9ea8cef-951f-4ebb-a352-fb093a70aafd	https://envipath.org/package/521c547a-fd2a-491c-ad5b-7eaa1577fb65/scenario/5fd3ce09-236e-4322-aaf1-45df7e972a59	no description	https://envipath.org/package/521c547a-fd2a-491c-ad5b-7eaa1577fb65/pathway/b7b11eaf-1310-4d9c-902d-739dd98a8692																		sorption corrected & abiotic degradation corrected										
CC(C)N(C1=CC=CC=C1)C(=O)CCl	https://envipath.org/package/521c547a-fd2a-491c-ad5b-7eaa1577fb65/pathway/b7b11eaf-1310-4d9c-902d-739dd98a8692/node/d9ea8cef-951f-4ebb-a352-fb093a70aafd	https://envipath.org/package/521c547a-fd2a-491c-ad5b-7eaa1577fb65/scenario/170bcd3b-2065-433f-91a9-0fcb51875c7d	no description	https://envipath.org/package/521c547a-fd2a-491c-ad5b-7eaa1577fb65/pathway/b7b11eaf-1310-4d9c-902d-739dd98a8692																		sorption corrected & abiotic degradation corrected										
CC(C)N(C1=CC=CC=C1)C(=O)CCl	https://envipath.org/package/521c547a-fd2a-491c-ad5b-7eaa1577fb65/pathway/b7b11eaf-1310-4d9c-902d-739dd98a8692/node/d9ea8cef-951f-4ebb-a352-fb093a70aafd	https://envipath.org/package/521c547a-fd2a-491c-ad5b-7eaa1577fb65/scenario/19ec0e41-85aa-4d0c-9a49-0cac13ee56e3	no description	https://envipath.org/package/521c547a-fd2a-491c-ad5b-7eaa1577fb65/pathway/b7b11eaf-1310-4d9c-902d-739dd98a8692																		sorption corrected & abiotic degradation corrected										
CC(C)N(C1=CC=CC=C1)C(=O)CCl	https://envipath.org/package/521c547a-fd2a-491c-ad5b-7eaa1577fb65/pathway/b7b11eaf-1310-4d9c-902d-739dd98a8692/node/d9ea8cef-951f-4ebb-a352-fb093a70aafd	https://envipath.org/package/521c547a-fd2a-491c-ad5b-7eaa1577fb65/scenario/0d073c5b-ca8f-432d-93b6-96a670ab3bce	no description	https://envipath.org/package/521c547a-fd2a-491c-ad5b-7eaa1577fb65/pathway/b7b11eaf-1310-4d9c-902d-739dd98a8692																		sorption corrected & abiotic degradation corrected										
CC(C)N(C1=CC=CC=C1)C(=O)CCl	https://envipath.org/package/521c547a-fd2a-491c-ad5b-7eaa1577fb65/pathway/b7b11eaf-1310-4d9c-902d-739dd98a8692/node/d9ea8cef-951f-4ebb-a352-fb093a70aafd	https://envipath.org/package/521c547a-fd2a-491c-ad5b-7eaa1577fb65/scenario/f1a47f5a-1433-4fd4-8b16-90b11cd4cef1	no description	https://envipath.org/package/521c547a-fd2a-491c-ad5b-7eaa1577fb65/pathway/b7b11eaf-1310-4d9c-902d-739dd98a8692																		sorption corrected & abiotic degradation corrected										
CC(C)N(C1=CC=CC=C1)C(=O)CS(=O)(=O)O	https://envipath.org/package/521c547a-fd2a-491c-ad5b-7eaa1577fb65/pathway/b7b11eaf-1310-4d9c-902d-739dd98a8692/node/9e636799-bcf3-4a12-8a92-4b7c5538ae01	https://envipath.org/package/521c547a-fd2a-491c-ad5b-7eaa1577fb65/scenario/f3cbcab2-c581-4a4a-853d-7724deaaa107	DOI: 10.1021/es3019012	https://envipath.org/package/521c547a-fd2a-491c-ad5b-7eaa1577fb65/pathway/b7b11eaf-1310-4d9c-902d-739dd98a8692		aerob	{'end': 8.1, 'start': 8.1}	Switzerland (IND5)	amber glass Schott bottles (loosely capped)	activated sludge from biological aeration basin	shaking	sludge retention time	70.0	9.6	100.0	plating	{'end': 20.0, 'start': 20.0}	industrial WW			none (sludge only)						3000.0	100.0	22.0			
CC(C)N(C1=CC=CC=C1)C(=O)CS(=O)(=O)O	https://envipath.org/package/521c547a-fd2a-491c-ad5b-7eaa1577fb65/pathway/b7b11eaf-1310-4d9c-902d-739dd98a8692/node/9e636799-bcf3-4a12-8a92-4b7c5538ae01	https://envipath.org/package/521c547a-fd2a-491c-ad5b-7eaa1577fb65/scenario/6f3ab9e2-5bfb-4082-92b2-e46bfc6766eb	DOI: 10.1021/es3019012	https://envipath.org/package/521c547a-fd2a-491c-ad5b-7eaa1577fb65/pathway/b7b11eaf-1310-4d9c-902d-739dd98a8692		aerob	{'end': 7.6, 'start': 7.6}	Switzerland (DOM1)	amber glass Schott bottles (loosely capped)	activated sludge from biological aeration basin	shaking	sludge retention time	70.0	3.0	100.0	plating	{'end': 20.0, 'start': 20.0}	municipal WW			none (sludge only)			nitrification			203.0	18.6	5.0			
CC(C)N(C1=CC=CC=C1)C(=O)CS(=O)(=O)O	https://envipath.org/package/521c547a-fd2a-491c-ad5b-7eaa1577fb65/pathway/b7b11eaf-1310-4d9c-902d-739dd98a8692/node/9e636799-bcf3-4a12-8a92-4b7c5538ae01	https://envipath.org/package/521c547a-fd2a-491c-ad5b-7eaa1577fb65/scenario/bdb3ab2f-46d6-4a20-941b-fd893d2798c9	DOI: 10.1021/es3019012	https://envipath.org/package/521c547a-fd2a-491c-ad5b-7eaa1577fb65/pathway/b7b11eaf-1310-4d9c-902d-739dd98a8692		aerob	{'end': 7.3, 'start': 7.3}	Switzerland (IND2)	amber glass Schott bottles (loosely capped)	activated sludge from biological aeration basin	shaking	sludge retention time	70.0	4.7	100.0	plating	{'end': 20.0, 'start': 20.0}	industrial WW			none (sludge only)			nitrification & denitrification			820.0	86.0	6.0			
CC(C)N(C1=CC=CC=C1)C(=O)CS(=O)(=O)O	https://envipath.org/package/521c547a-fd2a-491c-ad5b-7eaa1577fb65/pathway/b7b11eaf-1310-4d9c-902d-739dd98a8692/node/9e636799-bcf3-4a12-8a92-4b7c5538ae01	https://envipath.org/package/521c547a-fd2a-491c-ad5b-7eaa1577fb65/scenario/be2d91cf-9c2f-4df3-8e2f-bb7fb8b6f5ca	DOI: 10.1021/es3019012	https://envipath.org/package/521c547a-fd2a-491c-ad5b-7eaa1577fb65/pathway/b7b11eaf-1310-4d9c-902d-739dd98a8692		aerob	{'end': 8.1, 'start': 8.1}	Switzerland (DOM4)	amber glass Schott bottles (loosely capped)	activated sludge from biological aeration basin	shaking	sludge retention time	70.0	2.3	100.0	plating	{'end': 20.0, 'start': 20.0}	municipal WW			none (sludge only)						160.0	10.0	3.0			
CC(C)N(C1=CC=CC=C1)C(=O)CS(=O)(=O)O	https://envipath.org/package/521c547a-fd2a-491c-ad5b-7eaa1577fb65/pathway/b7b11eaf-1310-4d9c-902d-739dd98a8692/node/9e636799-bcf3-4a12-8a92-4b7c5538ae01	https://envipath.org/package/521c547a-fd2a-491c-ad5b-7eaa1577fb65/scenario/3d17d756-b95e-4e84-aa55-dcd6f13e1a48	DOI: 10.1021/es100970m	https://envipath.org/package/521c547a-fd2a-491c-ad5b-7eaa1577fb65/pathway/b7b11eaf-1310-4d9c-902d-739dd98a8692		aerob	{'end': 6.2, 'start': 6.2}	pilot scale WWTP (membrane Bioreactor) Duebendorf, Switzerland	amber glass bottle		shaking	sludge age	49.95	3.0	100.0	spiking in solvent	{'end': 20.0, 'start': 20.0}	mixed WW (municipal & industrial)		7.9												
CC(C)N(C1=CC=CC=C1)C(=O)CS(=O)(=O)O	https://envipath.org/package/521c547a-fd2a-491c-ad5b-7eaa1577fb65/pathway/b7b11eaf-1310-4d9c-902d-739dd98a8692/node/9e636799-bcf3-4a12-8a92-4b7c5538ae01	https://envipath.org/package/521c547a-fd2a-491c-ad5b-7eaa1577fb65/scenario/ed79280d-e48b-46ad-8161-b4dd06773e45	DOI: 10.1021/es101035b	https://envipath.org/package/521c547a-fd2a-491c-ad5b-7eaa1577fb65/pathway/b7b11eaf-1310-4d9c-902d-739dd98a8692		aerob	{'end': 6.2, 'start': 6.2}	Duebendorf, Switzerland	amber glass		shaking		49.95	3.0	100.0	spiking in solvent	{'end': 20.0, 'start': 20.0}	mixed WW (municipal & industrial)			nanofiltered ps-MBR effluent											
CC(C)N(C1=CC=CC=C1)C(=O)CS(=O)(=O)O	https://envipath.org/package/521c547a-fd2a-491c-ad5b-7eaa1577fb65/pathway/b7b11eaf-1310-4d9c-902d-739dd98a8692/node/9e636799-bcf3-4a12-8a92-4b7c5538ae01	https://envipath.org/package/521c547a-fd2a-491c-ad5b-7eaa1577fb65/scenario/75bdaff9-0a46-4e1e-90f8-92a40af17e48	DOI: 10.1021/es3019012	https://envipath.org/package/521c547a-fd2a-491c-ad5b-7eaa1577fb65/pathway/b7b11eaf-1310-4d9c-902d-739dd98a8692		aerob	{'end': 7.5, 'start': 7.5}	Switzerland (DOM3)	amber glass Schott bottles (loosely capped)	activated sludge from biological aeration basin	shaking	sludge retention time	70.0	12.4	100.0	plating	{'end': 20.0, 'start': 20.0}	municipal WW			none (sludge only)			nitrification & denitrification			320.0	24.9	9.0			
CC(C)N(C1=CC=CC=C1)C(=O)CS(=O)(=O)O	https://envipath.org/package/521c547a-fd2a-491c-ad5b-7eaa1577fb65/pathway/b7b11eaf-1310-4d9c-902d-739dd98a8692/node/9e636799-bcf3-4a12-8a92-4b7c5538ae01	https://envipath.org/package/521c547a-fd2a-491c-ad5b-7eaa1577fb65/scenario/1ce53c39-f91e-4dd8-b909-36b1400f6164	DOI: 10.1021/es3019012	https://envipath.org/package/521c547a-fd2a-491c-ad5b-7eaa1577fb65/pathway/b7b11eaf-1310-4d9c-902d-739dd98a8692		aerob	{'end': 8.1, 'start': 8.1}	Switzerland (DOM5)	amber glass Schott bottles (loosely capped)	activated sludge from biological aeration basin	shaking	sludge retention time	70.0	2.2	100.0	plating	{'end': 20.0, 'start': 20.0}	municipal WW			none (sludge only)			nitrification & denitrification				26.2	5.0			
CC(C)N(C1=CC=CC=C1)C(=O)CS(=O)(=O)O	https://envipath.org/package/521c547a-fd2a-491c-ad5b-7eaa1577fb65/pathway/b7b11eaf-1310-4d9c-902d-739dd98a8692/node/9e636799-bcf3-4a12-8a92-4b7c5538ae01	https://envipath.org/package/521c547a-fd2a-491c-ad5b-7eaa1577fb65/scenario/e482e11f-2d22-406e-93e4-2633e7b99212	DOI: 10.1021/es3019012	https://envipath.org/package/521c547a-fd2a-491c-ad5b-7eaa1577fb65/pathway/b7b11eaf-1310-4d9c-902d-739dd98a8692		aerob	{'end': 7.6, 'start': 7.6}	Switzerland (DOM2)	amber glass Schott bottles (loosely capped)	activated sludge from biological aeration basin	shaking	sludge retention time	70.0	3.0	100.0	plating	{'end': 20.0, 'start': 20.0}	municipal WW			none (sludge only)						54.0	3.3	2.0			
CC(C)N(C1=CC=CC=C1)C(=O)CS(=O)(=O)O	https://envipath.org/package/521c547a-fd2a-491c-ad5b-7eaa1577fb65/pathway/b7b11eaf-1310-4d9c-902d-739dd98a8692/node/9e636799-bcf3-4a12-8a92-4b7c5538ae01	https://envipath.org/package/521c547a-fd2a-491c-ad5b-7eaa1577fb65/scenario/dc5454bd-50a8-457b-90e1-9d39bb9b052a	DOI: 10.1021/es3019012	https://envipath.org/package/521c547a-fd2a-491c-ad5b-7eaa1577fb65/pathway/b7b11eaf-1310-4d9c-902d-739dd98a8692		aerob	{'end': 7.0, 'start': 7.0}	Switzerland (IND4)	amber glass Schott bottles (loosely capped)	activated sludge from biological aeration basin	shaking	sludge retention time	70.0	6.0	100.0	plating	{'end': 20.0, 'start': 20.0}	industrial WW			none (sludge only)						650.0	86.2				
CC(C)N(C1=CC=CC=C1)C(=O)CS(=O)(=O)O	https://envipath.org/package/521c547a-fd2a-491c-ad5b-7eaa1577fb65/pathway/b7b11eaf-1310-4d9c-902d-739dd98a8692/node/9e636799-bcf3-4a12-8a92-4b7c5538ae01	https://envipath.org/package/521c547a-fd2a-491c-ad5b-7eaa1577fb65/scenario/408239a6-4e06-4b21-875a-326d967412dd	DOI: 10.1021/es3019012	https://envipath.org/package/521c547a-fd2a-491c-ad5b-7eaa1577fb65/pathway/b7b11eaf-1310-4d9c-902d-739dd98a8692		aerob	{'end': 6.2, 'start': 6.2}	Switzerland (IND3)	amber glass Schott bottles (loosely capped)	activated sludge from biological aeration basin	shaking	sludge retention time	70.0	6.9	100.0	plating	{'end': 20.0, 'start': 20.0}	industrial WW			none (sludge only)			other			1892.0					
CC(C)N(C1=CC=CC=C1)C(=O)CS(=O)(=O)O	https://envipath.org/package/521c547a-fd2a-491c-ad5b-7eaa1577fb65/pathway/b7b11eaf-1310-4d9c-902d-739dd98a8692/node/9e636799-bcf3-4a12-8a92-4b7c5538ae01	https://envipath.org/package/521c547a-fd2a-491c-ad5b-7eaa1577fb65/scenario/20aab74e-ed9f-484d-b3b2-1d846aa49263	DOI: 10.1021/es3019012	https://envipath.org/package/521c547a-fd2a-491c-ad5b-7eaa1577fb65/pathway/b7b11eaf-1310-4d9c-902d-739dd98a8692		aerob	{'end': 7.0, 'start': 7.0}	Switzerland (IND1)	amber glass Schott bottles (loosely capped)	activated sludge from biological aeration basin	shaking	sludge retention time	70.0	6.8	100.0	plating	{'end': 20.0, 'start': 20.0}	mixed WW (municipal & industrial)			none (sludge only)			nitrification & denitrification			500.0	23.0	3.0			
CN/C(=C\[N+](=O)[O-])/NCCSCC1=CC=C(C[N+](C)(C)[O-])O1	https://envipath.org/package/521c547a-fd2a-491c-ad5b-7eaa1577fb65/pathway/f14f128c-1698-4fda-ac87-bc96ac523d8a/node/3ed72b0a-16a4-4282-8864-ac9de57b1b5e	https://envipath.org/package/521c547a-fd2a-491c-ad5b-7eaa1577fb65/scenario/f3cbcab2-c581-4a4a-853d-7724deaaa107	DOI: 10.1021/es3019012	https://envipath.org/package/521c547a-fd2a-491c-ad5b-7eaa1577fb65/pathway/f14f128c-1698-4fda-ac87-bc96ac523d8a		aerob	{'end': 8.1, 'start': 8.1}	Switzerland (IND5)	amber glass Schott bottles (loosely capped)	activated sludge from biological aeration basin	shaking	sludge retention time	70.0	9.6	100.0	plating	{'end': 20.0, 'start': 20.0}	industrial WW			none (sludge only)						3000.0	100.0	22.0			
CN/C(=C\[N+](=O)[O-])/NCCSCC1=CC=C(C[N+](C)(C)[O-])O1	https://envipath.org/package/521c547a-fd2a-491c-ad5b-7eaa1577fb65/pathway/f14f128c-1698-4fda-ac87-bc96ac523d8a/node/3ed72b0a-16a4-4282-8864-ac9de57b1b5e	https://envipath.org/package/521c547a-fd2a-491c-ad5b-7eaa1577fb65/scenario/6f3ab9e2-5bfb-4082-92b2-e46bfc6766eb	DOI: 10.1021/es3019012	https://envipath.org/package/521c547a-fd2a-491c-ad5b-7eaa1577fb65/pathway/f14f128c-1698-4fda-ac87-bc96ac523d8a		aerob	{'end': 7.6, 'start': 7.6}	Switzerland (DOM1)	amber glass Schott bottles (loosely capped)	activated sludge from biological aeration basin	shaking	sludge retention time	70.0	3.0	100.0	plating	{'end': 20.0, 'start': 20.0}	municipal WW			none (sludge only)			nitrification			203.0	18.6	5.0			
CN/C(=C\[N+](=O)[O-])/NCCSCC1=CC=C(C[N+](C)(C)[O-])O1	https://envipath.org/package/521c547a-fd2a-491c-ad5b-7eaa1577fb65/pathway/f14f128c-1698-4fda-ac87-bc96ac523d8a/node/3ed72b0a-16a4-4282-8864-ac9de57b1b5e	https://envipath.org/package/521c547a-fd2a-491c-ad5b-7eaa1577fb65/scenario/bdb3ab2f-46d6-4a20-941b-fd893d2798c9	DOI: 10.1021/es3019012	https://envipath.org/package/521c547a-fd2a-491c-ad5b-7eaa1577fb65/pathway/f14f128c-1698-4fda-ac87-bc96ac523d8a		aerob	{'end': 7.3, 'start': 7.3}	Switzerland (IND2)	amber glass Schott bottles (loosely capped)	activated sludge from biological aeration basin	shaking	sludge retention time	70.0	4.7	100.0	plating	{'end': 20.0, 'start': 20.0}	industrial WW			none (sludge only)			nitrification & denitrification			820.0	86.0	6.0			
CN/C(=C\[N+](=O)[O-])/NCCSCC1=CC=C(C[N+](C)(C)[O-])O1	https://envipath.org/package/521c547a-fd2a-491c-ad5b-7eaa1577fb65/pathway/f14f128c-1698-4fda-ac87-bc96ac523d8a/node/3ed72b0a-16a4-4282-8864-ac9de57b1b5e	https://envipath.org/package/521c547a-fd2a-491c-ad5b-7eaa1577fb65/scenario/be2d91cf-9c2f-4df3-8e2f-bb7fb8b6f5ca	DOI: 10.1021/es3019012	https://envipath.org/package/521c547a-fd2a-491c-ad5b-7eaa1577fb65/pathway/f14f128c-1698-4fda-ac87-bc96ac523d8a		aerob	{'end': 8.1, 'start': 8.1}	Switzerland (DOM4)	amber glass Schott bottles (loosely capped)	activated sludge from biological aeration basin	shaking	sludge retention time	70.0	2.3	100.0	plating	{'end': 20.0, 'start': 20.0}	municipal WW			none (sludge only)						160.0	10.0	3.0			
CN/C(=C\[N+](=O)[O-])/NCCSCC1=CC=C(C[N+](C)(C)[O-])O1	https://envipath.org/package/521c547a-fd2a-491c-ad5b-7eaa1577fb65/pathway/f14f128c-1698-4fda-ac87-bc96ac523d8a/node/3ed72b0a-16a4-4282-8864-ac9de57b1b5e	https://envipath.org/package/521c547a-fd2a-491c-ad5b-7eaa1577fb65/scenario/75bdaff9-0a46-4e1e-90f8-92a40af17e48	DOI: 10.1021/es3019012	https://envipath.org/package/521c547a-fd2a-491c-ad5b-7eaa1577fb65/pathway/f14f128c-1698-4fda-ac87-bc96ac523d8a		aerob	{'end': 7.5, 'start': 7.5}	Switzerland (DOM3)	amber glass Schott bottles (loosely capped)	activated sludge from biological aeration basin	shaking	sludge retention time	70.0	12.4	100.0	plating	{'end': 20.0, 'start': 20.0}	municipal WW			none (sludge only)			nitrification & denitrification			320.0	24.9	9.0			
CN/C(=C\[N+](=O)[O-])/NCCSCC1=CC=C(C[N+](C)(C)[O-])O1	https://envipath.org/package/521c547a-fd2a-491c-ad5b-7eaa1577fb65/pathway/f14f128c-1698-4fda-ac87-bc96ac523d8a/node/3ed72b0a-16a4-4282-8864-ac9de57b1b5e	https://envipath.org/package/521c547a-fd2a-491c-ad5b-7eaa1577fb65/scenario/1ce53c39-f91e-4dd8-b909-36b1400f6164	DOI: 10.1021/es3019012	https://envipath.org/package/521c547a-fd2a-491c-ad5b-7eaa1577fb65/pathway/f14f128c-1698-4fda-ac87-bc96ac523d8a		aerob	{'end': 8.1, 'start': 8.1}	Switzerland (DOM5)	amber glass Schott bottles (loosely capped)	activated sludge from biological aeration basin	shaking	sludge retention time	70.0	2.2	100.0	plating	{'end': 20.0, 'start': 20.0}	municipal WW			none (sludge only)			nitrification & denitrification				26.2	5.0			
CN/C(=C\[N+](=O)[O-])/NCCSCC1=CC=C(C[N+](C)(C)[O-])O1	https://envipath.org/package/521c547a-fd2a-491c-ad5b-7eaa1577fb65/pathway/f14f128c-1698-4fda-ac87-bc96ac523d8a/node/3ed72b0a-16a4-4282-8864-ac9de57b1b5e	https://envipath.org/package/521c547a-fd2a-491c-ad5b-7eaa1577fb65/scenario/e482e11f-2d22-406e-93e4-2633e7b99212	DOI: 10.1021/es3019012	https://envipath.org/package/521c547a-fd2a-491c-ad5b-7eaa1577fb65/pathway/f14f128c-1698-4fda-ac87-bc96ac523d8a		aerob	{'end': 7.6, 'start': 7.6}	Switzerland (DOM2)	amber glass Schott bottles (loosely capped)	activated sludge from biological aeration basin	shaking	sludge retention time	70.0	3.0	100.0	plating	{'end': 20.0, 'start': 20.0}	municipal WW			none (sludge only)						54.0	3.3	2.0			
CN/C(=C\[N+](=O)[O-])/NCCSCC1=CC=C(C[N+](C)(C)[O-])O1	https://envipath.org/package/521c547a-fd2a-491c-ad5b-7eaa1577fb65/pathway/f14f128c-1698-4fda-ac87-bc96ac523d8a/node/3ed72b0a-16a4-4282-8864-ac9de57b1b5e	https://envipath.org/package/521c547a-fd2a-491c-ad5b-7eaa1577fb65/scenario/dc5454bd-50a8-457b-90e1-9d39bb9b052a	DOI: 10.1021/es3019012	https://envipath.org/package/521c547a-fd2a-491c-ad5b-7eaa1577fb65/pathway/f14f128c-1698-4fda-ac87-bc96ac523d8a		aerob	{'end': 7.0, 'start': 7.0}	Switzerland (IND4)	amber glass Schott bottles (loosely capped)	activated sludge from biological aeration basin	shaking	sludge retention time	70.0	6.0	100.0	plating	{'end': 20.0, 'start': 20.0}	industrial WW			none (sludge only)						650.0	86.2				
CN/C(=C\[N+](=O)[O-])/NCCSCC1=CC=C(C[N+](C)(C)[O-])O1	https://envipath.org/package/521c547a-fd2a-491c-ad5b-7eaa1577fb65/pathway/f14f128c-1698-4fda-ac87-bc96ac523d8a/node/3ed72b0a-16a4-4282-8864-ac9de57b1b5e	https://envipath.org/package/521c547a-fd2a-491c-ad5b-7eaa1577fb65/scenario/408239a6-4e06-4b21-875a-326d967412dd	DOI: 10.1021/es3019012	https://envipath.org/package/521c547a-fd2a-491c-ad5b-7eaa1577fb65/pathway/f14f128c-1698-4fda-ac87-bc96ac523d8a		aerob	{'end': 6.2, 'start': 6.2}	Switzerland (IND3)	amber glass Schott bottles (loosely capped)	activated sludge from biological aeration basin	shaking	sludge retention time	70.0	6.9	100.0	plating	{'end': 20.0, 'start': 20.0}	industrial WW			none (sludge only)			other			1892.0					
CN/C(=C\[N+](=O)[O-])/NCCSCC1=CC=C(C[N+](C)(C)[O-])O1	https://envipath.org/package/521c547a-fd2a-491c-ad5b-7eaa1577fb65/pathway/f14f128c-1698-4fda-ac87-bc96ac523d8a/node/3ed72b0a-16a4-4282-8864-ac9de57b1b5e	https://envipath.org/package/521c547a-fd2a-491c-ad5b-7eaa1577fb65/scenario/20aab74e-ed9f-484d-b3b2-1d846aa49263	DOI: 10.1021/es3019012	https://envipath.org/package/521c547a-fd2a-491c-ad5b-7eaa1577fb65/pathway/f14f128c-1698-4fda-ac87-bc96ac523d8a		aerob	{'end': 7.0, 'start': 7.0}	Switzerland (IND1)	amber glass Schott bottles (loosely capped)	activated sludge from biological aeration basin	shaking	sludge retention time	70.0	6.8	100.0	plating	{'end': 20.0, 'start': 20.0}	mixed WW (municipal & industrial)			none (sludge only)			nitrification & denitrification			500.0	23.0	3.0			
CN/C(=C\[N+](=O)[O-])/NCCS(=O)CC1=CC=C(CN(C)C)O1	https://envipath.org/package/521c547a-fd2a-491c-ad5b-7eaa1577fb65/pathway/f14f128c-1698-4fda-ac87-bc96ac523d8a/node/d6d46187-a88f-497b-b7e1-6302897755f4	https://envipath.org/package/521c547a-fd2a-491c-ad5b-7eaa1577fb65/scenario/f3cbcab2-c581-4a4a-853d-7724deaaa107	DOI: 10.1021/es3019012	https://envipath.org/package/521c547a-fd2a-491c-ad5b-7eaa1577fb65/pathway/f14f128c-1698-4fda-ac87-bc96ac523d8a		aerob	{'end': 8.1, 'start': 8.1}	Switzerland (IND5)	amber glass Schott bottles (loosely capped)	activated sludge from biological aeration basin	shaking	sludge retention time	70.0	9.6	100.0	plating	{'end': 20.0, 'start': 20.0}	industrial WW			none (sludge only)						3000.0	100.0	22.0			
CN/C(=C\[N+](=O)[O-])/NCCS(=O)CC1=CC=C(CN(C)C)O1	https://envipath.org/package/521c547a-fd2a-491c-ad5b-7eaa1577fb65/pathway/f14f128c-1698-4fda-ac87-bc96ac523d8a/node/d6d46187-a88f-497b-b7e1-6302897755f4	https://envipath.org/package/521c547a-fd2a-491c-ad5b-7eaa1577fb65/scenario/6f3ab9e2-5bfb-4082-92b2-e46bfc6766eb	DOI: 10.1021/es3019012	https://envipath.org/package/521c547a-fd2a-491c-ad5b-7eaa1577fb65/pathway/f14f128c-1698-4fda-ac87-bc96ac523d8a		aerob	{'end': 7.6, 'start': 7.6}	Switzerland (DOM1)	amber glass Schott bottles (loosely capped)	activated sludge from biological aeration basin	shaking	sludge retention time	70.0	3.0	100.0	plating	{'end': 20.0, 'start': 20.0}	municipal WW			none (sludge only)			nitrification			203.0	18.6	5.0			
CN/C(=C\[N+](=O)[O-])/NCCS(=O)CC1=CC=C(CN(C)C)O1	https://envipath.org/package/521c547a-fd2a-491c-ad5b-7eaa1577fb65/pathway/f14f128c-1698-4fda-ac87-bc96ac523d8a/node/d6d46187-a88f-497b-b7e1-6302897755f4	https://envipath.org/package/521c547a-fd2a-491c-ad5b-7eaa1577fb65/scenario/bdb3ab2f-46d6-4a20-941b-fd893d2798c9	DOI: 10.1021/es3019012	https://envipath.org/package/521c547a-fd2a-491c-ad5b-7eaa1577fb65/pathway/f14f128c-1698-4fda-ac87-bc96ac523d8a		aerob	{'end': 7.3, 'start': 7.3}	Switzerland (IND2)	amber glass Schott bottles (loosely capped)	activated sludge from biological aeration basin	shaking	sludge retention time	70.0	4.7	100.0	plating	{'end': 20.0, 'start': 20.0}	industrial WW			none (sludge only)			nitrification & denitrification			820.0	86.0	6.0			
CN/C(=C\[N+](=O)[O-])/NCCS(=O)CC1=CC=C(CN(C)C)O1	https://envipath.org/package/521c547a-fd2a-491c-ad5b-7eaa1577fb65/pathway/f14f128c-1698-4fda-ac87-bc96ac523d8a/node/d6d46187-a88f-497b-b7e1-6302897755f4	https://envipath.org/package/521c547a-fd2a-491c-ad5b-7eaa1577fb65/scenario/be2d91cf-9c2f-4df3-8e2f-bb7fb8b6f5ca	DOI: 10.1021/es3019012	https://envipath.org/package/521c547a-fd2a-491c-ad5b-7eaa1577fb65/pathway/f14f128c-1698-4fda-ac87-bc96ac523d8a		aerob	{'end': 8.1, 'start': 8.1}	Switzerland (DOM4)	amber glass Schott bottles (loosely capped)	activated sludge from biological aeration basin	shaking	sludge retention time	70.0	2.3	100.0	plating	{'end': 20.0, 'start': 20.0}	municipal WW			none (sludge only)						160.0	10.0	3.0			
CN/C(=C\[N+](=O)[O-])/NCCS(=O)CC1=CC=C(CN(C)C)O1	https://envipath.org/package/521c547a-fd2a-491c-ad5b-7eaa1577fb65/pathway/f14f128c-1698-4fda-ac87-bc96ac523d8a/node/d6d46187-a88f-497b-b7e1-6302897755f4	https://envipath.org/package/521c547a-fd2a-491c-ad5b-7eaa1577fb65/scenario/75bdaff9-0a46-4e1e-90f8-92a40af17e48	DOI: 10.1021/es3019012	https://envipath.org/package/521c547a-fd2a-491c-ad5b-7eaa1577fb65/pathway/f14f128c-1698-4fda-ac87-bc96ac523d8a		aerob	{'end': 7.5, 'start': 7.5}	Switzerland (DOM3)	amber glass Schott bottles (loosely capped)	activated sludge from biological aeration basin	shaking	sludge retention time	70.0	12.4	100.0	plating	{'end': 20.0, 'start': 20.0}	municipal WW			none (sludge only)			nitrification & denitrification			320.0	24.9	9.0			
CN/C(=C\[N+](=O)[O-])/NCCS(=O)CC1=CC=C(CN(C)C)O1	https://envipath.org/package/521c547a-fd2a-491c-ad5b-7eaa1577fb65/pathway/f14f128c-1698-4fda-ac87-bc96ac523d8a/node/d6d46187-a88f-497b-b7e1-6302897755f4	https://envipath.org/package/521c547a-fd2a-491c-ad5b-7eaa1577fb65/scenario/1ce53c39-f91e-4dd8-b909-36b1400f6164	DOI: 10.1021/es3019012	https://envipath.org/package/521c547a-fd2a-491c-ad5b-7eaa1577fb65/pathway/f14f128c-1698-4fda-ac87-bc96ac523d8a		aerob	{'end': 8.1, 'start': 8.1}	Switzerland (DOM5)	amber glass Schott bottles (loosely capped)	activated sludge from biological aeration basin	shaking	sludge retention time	70.0	2.2	100.0	plating	{'end': 20.0, 'start': 20.0}	municipal WW			none (sludge only)			nitrification & denitrification				26.2	5.0			
CN/C(=C\[N+](=O)[O-])/NCCS(=O)CC1=CC=C(CN(C)C)O1	https://envipath.org/package/521c547a-fd2a-491c-ad5b-7eaa1577fb65/pathway/f14f128c-1698-4fda-ac87-bc96ac523d8a/node/d6d46187-a88f-497b-b7e1-6302897755f4	https://envipath.org/package/521c547a-fd2a-491c-ad5b-7eaa1577fb65/scenario/e482e11f-2d22-406e-93e4-2633e7b99212	DOI: 10.1021/es3019012	https://envipath.org/package/521c547a-fd2a-491c-ad5b-7eaa1577fb65/pathway/f14f128c-1698-4fda-ac87-bc96ac523d8a		aerob	{'end': 7.6, 'start': 7.6}	Switzerland (DOM2)	amber glass Schott bottles (loosely capped)	activated sludge from biological aeration basin	shaking	sludge retention time	70.0	3.0	100.0	plating	{'end': 20.0, 'start': 20.0}	municipal WW			none (sludge only)						54.0	3.3	2.0			
CN/C(=C\[N+](=O)[O-])/NCCS(=O)CC1=CC=C(CN(C)C)O1	https://envipath.org/package/521c547a-fd2a-491c-ad5b-7eaa1577fb65/pathway/f14f128c-1698-4fda-ac87-bc96ac523d8a/node/d6d46187-a88f-497b-b7e1-6302897755f4	https://envipath.org/package/521c547a-fd2a-491c-ad5b-7eaa1577fb65/scenario/dc5454bd-50a8-457b-90e1-9d39bb9b052a	DOI: 10.1021/es3019012	https://envipath.org/package/521c547a-fd2a-491c-ad5b-7eaa1577fb65/pathway/f14f128c-1698-4fda-ac87-bc96ac523d8a		aerob	{'end': 7.0, 'start': 7.0}	Switzerland (IND4)	amber glass Schott bottles (loosely capped)	activated sludge from biological aeration basin	shaking	sludge retention time	70.0	6.0	100.0	plating	{'end': 20.0, 'start': 20.0}	industrial WW			none (sludge only)						650.0	86.2				
CN/C(=C\[N+](=O)[O-])/NCCS(=O)CC1=CC=C(CN(C)C)O1	https://envipath.org/package/521c547a-fd2a-491c-ad5b-7eaa1577fb65/pathway/f14f128c-1698-4fda-ac87-bc96ac523d8a/node/d6d46187-a88f-497b-b7e1-6302897755f4	https://envipath.org/package/521c547a-fd2a-491c-ad5b-7eaa1577fb65/scenario/408239a6-4e06-4b21-875a-326d967412dd	DOI: 10.1021/es3019012	https://envipath.org/package/521c547a-fd2a-491c-ad5b-7eaa1577fb65/pathway/f14f128c-1698-4fda-ac87-bc96ac523d8a		aerob	{'end': 6.2, 'start': 6.2}	Switzerland (IND3)	amber glass Schott bottles (loosely capped)	activated sludge from biological aeration basin	shaking	sludge retention time	70.0	6.9	100.0	plating	{'end': 20.0, 'start': 20.0}	industrial WW			none (sludge only)			other			1892.0					
CN/C(=C\[N+](=O)[O-])/NCCS(=O)CC1=CC=C(CN(C)C)O1	https://envipath.org/package/521c547a-fd2a-491c-ad5b-7eaa1577fb65/pathway/f14f128c-1698-4fda-ac87-bc96ac523d8a/node/d6d46187-a88f-497b-b7e1-6302897755f4	https://envipath.org/package/521c547a-fd2a-491c-ad5b-7eaa1577fb65/scenario/20aab74e-ed9f-484d-b3b2-1d846aa49263	DOI: 10.1021/es3019012	https://envipath.org/package/521c547a-fd2a-491c-ad5b-7eaa1577fb65/pathway/f14f128c-1698-4fda-ac87-bc96ac523d8a		aerob	{'end': 7.0, 'start': 7.0}	Switzerland (IND1)	amber glass Schott bottles (loosely capped)	activated sludge from biological aeration basin	shaking	sludge retention time	70.0	6.8	100.0	plating	{'end': 20.0, 'start': 20.0}	mixed WW (municipal & industrial)			none (sludge only)			nitrification & denitrification			500.0	23.0	3.0			
CN/C(=C\[N+](=O)[O-])/NCCSCC1=CC=C(CN(C)C)O1	https://envipath.org/package/521c547a-fd2a-491c-ad5b-7eaa1577fb65/pathway/f14f128c-1698-4fda-ac87-bc96ac523d8a/node/2efa7bca-3620-4c79-9172-f8e1daa5e093	https://envipath.org/package/521c547a-fd2a-491c-ad5b-7eaa1577fb65/scenario/18405c54-5242-4450-8975-097f3af52b78	no description	https://envipath.org/package/521c547a-fd2a-491c-ad5b-7eaa1577fb65/pathway/f14f128c-1698-4fda-ac87-bc96ac523d8a																		sorption corrected & abiotic degradation corrected										
CN/C(=C\[N+](=O)[O-])/NCCSCC1=CC=C(CN(C)C)O1	https://envipath.org/package/521c547a-fd2a-491c-ad5b-7eaa1577fb65/pathway/f14f128c-1698-4fda-ac87-bc96ac523d8a/node/2efa7bca-3620-4c79-9172-f8e1daa5e093	https://envipath.org/package/521c547a-fd2a-491c-ad5b-7eaa1577fb65/scenario/85e57698-c651-4e26-8a30-087c95614be8	no description	https://envipath.org/package/521c547a-fd2a-491c-ad5b-7eaa1577fb65/pathway/f14f128c-1698-4fda-ac87-bc96ac523d8a																		sorption corrected & abiotic degradation corrected										
CN/C(=C\[N+](=O)[O-])/NCCSCC1=CC=C(CN(C)C)O1	https://envipath.org/package/521c547a-fd2a-491c-ad5b-7eaa1577fb65/pathway/f14f128c-1698-4fda-ac87-bc96ac523d8a/node/2efa7bca-3620-4c79-9172-f8e1daa5e093	https://envipath.org/package/521c547a-fd2a-491c-ad5b-7eaa1577fb65/scenario/50ffbcd2-badc-4aed-9dd5-d700ee0b06c6	no description	https://envipath.org/package/521c547a-fd2a-491c-ad5b-7eaa1577fb65/pathway/f14f128c-1698-4fda-ac87-bc96ac523d8a																		sorption corrected & abiotic degradation corrected										
CN/C(=C\[N+](=O)[O-])/NCCSCC1=CC=C(CN(C)C)O1	https://envipath.org/package/521c547a-fd2a-491c-ad5b-7eaa1577fb65/pathway/f14f128c-1698-4fda-ac87-bc96ac523d8a/node/2efa7bca-3620-4c79-9172-f8e1daa5e093	https://envipath.org/package/521c547a-fd2a-491c-ad5b-7eaa1577fb65/scenario/62fa825f-beee-4ec9-b177-645723a768b4	no description	https://envipath.org/package/521c547a-fd2a-491c-ad5b-7eaa1577fb65/pathway/f14f128c-1698-4fda-ac87-bc96ac523d8a																		sorption corrected & abiotic degradation corrected										
CN/C(=C\[N+](=O)[O-])/NCCSCC1=CC=C(CN(C)C)O1	https://envipath.org/package/521c547a-fd2a-491c-ad5b-7eaa1577fb65/pathway/f14f128c-1698-4fda-ac87-bc96ac523d8a/node/2efa7bca-3620-4c79-9172-f8e1daa5e093	https://envipath.org/package/521c547a-fd2a-491c-ad5b-7eaa1577fb65/scenario/00fa543d-380d-4412-9460-dc49b036271a	no description	https://envipath.org/package/521c547a-fd2a-491c-ad5b-7eaa1577fb65/pathway/f14f128c-1698-4fda-ac87-bc96ac523d8a																		sorption corrected & abiotic degradation corrected										
CN/C(=C\[N+](=O)[O-])/NCCSCC1=CC=C(CN(C)C)O1	https://envipath.org/package/521c547a-fd2a-491c-ad5b-7eaa1577fb65/pathway/f14f128c-1698-4fda-ac87-bc96ac523d8a/node/2efa7bca-3620-4c79-9172-f8e1daa5e093	https://envipath.org/package/521c547a-fd2a-491c-ad5b-7eaa1577fb65/scenario/94b08da8-1f37-4ec1-8b9e-8a84e77bb39a	no description	https://envipath.org/package/521c547a-fd2a-491c-ad5b-7eaa1577fb65/pathway/f14f128c-1698-4fda-ac87-bc96ac523d8a																		sorption corrected & abiotic degradation corrected										
CN/C(=C\[N+](=O)[O-])/NCCSCC1=CC=C(CN(C)C)O1	https://envipath.org/package/521c547a-fd2a-491c-ad5b-7eaa1577fb65/pathway/f14f128c-1698-4fda-ac87-bc96ac523d8a/node/2efa7bca-3620-4c79-9172-f8e1daa5e093	https://envipath.org/package/521c547a-fd2a-491c-ad5b-7eaa1577fb65/scenario/c52b216b-26bb-478f-a614-e528e20afab7	no description	https://envipath.org/package/521c547a-fd2a-491c-ad5b-7eaa1577fb65/pathway/f14f128c-1698-4fda-ac87-bc96ac523d8a																		sorption corrected & abiotic degradation corrected										
CN/C(=C\[N+](=O)[O-])/NCCSCC1=CC=C(CN(C)C)O1	https://envipath.org/package/521c547a-fd2a-491c-ad5b-7eaa1577fb65/pathway/f14f128c-1698-4fda-ac87-bc96ac523d8a/node/2efa7bca-3620-4c79-9172-f8e1daa5e093	https://envipath.org/package/521c547a-fd2a-491c-ad5b-7eaa1577fb65/scenario/0d5af6c7-b52a-4f34-9c4d-cf786d9c85cd	no description	https://envipath.org/package/521c547a-fd2a-491c-ad5b-7eaa1577fb65/pathway/f14f128c-1698-4fda-ac87-bc96ac523d8a																		sorption corrected & abiotic degradation corrected										
CN/C(=C\[N+](=O)[O-])/NCCSCC1=CC=C(CN(C)C)O1	https://envipath.org/package/521c547a-fd2a-491c-ad5b-7eaa1577fb65/pathway/f14f128c-1698-4fda-ac87-bc96ac523d8a/node/2efa7bca-3620-4c79-9172-f8e1daa5e093	https://envipath.org/package/521c547a-fd2a-491c-ad5b-7eaa1577fb65/scenario/59ccb3cb-f37c-48b0-93c1-fba87cbefa19	no description	https://envipath.org/package/521c547a-fd2a-491c-ad5b-7eaa1577fb65/pathway/f14f128c-1698-4fda-ac87-bc96ac523d8a																		sorption corrected & abiotic degradation corrected										
CN/C(=C\[N+](=O)[O-])/NCCSCC1=CC=C(CN(C)C)O1	https://envipath.org/package/521c547a-fd2a-491c-ad5b-7eaa1577fb65/pathway/f14f128c-1698-4fda-ac87-bc96ac523d8a/node/2efa7bca-3620-4c79-9172-f8e1daa5e093	https://envipath.org/package/521c547a-fd2a-491c-ad5b-7eaa1577fb65/scenario/a7c76436-b5f9-4909-b36a-b5b50486e6fd	no description	https://envipath.org/package/521c547a-fd2a-491c-ad5b-7eaa1577fb65/pathway/f14f128c-1698-4fda-ac87-bc96ac523d8a																		sorption corrected & abiotic degradation corrected										
CC1(C)C2=CC(=CC=C2OC1=O)OS(=O)(=O)C	https://envipath.org/package/521c547a-fd2a-491c-ad5b-7eaa1577fb65/pathway/54de8340-183a-4437-ba2b-cd127a52a1cf/node/a642ede6-f0c6-4035-9191-8c2525aeb0bb	https://envipath.org/package/521c547a-fd2a-491c-ad5b-7eaa1577fb65/scenario/f3cbcab2-c581-4a4a-853d-7724deaaa107	DOI: 10.1021/es3019012	https://envipath.org/package/521c547a-fd2a-491c-ad5b-7eaa1577fb65/pathway/54de8340-183a-4437-ba2b-cd127a52a1cf		aerob	{'end': 8.1, 'start': 8.1}	Switzerland (IND5)	amber glass Schott bottles (loosely capped)	activated sludge from biological aeration basin	shaking	sludge retention time	70.0	9.6	100.0	plating	{'end': 20.0, 'start': 20.0}	industrial WW			none (sludge only)						3000.0	100.0	22.0			
CC1(C)C2=CC(=CC=C2OC1=O)OS(=O)(=O)C	https://envipath.org/package/521c547a-fd2a-491c-ad5b-7eaa1577fb65/pathway/54de8340-183a-4437-ba2b-cd127a52a1cf/node/a642ede6-f0c6-4035-9191-8c2525aeb0bb	https://envipath.org/package/521c547a-fd2a-491c-ad5b-7eaa1577fb65/scenario/6f3ab9e2-5bfb-4082-92b2-e46bfc6766eb	DOI: 10.1021/es3019012	https://envipath.org/package/521c547a-fd2a-491c-ad5b-7eaa1577fb65/pathway/54de8340-183a-4437-ba2b-cd127a52a1cf		aerob	{'end': 7.6, 'start': 7.6}	Switzerland (DOM1)	amber glass Schott bottles (loosely capped)	activated sludge from biological aeration basin	shaking	sludge retention time	70.0	3.0	100.0	plating	{'end': 20.0, 'start': 20.0}	municipal WW			none (sludge only)			nitrification			203.0	18.6	5.0			
CC1(C)C2=CC(=CC=C2OC1=O)OS(=O)(=O)C	https://envipath.org/package/521c547a-fd2a-491c-ad5b-7eaa1577fb65/pathway/54de8340-183a-4437-ba2b-cd127a52a1cf/node/a642ede6-f0c6-4035-9191-8c2525aeb0bb	https://envipath.org/package/521c547a-fd2a-491c-ad5b-7eaa1577fb65/scenario/bdb3ab2f-46d6-4a20-941b-fd893d2798c9	DOI: 10.1021/es3019012	https://envipath.org/package/521c547a-fd2a-491c-ad5b-7eaa1577fb65/pathway/54de8340-183a-4437-ba2b-cd127a52a1cf		aerob	{'end': 7.3, 'start': 7.3}	Switzerland (IND2)	amber glass Schott bottles (loosely capped)	activated sludge from biological aeration basin	shaking	sludge retention time	70.0	4.7	100.0	plating	{'end': 20.0, 'start': 20.0}	industrial WW			none (sludge only)			nitrification & denitrification			820.0	86.0	6.0			
CC1(C)C2=CC(=CC=C2OC1=O)OS(=O)(=O)C	https://envipath.org/package/521c547a-fd2a-491c-ad5b-7eaa1577fb65/pathway/54de8340-183a-4437-ba2b-cd127a52a1cf/node/a642ede6-f0c6-4035-9191-8c2525aeb0bb	https://envipath.org/package/521c547a-fd2a-491c-ad5b-7eaa1577fb65/scenario/be2d91cf-9c2f-4df3-8e2f-bb7fb8b6f5ca	DOI: 10.1021/es3019012	https://envipath.org/package/521c547a-fd2a-491c-ad5b-7eaa1577fb65/pathway/54de8340-183a-4437-ba2b-cd127a52a1cf		aerob	{'end': 8.1, 'start': 8.1}	Switzerland (DOM4)	amber glass Schott bottles (loosely capped)	activated sludge from biological aeration basin	shaking	sludge retention time	70.0	2.3	100.0	plating	{'end': 20.0, 'start': 20.0}	municipal WW			none (sludge only)						160.0	10.0	3.0			
CC1(C)C2=CC(=CC=C2OC1=O)OS(=O)(=O)C	https://envipath.org/package/521c547a-fd2a-491c-ad5b-7eaa1577fb65/pathway/54de8340-183a-4437-ba2b-cd127a52a1cf/node/a642ede6-f0c6-4035-9191-8c2525aeb0bb	https://envipath.org/package/521c547a-fd2a-491c-ad5b-7eaa1577fb65/scenario/75bdaff9-0a46-4e1e-90f8-92a40af17e48	DOI: 10.1021/es3019012	https://envipath.org/package/521c547a-fd2a-491c-ad5b-7eaa1577fb65/pathway/54de8340-183a-4437-ba2b-cd127a52a1cf		aerob	{'end': 7.5, 'start': 7.5}	Switzerland (DOM3)	amber glass Schott bottles (loosely capped)	activated sludge from biological aeration basin	shaking	sludge retention time	70.0	12.4	100.0	plating	{'end': 20.0, 'start': 20.0}	municipal WW			none (sludge only)			nitrification & denitrification			320.0	24.9	9.0			
CC1(C)C2=CC(=CC=C2OC1=O)OS(=O)(=O)C	https://envipath.org/package/521c547a-fd2a-491c-ad5b-7eaa1577fb65/pathway/54de8340-183a-4437-ba2b-cd127a52a1cf/node/a642ede6-f0c6-4035-9191-8c2525aeb0bb	https://envipath.org/package/521c547a-fd2a-491c-ad5b-7eaa1577fb65/scenario/1ce53c39-f91e-4dd8-b909-36b1400f6164	DOI: 10.1021/es3019012	https://envipath.org/package/521c547a-fd2a-491c-ad5b-7eaa1577fb65/pathway/54de8340-183a-4437-ba2b-cd127a52a1cf		aerob	{'end': 8.1, 'start': 8.1}	Switzerland (DOM5)	amber glass Schott bottles (loosely capped)	activated sludge from biological aeration basin	shaking	sludge retention time	70.0	2.2	100.0	plating	{'end': 20.0, 'start': 20.0}	municipal WW			none (sludge only)			nitrification & denitrification				26.2	5.0			
CC1(C)C2=CC(=CC=C2OC1=O)OS(=O)(=O)C	https://envipath.org/package/521c547a-fd2a-491c-ad5b-7eaa1577fb65/pathway/54de8340-183a-4437-ba2b-cd127a52a1cf/node/a642ede6-f0c6-4035-9191-8c2525aeb0bb	https://envipath.org/package/521c547a-fd2a-491c-ad5b-7eaa1577fb65/scenario/e482e11f-2d22-406e-93e4-2633e7b99212	DOI: 10.1021/es3019012	https://envipath.org/package/521c547a-fd2a-491c-ad5b-7eaa1577fb65/pathway/54de8340-183a-4437-ba2b-cd127a52a1cf		aerob	{'end': 7.6, 'start': 7.6}	Switzerland (DOM2)	amber glass Schott bottles (loosely capped)	activated sludge from biological aeration basin	shaking	sludge retention time	70.0	3.0	100.0	plating	{'end': 20.0, 'start': 20.0}	municipal WW			none (sludge only)						54.0	3.3	2.0			
CC1(C)C2=CC(=CC=C2OC1=O)OS(=O)(=O)C	https://envipath.org/package/521c547a-fd2a-491c-ad5b-7eaa1577fb65/pathway/54de8340-183a-4437-ba2b-cd127a52a1cf/node/a642ede6-f0c6-4035-9191-8c2525aeb0bb	https://envipath.org/package/521c547a-fd2a-491c-ad5b-7eaa1577fb65/scenario/dc5454bd-50a8-457b-90e1-9d39bb9b052a	DOI: 10.1021/es3019012	https://envipath.org/package/521c547a-fd2a-491c-ad5b-7eaa1577fb65/pathway/54de8340-183a-4437-ba2b-cd127a52a1cf		aerob	{'end': 7.0, 'start': 7.0}	Switzerland (IND4)	amber glass Schott bottles (loosely capped)	activated sludge from biological aeration basin	shaking	sludge retention time	70.0	6.0	100.0	plating	{'end': 20.0, 'start': 20.0}	industrial WW			none (sludge only)						650.0	86.2				
CC1(C)C2=CC(=CC=C2OC1=O)OS(=O)(=O)C	https://envipath.org/package/521c547a-fd2a-491c-ad5b-7eaa1577fb65/pathway/54de8340-183a-4437-ba2b-cd127a52a1cf/node/a642ede6-f0c6-4035-9191-8c2525aeb0bb	https://envipath.org/package/521c547a-fd2a-491c-ad5b-7eaa1577fb65/scenario/408239a6-4e06-4b21-875a-326d967412dd	DOI: 10.1021/es3019012	https://envipath.org/package/521c547a-fd2a-491c-ad5b-7eaa1577fb65/pathway/54de8340-183a-4437-ba2b-cd127a52a1cf		aerob	{'end': 6.2, 'start': 6.2}	Switzerland (IND3)	amber glass Schott bottles (loosely capped)	activated sludge from biological aeration basin	shaking	sludge retention time	70.0	6.9	100.0	plating	{'end': 20.0, 'start': 20.0}	industrial WW			none (sludge only)			other			1892.0					
CC1(C)C2=CC(=CC=C2OC1=O)OS(=O)(=O)C	https://envipath.org/package/521c547a-fd2a-491c-ad5b-7eaa1577fb65/pathway/54de8340-183a-4437-ba2b-cd127a52a1cf/node/a642ede6-f0c6-4035-9191-8c2525aeb0bb	https://envipath.org/package/521c547a-fd2a-491c-ad5b-7eaa1577fb65/scenario/20aab74e-ed9f-484d-b3b2-1d846aa49263	DOI: 10.1021/es3019012	https://envipath.org/package/521c547a-fd2a-491c-ad5b-7eaa1577fb65/pathway/54de8340-183a-4437-ba2b-cd127a52a1cf		aerob	{'end': 7.0, 'start': 7.0}	Switzerland (IND1)	amber glass Schott bottles (loosely capped)	activated sludge from biological aeration basin	shaking	sludge retention time	70.0	6.8	100.0	plating	{'end': 20.0, 'start': 20.0}	mixed WW (municipal & industrial)			none (sludge only)			nitrification & denitrification			500.0	23.0	3.0			
CCOC1C(C)(C)C2=CC(=CC=C2O1)OS(=O)(=O)C	https://envipath.org/package/521c547a-fd2a-491c-ad5b-7eaa1577fb65/pathway/54de8340-183a-4437-ba2b-cd127a52a1cf/node/8dc12fdd-9e84-4bf8-8f49-347091f2b58b	https://envipath.org/package/521c547a-fd2a-491c-ad5b-7eaa1577fb65/scenario/997f8e3a-d695-4d90-b19d-1cce6aa1b490	no description	https://envipath.org/package/521c547a-fd2a-491c-ad5b-7eaa1577fb65/pathway/54de8340-183a-4437-ba2b-cd127a52a1cf																		sorption corrected & abiotic degradation corrected										
CCOC1C(C)(C)C2=CC(=CC=C2O1)OS(=O)(=O)C	https://envipath.org/package/521c547a-fd2a-491c-ad5b-7eaa1577fb65/pathway/54de8340-183a-4437-ba2b-cd127a52a1cf/node/8dc12fdd-9e84-4bf8-8f49-347091f2b58b	https://envipath.org/package/521c547a-fd2a-491c-ad5b-7eaa1577fb65/scenario/704ce7c9-7990-4fb2-8aa7-3a4ab7e5e600	no description	https://envipath.org/package/521c547a-fd2a-491c-ad5b-7eaa1577fb65/pathway/54de8340-183a-4437-ba2b-cd127a52a1cf																		sorption corrected & abiotic degradation corrected										
CCOC1C(C)(C)C2=CC(=CC=C2O1)OS(=O)(=O)C	https://envipath.org/package/521c547a-fd2a-491c-ad5b-7eaa1577fb65/pathway/54de8340-183a-4437-ba2b-cd127a52a1cf/node/8dc12fdd-9e84-4bf8-8f49-347091f2b58b	https://envipath.org/package/521c547a-fd2a-491c-ad5b-7eaa1577fb65/scenario/b726f0b1-083f-4749-adae-d4c306c588ea	no description	https://envipath.org/package/521c547a-fd2a-491c-ad5b-7eaa1577fb65/pathway/54de8340-183a-4437-ba2b-cd127a52a1cf																		sorption corrected & abiotic degradation corrected										
CCOC1C(C)(C)C2=CC(=CC=C2O1)OS(=O)(=O)C	https://envipath.org/package/521c547a-fd2a-491c-ad5b-7eaa1577fb65/pathway/54de8340-183a-4437-ba2b-cd127a52a1cf/node/8dc12fdd-9e84-4bf8-8f49-347091f2b58b	https://envipath.org/package/521c547a-fd2a-491c-ad5b-7eaa1577fb65/scenario/ee6a4093-eea8-4776-b569-7c5b12cea1e4	no description	https://envipath.org/package/521c547a-fd2a-491c-ad5b-7eaa1577fb65/pathway/54de8340-183a-4437-ba2b-cd127a52a1cf																		sorption corrected & abiotic degradation corrected										
CCOC1C(C)(C)C2=CC(=CC=C2O1)OS(=O)(=O)C	https://envipath.org/package/521c547a-fd2a-491c-ad5b-7eaa1577fb65/pathway/54de8340-183a-4437-ba2b-cd127a52a1cf/node/8dc12fdd-9e84-4bf8-8f49-347091f2b58b	https://envipath.org/package/521c547a-fd2a-491c-ad5b-7eaa1577fb65/scenario/fa0d11c5-d64e-45cc-be00-8033ea76b5d1	no description	https://envipath.org/package/521c547a-fd2a-491c-ad5b-7eaa1577fb65/pathway/54de8340-183a-4437-ba2b-cd127a52a1cf																		sorption corrected & abiotic degradation corrected										
CCOC1C(C)(C)C2=CC(=CC=C2O1)OS(=O)(=O)C	https://envipath.org/package/521c547a-fd2a-491c-ad5b-7eaa1577fb65/pathway/54de8340-183a-4437-ba2b-cd127a52a1cf/node/8dc12fdd-9e84-4bf8-8f49-347091f2b58b	https://envipath.org/package/521c547a-fd2a-491c-ad5b-7eaa1577fb65/scenario/ecdeb1a2-833d-4db0-aa41-7432a9222f9a	no description	https://envipath.org/package/521c547a-fd2a-491c-ad5b-7eaa1577fb65/pathway/54de8340-183a-4437-ba2b-cd127a52a1cf																		sorption corrected & abiotic degradation corrected										
CCOC1C(C)(C)C2=CC(=CC=C2O1)OS(=O)(=O)C	https://envipath.org/package/521c547a-fd2a-491c-ad5b-7eaa1577fb65/pathway/54de8340-183a-4437-ba2b-cd127a52a1cf/node/8dc12fdd-9e84-4bf8-8f49-347091f2b58b	https://envipath.org/package/521c547a-fd2a-491c-ad5b-7eaa1577fb65/scenario/8f60c764-2a3c-4abd-8fa4-5f638beb12e0	no description	https://envipath.org/package/521c547a-fd2a-491c-ad5b-7eaa1577fb65/pathway/54de8340-183a-4437-ba2b-cd127a52a1cf																		sorption corrected & abiotic degradation corrected										
CCOC1C(C)(C)C2=CC(=CC=C2O1)OS(=O)(=O)C	https://envipath.org/package/521c547a-fd2a-491c-ad5b-7eaa1577fb65/pathway/54de8340-183a-4437-ba2b-cd127a52a1cf/node/8dc12fdd-9e84-4bf8-8f49-347091f2b58b	https://envipath.org/package/521c547a-fd2a-491c-ad5b-7eaa1577fb65/scenario/340b173c-b308-44ec-a3af-5dc60b2b57c0	no description	https://envipath.org/package/521c547a-fd2a-491c-ad5b-7eaa1577fb65/pathway/54de8340-183a-4437-ba2b-cd127a52a1cf																		sorption corrected & abiotic degradation corrected										
CCOC1C(C)(C)C2=CC(=CC=C2O1)OS(=O)(=O)C	https://envipath.org/package/521c547a-fd2a-491c-ad5b-7eaa1577fb65/pathway/54de8340-183a-4437-ba2b-cd127a52a1cf/node/8dc12fdd-9e84-4bf8-8f49-347091f2b58b	https://envipath.org/package/521c547a-fd2a-491c-ad5b-7eaa1577fb65/scenario/ef827c0c-8522-4d9e-9bf5-8716d9ea0c63	no description	https://envipath.org/package/521c547a-fd2a-491c-ad5b-7eaa1577fb65/pathway/54de8340-183a-4437-ba2b-cd127a52a1cf																		sorption corrected & abiotic degradation corrected										
CCOC1C(C)(C)C2=CC(=CC=C2O1)OS(=O)(=O)C	https://envipath.org/package/521c547a-fd2a-491c-ad5b-7eaa1577fb65/pathway/54de8340-183a-4437-ba2b-cd127a52a1cf/node/8dc12fdd-9e84-4bf8-8f49-347091f2b58b	https://envipath.org/package/521c547a-fd2a-491c-ad5b-7eaa1577fb65/scenario/da9c4bd8-94a3-44af-8afa-7f34613f4d9e	no description	https://envipath.org/package/521c547a-fd2a-491c-ad5b-7eaa1577fb65/pathway/54de8340-183a-4437-ba2b-cd127a52a1cf																		sorption corrected & abiotic degradation corrected										
CC1(C)C2=CC(=CC=C2OC1O)OS(=O)(=O)C	https://envipath.org/package/521c547a-fd2a-491c-ad5b-7eaa1577fb65/pathway/54de8340-183a-4437-ba2b-cd127a52a1cf/node/80ecaca6-5117-4aff-8c81-146173f9908a	https://envipath.org/package/521c547a-fd2a-491c-ad5b-7eaa1577fb65/scenario/09436366-73df-42a6-94d1-92da8dcffae8	no description	https://envipath.org/package/521c547a-fd2a-491c-ad5b-7eaa1577fb65/pathway/54de8340-183a-4437-ba2b-cd127a52a1cf	2																											
CC1(C)C2=CC(=CC=C2OC1O)OS(=O)(=O)C	https://envipath.org/package/521c547a-fd2a-491c-ad5b-7eaa1577fb65/pathway/54de8340-183a-4437-ba2b-cd127a52a1cf/node/80ecaca6-5117-4aff-8c81-146173f9908a	https://envipath.org/package/521c547a-fd2a-491c-ad5b-7eaa1577fb65/scenario/cee27c6d-a8a2-4831-90af-68a2dbafd4b6	no description	https://envipath.org/package/521c547a-fd2a-491c-ad5b-7eaa1577fb65/pathway/54de8340-183a-4437-ba2b-cd127a52a1cf	2																											
CC1(C)C2=CC(=CC=C2OC1O)OS(=O)(=O)C	https://envipath.org/package/521c547a-fd2a-491c-ad5b-7eaa1577fb65/pathway/54de8340-183a-4437-ba2b-cd127a52a1cf/node/80ecaca6-5117-4aff-8c81-146173f9908a	https://envipath.org/package/521c547a-fd2a-491c-ad5b-7eaa1577fb65/scenario/6a63c452-e59e-40e9-a043-6a7b70018048	no description	https://envipath.org/package/521c547a-fd2a-491c-ad5b-7eaa1577fb65/pathway/54de8340-183a-4437-ba2b-cd127a52a1cf	2																											
CCCCC(=O)N(CC1=CC=C(C=C1)C2=C(C=CC=C2)C3=NN=NN3)C(C(C)C)C(=O)O	https://envipath.org/package/521c547a-fd2a-491c-ad5b-7eaa1577fb65/pathway/2b6deaec-095f-4ce4-96d2-c68ffa907e8a/node/0a22115a-2210-4686-89e5-8c21ca70fb7e	https://envipath.org/package/521c547a-fd2a-491c-ad5b-7eaa1577fb65/scenario/ef220a3b-681d-44a6-847d-58640fd6c280	no description	https://envipath.org/package/521c547a-fd2a-491c-ad5b-7eaa1577fb65/pathway/2b6deaec-095f-4ce4-96d2-c68ffa907e8a																		sorption corrected & abiotic degradation corrected										
CCCCC(=O)N(CC1=CC=C(C=C1)C2=C(C=CC=C2)C3=NN=NN3)C(C(C)C)C(=O)O	https://envipath.org/package/521c547a-fd2a-491c-ad5b-7eaa1577fb65/pathway/2b6deaec-095f-4ce4-96d2-c68ffa907e8a/node/0a22115a-2210-4686-89e5-8c21ca70fb7e	https://envipath.org/package/521c547a-fd2a-491c-ad5b-7eaa1577fb65/scenario/72d188d9-2d52-4231-86e3-f747905a560a	no description	https://envipath.org/package/521c547a-fd2a-491c-ad5b-7eaa1577fb65/pathway/2b6deaec-095f-4ce4-96d2-c68ffa907e8a																					no comment							
CCCCC(=O)N(CC1=CC=C(C=C1)C2=C(C=CC=C2)C3=NN=NN3)C(C(C)C)C(=O)O	https://envipath.org/package/521c547a-fd2a-491c-ad5b-7eaa1577fb65/pathway/2b6deaec-095f-4ce4-96d2-c68ffa907e8a/node/0a22115a-2210-4686-89e5-8c21ca70fb7e	https://envipath.org/package/521c547a-fd2a-491c-ad5b-7eaa1577fb65/scenario/0681b5d3-ab22-475f-a0fd-5367f48b1b81	no description	https://envipath.org/package/521c547a-fd2a-491c-ad5b-7eaa1577fb65/pathway/2b6deaec-095f-4ce4-96d2-c68ffa907e8a																		sorption corrected & abiotic degradation corrected										
CCCCC(=O)N(CC1=CC=C(C=C1)C2=C(C=CC=C2)C3=NN=NN3)C(C(C)C)C(=O)O	https://envipath.org/package/521c547a-fd2a-491c-ad5b-7eaa1577fb65/pathway/2b6deaec-095f-4ce4-96d2-c68ffa907e8a/node/0a22115a-2210-4686-89e5-8c21ca70fb7e	https://envipath.org/package/521c547a-fd2a-491c-ad5b-7eaa1577fb65/scenario/69bc3fc3-fb27-491d-a047-038522fb3abd	no description	https://envipath.org/package/521c547a-fd2a-491c-ad5b-7eaa1577fb65/pathway/2b6deaec-095f-4ce4-96d2-c68ffa907e8a																		sorption corrected & abiotic degradation corrected										
CCCCC(=O)N(CC1=CC=C(C=C1)C2=C(C=CC=C2)C3=NN=NN3)C(C(C)C)C(=O)O	https://envipath.org/package/521c547a-fd2a-491c-ad5b-7eaa1577fb65/pathway/2b6deaec-095f-4ce4-96d2-c68ffa907e8a/node/0a22115a-2210-4686-89e5-8c21ca70fb7e	https://envipath.org/package/521c547a-fd2a-491c-ad5b-7eaa1577fb65/scenario/775a6307-1fcf-4081-8e05-721bff246dc0	no description	https://envipath.org/package/521c547a-fd2a-491c-ad5b-7eaa1577fb65/pathway/2b6deaec-095f-4ce4-96d2-c68ffa907e8a																					<							
CCCCC(=O)N(CC1=CC=C(C=C1)C2=C(C=CC=C2)C3=NN=NN3)C(C(C)C)C(=O)O	https://envipath.org/package/521c547a-fd2a-491c-ad5b-7eaa1577fb65/pathway/2b6deaec-095f-4ce4-96d2-c68ffa907e8a/node/0a22115a-2210-4686-89e5-8c21ca70fb7e	https://envipath.org/package/521c547a-fd2a-491c-ad5b-7eaa1577fb65/scenario/7fd25c2d-9062-4752-b1a9-fe395b0e3dd4	no description	https://envipath.org/package/521c547a-fd2a-491c-ad5b-7eaa1577fb65/pathway/2b6deaec-095f-4ce4-96d2-c68ffa907e8a																					<							
CCCCC(=O)N(CC1=CC=C(C=C1)C2=C(C=CC=C2)C3=NN=NN3)C(C(C)C)C(=O)O	https://envipath.org/package/521c547a-fd2a-491c-ad5b-7eaa1577fb65/pathway/2b6deaec-095f-4ce4-96d2-c68ffa907e8a/node/0a22115a-2210-4686-89e5-8c21ca70fb7e	https://envipath.org/package/521c547a-fd2a-491c-ad5b-7eaa1577fb65/scenario/1f91880d-cf50-4a47-9d02-d9daa220c140	no description	https://envipath.org/package/521c547a-fd2a-491c-ad5b-7eaa1577fb65/pathway/2b6deaec-095f-4ce4-96d2-c68ffa907e8a																		sorption corrected & abiotic degradation corrected										
CCCCC(=O)N(CC1=CC=C(C=C1)C2=C(C=CC=C2)C3=NN=NN3)C(C(C)C)C(=O)O	https://envipath.org/package/521c547a-fd2a-491c-ad5b-7eaa1577fb65/pathway/2b6deaec-095f-4ce4-96d2-c68ffa907e8a/node/0a22115a-2210-4686-89e5-8c21ca70fb7e	https://envipath.org/package/521c547a-fd2a-491c-ad5b-7eaa1577fb65/scenario/3d17d756-b95e-4e84-aa55-dcd6f13e1a48	DOI: 10.1021/es100970m	https://envipath.org/package/521c547a-fd2a-491c-ad5b-7eaa1577fb65/pathway/2b6deaec-095f-4ce4-96d2-c68ffa907e8a		aerob	{'end': 6.2, 'start': 6.2}	pilot scale WWTP (membrane Bioreactor) Duebendorf, Switzerland	amber glass bottle		shaking	sludge age	49.95	3.0	100.0	spiking in solvent	{'end': 20.0, 'start': 20.0}	mixed WW (municipal & industrial)		7.9												
CCCCC(=O)N(CC1=CC=C(C=C1)C2=C(C=CC=C2)C3=NN=NN3)C(C(C)C)C(=O)O	https://envipath.org/package/521c547a-fd2a-491c-ad5b-7eaa1577fb65/pathway/2b6deaec-095f-4ce4-96d2-c68ffa907e8a/node/0a22115a-2210-4686-89e5-8c21ca70fb7e	https://envipath.org/package/521c547a-fd2a-491c-ad5b-7eaa1577fb65/scenario/a4012d9c-d1bf-4092-892a-8f3f4996fb75	no description	https://envipath.org/package/521c547a-fd2a-491c-ad5b-7eaa1577fb65/pathway/2b6deaec-095f-4ce4-96d2-c68ffa907e8a																		sorption corrected & abiotic degradation corrected										
CCCCC(=O)N(CC1=CC=C(C=C1)C2=C(C=CC=C2)C3=NN=NN3)C(C(C)C)C(=O)O	https://envipath.org/package/521c547a-fd2a-491c-ad5b-7eaa1577fb65/pathway/2b6deaec-095f-4ce4-96d2-c68ffa907e8a/node/0a22115a-2210-4686-89e5-8c21ca70fb7e	https://envipath.org/package/521c547a-fd2a-491c-ad5b-7eaa1577fb65/scenario/12933045-56dc-4f70-8325-5afc24616498	no description	https://envipath.org/package/521c547a-fd2a-491c-ad5b-7eaa1577fb65/pathway/2b6deaec-095f-4ce4-96d2-c68ffa907e8a																		sorption corrected & abiotic degradation corrected										
CCCCC(=O)N(CC1=CC=C(C=C1)C2=C(C=CC=C2)C3=NN=NN3)C(C(C)C)C(=O)O	https://envipath.org/package/521c547a-fd2a-491c-ad5b-7eaa1577fb65/pathway/2b6deaec-095f-4ce4-96d2-c68ffa907e8a/node/0a22115a-2210-4686-89e5-8c21ca70fb7e	https://envipath.org/package/521c547a-fd2a-491c-ad5b-7eaa1577fb65/scenario/916fcd23-ca4b-486b-8f9c-797f36c40671	no description	https://envipath.org/package/521c547a-fd2a-491c-ad5b-7eaa1577fb65/pathway/2b6deaec-095f-4ce4-96d2-c68ffa907e8a																		sorption corrected & abiotic degradation corrected										
CCCCC(=O)N(CC1=CC=C(C=C1)C2=C(C=CC=C2)C3=NN=NN3)C(C(C)C)C(=O)O	https://envipath.org/package/521c547a-fd2a-491c-ad5b-7eaa1577fb65/pathway/2b6deaec-095f-4ce4-96d2-c68ffa907e8a/node/0a22115a-2210-4686-89e5-8c21ca70fb7e	https://envipath.org/package/521c547a-fd2a-491c-ad5b-7eaa1577fb65/scenario/bad2ef60-8816-46a1-8960-00994880e435	no description	https://envipath.org/package/521c547a-fd2a-491c-ad5b-7eaa1577fb65/pathway/2b6deaec-095f-4ce4-96d2-c68ffa907e8a																		sorption corrected & abiotic degradation corrected										
CCCCC(=O)N(CC1=CC=C(C=C1)C2=C(C=CC=C2)C3=NN=NN3)C(C(C)C)C(=O)O	https://envipath.org/package/521c547a-fd2a-491c-ad5b-7eaa1577fb65/pathway/2b6deaec-095f-4ce4-96d2-c68ffa907e8a/node/0a22115a-2210-4686-89e5-8c21ca70fb7e	https://envipath.org/package/521c547a-fd2a-491c-ad5b-7eaa1577fb65/scenario/3b14b736-2f51-4d60-8cc7-73ca7eb076ba	no description	https://envipath.org/package/521c547a-fd2a-491c-ad5b-7eaa1577fb65/pathway/2b6deaec-095f-4ce4-96d2-c68ffa907e8a																					no comment							
CCCCC(=O)N(CC1=CC=C(C=C1)C2=C(C=CC=C2)C3=NN=NN3)C(C(C)C)C(=O)O	https://envipath.org/package/521c547a-fd2a-491c-ad5b-7eaa1577fb65/pathway/2b6deaec-095f-4ce4-96d2-c68ffa907e8a/node/0a22115a-2210-4686-89e5-8c21ca70fb7e	https://envipath.org/package/521c547a-fd2a-491c-ad5b-7eaa1577fb65/scenario/60dd81e3-daa9-4837-b6d2-bc193f1feb1b	no description	https://envipath.org/package/521c547a-fd2a-491c-ad5b-7eaa1577fb65/pathway/2b6deaec-095f-4ce4-96d2-c68ffa907e8a																		sorption corrected & abiotic degradation corrected										
CCCCC(=O)N(CC1=CC=C(C=C1)C2=C(C=CC=C2)C3=NN=NN3)C(C(C)C)C(=O)O	https://envipath.org/package/521c547a-fd2a-491c-ad5b-7eaa1577fb65/pathway/2b6deaec-095f-4ce4-96d2-c68ffa907e8a/node/0a22115a-2210-4686-89e5-8c21ca70fb7e	https://envipath.org/package/521c547a-fd2a-491c-ad5b-7eaa1577fb65/scenario/9a919e1b-9864-4a1b-a0b4-f86c1e08e1bb	no description	https://envipath.org/package/521c547a-fd2a-491c-ad5b-7eaa1577fb65/pathway/2b6deaec-095f-4ce4-96d2-c68ffa907e8a																		sorption corrected & abiotic degradation corrected										
CCCCC(=O)N(CC1=CC=C(C=C1)C2=C(C=CC=C2)C3=NN=NN3)C(C(C)C)C(=O)O	https://envipath.org/package/521c547a-fd2a-491c-ad5b-7eaa1577fb65/pathway/2b6deaec-095f-4ce4-96d2-c68ffa907e8a/node/0a22115a-2210-4686-89e5-8c21ca70fb7e	https://envipath.org/package/521c547a-fd2a-491c-ad5b-7eaa1577fb65/scenario/ee4b1dca-e1c4-4a25-8119-94399a6eff05	no description	https://envipath.org/package/521c547a-fd2a-491c-ad5b-7eaa1577fb65/pathway/2b6deaec-095f-4ce4-96d2-c68ffa907e8a																		sorption corrected & abiotic degradation corrected										
C1=CC(=C(C=C1)C2=NN=NN2)C3=CC=C(C=C3)CN	https://envipath.org/package/521c547a-fd2a-491c-ad5b-7eaa1577fb65/pathway/2b6deaec-095f-4ce4-96d2-c68ffa907e8a/node/39a1e319-7f3d-4bc0-8a36-7f0de31cb64a	https://envipath.org/package/521c547a-fd2a-491c-ad5b-7eaa1577fb65/scenario/3d17d756-b95e-4e84-aa55-dcd6f13e1a48	DOI: 10.1021/es100970m	https://envipath.org/package/521c547a-fd2a-491c-ad5b-7eaa1577fb65/pathway/2b6deaec-095f-4ce4-96d2-c68ffa907e8a		aerob	{'end': 6.2, 'start': 6.2}	pilot scale WWTP (membrane Bioreactor) Duebendorf, Switzerland	amber glass bottle		shaking	sludge age	49.95	3.0	100.0	spiking in solvent	{'end': 20.0, 'start': 20.0}	mixed WW (municipal & industrial)		7.9												
C1=CC(=C(C=C1)C2=NN=NN2)C3=CC=C(C=C3)CN	https://envipath.org/package/521c547a-fd2a-491c-ad5b-7eaa1577fb65/pathway/2b6deaec-095f-4ce4-96d2-c68ffa907e8a/node/39a1e319-7f3d-4bc0-8a36-7f0de31cb64a	https://envipath.org/package/521c547a-fd2a-491c-ad5b-7eaa1577fb65/scenario/ed79280d-e48b-46ad-8161-b4dd06773e45	DOI: 10.1021/es101035b	https://envipath.org/package/521c547a-fd2a-491c-ad5b-7eaa1577fb65/pathway/2b6deaec-095f-4ce4-96d2-c68ffa907e8a		aerob	{'end': 6.2, 'start': 6.2}	Duebendorf, Switzerland	amber glass		shaking		49.95	3.0	100.0	spiking in solvent	{'end': 20.0, 'start': 20.0}	mixed WW (municipal & industrial)			nanofiltered ps-MBR effluent											
C1=CC(=C(C=C1)C2=NN=NN2)C3=CC=C(C=C3)CN	https://envipath.org/package/521c547a-fd2a-491c-ad5b-7eaa1577fb65/pathway/2b6deaec-095f-4ce4-96d2-c68ffa907e8a/node/39a1e319-7f3d-4bc0-8a36-7f0de31cb64a	https://envipath.org/package/521c547a-fd2a-491c-ad5b-7eaa1577fb65/scenario/ce2c7c16-7a04-4a72-83c1-cae1936764d8	BT experiments in dilute biomass	https://envipath.org/package/521c547a-fd2a-491c-ad5b-7eaa1577fb65/pathway/2b6deaec-095f-4ce4-96d2-c68ffa907e8a	4																											
C1=CC(=C(C=C1)C2=NN=NN2)C3=CC=C(C=C3)CN	https://envipath.org/package/521c547a-fd2a-491c-ad5b-7eaa1577fb65/pathway/2b6deaec-095f-4ce4-96d2-c68ffa907e8a/node/39a1e319-7f3d-4bc0-8a36-7f0de31cb64a	https://envipath.org/package/521c547a-fd2a-491c-ad5b-7eaa1577fb65/scenario/1513002c-4de5-465d-8157-3000fea01aa9	BT experiments in high biomass	https://envipath.org/package/521c547a-fd2a-491c-ad5b-7eaa1577fb65/pathway/2b6deaec-095f-4ce4-96d2-c68ffa907e8a	4																											
CCCCC(=O)NCC1=CC=C(C=C1)C2=C(C=CC=C2)C3=NN=NN3	https://envipath.org/package/521c547a-fd2a-491c-ad5b-7eaa1577fb65/pathway/2b6deaec-095f-4ce4-96d2-c68ffa907e8a/node/105c4193-60cc-4238-9c02-d1e21801e828	https://envipath.org/package/521c547a-fd2a-491c-ad5b-7eaa1577fb65/scenario/4a66e239-6f04-42c7-b67a-64db35e72c16	BT experiments in dilute biomass	https://envipath.org/package/521c547a-fd2a-491c-ad5b-7eaa1577fb65/pathway/2b6deaec-095f-4ce4-96d2-c68ffa907e8a	3																											
CCCCC(=O)NCC1=CC=C(C=C1)C2=C(C=CC=C2)C3=NN=NN3	https://envipath.org/package/521c547a-fd2a-491c-ad5b-7eaa1577fb65/pathway/2b6deaec-095f-4ce4-96d2-c68ffa907e8a/node/105c4193-60cc-4238-9c02-d1e21801e828	https://envipath.org/package/521c547a-fd2a-491c-ad5b-7eaa1577fb65/scenario/567eeb05-455d-4808-b47a-1637dde0e14f	BT experiments in high biomass	https://envipath.org/package/521c547a-fd2a-491c-ad5b-7eaa1577fb65/pathway/2b6deaec-095f-4ce4-96d2-c68ffa907e8a	3																											
CCCCC(=O)NCC1=CC=C(C=C1)C2=C(C=CC=C2)C3=NN=NN3	https://envipath.org/package/521c547a-fd2a-491c-ad5b-7eaa1577fb65/pathway/2b6deaec-095f-4ce4-96d2-c68ffa907e8a/node/105c4193-60cc-4238-9c02-d1e21801e828	https://envipath.org/package/521c547a-fd2a-491c-ad5b-7eaa1577fb65/scenario/3d17d756-b95e-4e84-aa55-dcd6f13e1a48	DOI: 10.1021/es100970m	https://envipath.org/package/521c547a-fd2a-491c-ad5b-7eaa1577fb65/pathway/2b6deaec-095f-4ce4-96d2-c68ffa907e8a		aerob	{'end': 6.2, 'start': 6.2}	pilot scale WWTP (membrane Bioreactor) Duebendorf, Switzerland	amber glass bottle		shaking	sludge age	49.95	3.0	100.0	spiking in solvent	{'end': 20.0, 'start': 20.0}	mixed WW (municipal & industrial)		7.9												
CCCCC(=O)NCC1=CC=C(C=C1)C2=C(C=CC=C2)C3=NN=NN3	https://envipath.org/package/521c547a-fd2a-491c-ad5b-7eaa1577fb65/pathway/2b6deaec-095f-4ce4-96d2-c68ffa907e8a/node/105c4193-60cc-4238-9c02-d1e21801e828	https://envipath.org/package/521c547a-fd2a-491c-ad5b-7eaa1577fb65/scenario/ed79280d-e48b-46ad-8161-b4dd06773e45	DOI: 10.1021/es101035b	https://envipath.org/package/521c547a-fd2a-491c-ad5b-7eaa1577fb65/pathway/2b6deaec-095f-4ce4-96d2-c68ffa907e8a		aerob	{'end': 6.2, 'start': 6.2}	Duebendorf, Switzerland	amber glass		shaking		49.95	3.0	100.0	spiking in solvent	{'end': 20.0, 'start': 20.0}	mixed WW (municipal & industrial)			nanofiltered ps-MBR effluent											
C1=CC(=C(C=C1)C2=NN=NN2)C3=CC=C(C=C3)C(=O)O	https://envipath.org/package/521c547a-fd2a-491c-ad5b-7eaa1577fb65/pathway/2b6deaec-095f-4ce4-96d2-c68ffa907e8a/node/0b687b79-d676-4a61-995d-05145a56784f	https://envipath.org/package/521c547a-fd2a-491c-ad5b-7eaa1577fb65/scenario/f3cbcab2-c581-4a4a-853d-7724deaaa107	DOI: 10.1021/es3019012	https://envipath.org/package/521c547a-fd2a-491c-ad5b-7eaa1577fb65/pathway/2b6deaec-095f-4ce4-96d2-c68ffa907e8a		aerob	{'end': 8.1, 'start': 8.1}	Switzerland (IND5)	amber glass Schott bottles (loosely capped)	activated sludge from biological aeration basin	shaking	sludge retention time	70.0	9.6	100.0	plating	{'end': 20.0, 'start': 20.0}	industrial WW			none (sludge only)						3000.0	100.0	22.0			
C1=CC(=C(C=C1)C2=NN=NN2)C3=CC=C(C=C3)C(=O)O	https://envipath.org/package/521c547a-fd2a-491c-ad5b-7eaa1577fb65/pathway/2b6deaec-095f-4ce4-96d2-c68ffa907e8a/node/0b687b79-d676-4a61-995d-05145a56784f	https://envipath.org/package/521c547a-fd2a-491c-ad5b-7eaa1577fb65/scenario/6f3ab9e2-5bfb-4082-92b2-e46bfc6766eb	DOI: 10.1021/es3019012	https://envipath.org/package/521c547a-fd2a-491c-ad5b-7eaa1577fb65/pathway/2b6deaec-095f-4ce4-96d2-c68ffa907e8a		aerob	{'end': 7.6, 'start': 7.6}	Switzerland (DOM1)	amber glass Schott bottles (loosely capped)	activated sludge from biological aeration basin	shaking	sludge retention time	70.0	3.0	100.0	plating	{'end': 20.0, 'start': 20.0}	municipal WW			none (sludge only)			nitrification			203.0	18.6	5.0			
C1=CC(=C(C=C1)C2=NN=NN2)C3=CC=C(C=C3)C(=O)O	https://envipath.org/package/521c547a-fd2a-491c-ad5b-7eaa1577fb65/pathway/2b6deaec-095f-4ce4-96d2-c68ffa907e8a/node/0b687b79-d676-4a61-995d-05145a56784f	https://envipath.org/package/521c547a-fd2a-491c-ad5b-7eaa1577fb65/scenario/bdb3ab2f-46d6-4a20-941b-fd893d2798c9	DOI: 10.1021/es3019012	https://envipath.org/package/521c547a-fd2a-491c-ad5b-7eaa1577fb65/pathway/2b6deaec-095f-4ce4-96d2-c68ffa907e8a		aerob	{'end': 7.3, 'start': 7.3}	Switzerland (IND2)	amber glass Schott bottles (loosely capped)	activated sludge from biological aeration basin	shaking	sludge retention time	70.0	4.7	100.0	plating	{'end': 20.0, 'start': 20.0}	industrial WW			none (sludge only)			nitrification & denitrification			820.0	86.0	6.0			
C1=CC(=C(C=C1)C2=NN=NN2)C3=CC=C(C=C3)C(=O)O	https://envipath.org/package/521c547a-fd2a-491c-ad5b-7eaa1577fb65/pathway/2b6deaec-095f-4ce4-96d2-c68ffa907e8a/node/0b687b79-d676-4a61-995d-05145a56784f	https://envipath.org/package/521c547a-fd2a-491c-ad5b-7eaa1577fb65/scenario/be2d91cf-9c2f-4df3-8e2f-bb7fb8b6f5ca	DOI: 10.1021/es3019012	https://envipath.org/package/521c547a-fd2a-491c-ad5b-7eaa1577fb65/pathway/2b6deaec-095f-4ce4-96d2-c68ffa907e8a		aerob	{'end': 8.1, 'start': 8.1}	Switzerland (DOM4)	amber glass Schott bottles (loosely capped)	activated sludge from biological aeration basin	shaking	sludge retention time	70.0	2.3	100.0	plating	{'end': 20.0, 'start': 20.0}	municipal WW			none (sludge only)						160.0	10.0	3.0			
C1=CC(=C(C=C1)C2=NN=NN2)C3=CC=C(C=C3)C(=O)O	https://envipath.org/package/521c547a-fd2a-491c-ad5b-7eaa1577fb65/pathway/2b6deaec-095f-4ce4-96d2-c68ffa907e8a/node/0b687b79-d676-4a61-995d-05145a56784f	https://envipath.org/package/521c547a-fd2a-491c-ad5b-7eaa1577fb65/scenario/85a0e7ac-6e8e-4d91-a5f4-ee4f56316d04	BT experiments in high biomass	https://envipath.org/package/521c547a-fd2a-491c-ad5b-7eaa1577fb65/pathway/2b6deaec-095f-4ce4-96d2-c68ffa907e8a	1																											
C1=CC(=C(C=C1)C2=NN=NN2)C3=CC=C(C=C3)C(=O)O	https://envipath.org/package/521c547a-fd2a-491c-ad5b-7eaa1577fb65/pathway/2b6deaec-095f-4ce4-96d2-c68ffa907e8a/node/0b687b79-d676-4a61-995d-05145a56784f	https://envipath.org/package/521c547a-fd2a-491c-ad5b-7eaa1577fb65/scenario/3d17d756-b95e-4e84-aa55-dcd6f13e1a48	DOI: 10.1021/es100970m	https://envipath.org/package/521c547a-fd2a-491c-ad5b-7eaa1577fb65/pathway/2b6deaec-095f-4ce4-96d2-c68ffa907e8a		aerob	{'end': 6.2, 'start': 6.2}	pilot scale WWTP (membrane Bioreactor) Duebendorf, Switzerland	amber glass bottle		shaking	sludge age	49.95	3.0	100.0	spiking in solvent	{'end': 20.0, 'start': 20.0}	mixed WW (municipal & industrial)		7.9												
C1=CC(=C(C=C1)C2=NN=NN2)C3=CC=C(C=C3)C(=O)O	https://envipath.org/package/521c547a-fd2a-491c-ad5b-7eaa1577fb65/pathway/2b6deaec-095f-4ce4-96d2-c68ffa907e8a/node/0b687b79-d676-4a61-995d-05145a56784f	https://envipath.org/package/521c547a-fd2a-491c-ad5b-7eaa1577fb65/scenario/ed79280d-e48b-46ad-8161-b4dd06773e45	DOI: 10.1021/es101035b	https://envipath.org/package/521c547a-fd2a-491c-ad5b-7eaa1577fb65/pathway/2b6deaec-095f-4ce4-96d2-c68ffa907e8a		aerob	{'end': 6.2, 'start': 6.2}	Duebendorf, Switzerland	amber glass		shaking		49.95	3.0	100.0	spiking in solvent	{'end': 20.0, 'start': 20.0}	mixed WW (municipal & industrial)			nanofiltered ps-MBR effluent											
C1=CC(=C(C=C1)C2=NN=NN2)C3=CC=C(C=C3)C(=O)O	https://envipath.org/package/521c547a-fd2a-491c-ad5b-7eaa1577fb65/pathway/2b6deaec-095f-4ce4-96d2-c68ffa907e8a/node/0b687b79-d676-4a61-995d-05145a56784f	https://envipath.org/package/521c547a-fd2a-491c-ad5b-7eaa1577fb65/scenario/75bdaff9-0a46-4e1e-90f8-92a40af17e48	DOI: 10.1021/es3019012	https://envipath.org/package/521c547a-fd2a-491c-ad5b-7eaa1577fb65/pathway/2b6deaec-095f-4ce4-96d2-c68ffa907e8a		aerob	{'end': 7.5, 'start': 7.5}	Switzerland (DOM3)	amber glass Schott bottles (loosely capped)	activated sludge from biological aeration basin	shaking	sludge retention time	70.0	12.4	100.0	plating	{'end': 20.0, 'start': 20.0}	municipal WW			none (sludge only)			nitrification & denitrification			320.0	24.9	9.0			
C1=CC(=C(C=C1)C2=NN=NN2)C3=CC=C(C=C3)C(=O)O	https://envipath.org/package/521c547a-fd2a-491c-ad5b-7eaa1577fb65/pathway/2b6deaec-095f-4ce4-96d2-c68ffa907e8a/node/0b687b79-d676-4a61-995d-05145a56784f	https://envipath.org/package/521c547a-fd2a-491c-ad5b-7eaa1577fb65/scenario/1ce53c39-f91e-4dd8-b909-36b1400f6164	DOI: 10.1021/es3019012	https://envipath.org/package/521c547a-fd2a-491c-ad5b-7eaa1577fb65/pathway/2b6deaec-095f-4ce4-96d2-c68ffa907e8a		aerob	{'end': 8.1, 'start': 8.1}	Switzerland (DOM5)	amber glass Schott bottles (loosely capped)	activated sludge from biological aeration basin	shaking	sludge retention time	70.0	2.2	100.0	plating	{'end': 20.0, 'start': 20.0}	municipal WW			none (sludge only)			nitrification & denitrification				26.2	5.0			
C1=CC(=C(C=C1)C2=NN=NN2)C3=CC=C(C=C3)C(=O)O	https://envipath.org/package/521c547a-fd2a-491c-ad5b-7eaa1577fb65/pathway/2b6deaec-095f-4ce4-96d2-c68ffa907e8a/node/0b687b79-d676-4a61-995d-05145a56784f	https://envipath.org/package/521c547a-fd2a-491c-ad5b-7eaa1577fb65/scenario/1c14646c-cb5e-41e7-be42-fdcf0c392847	BT experiments in dilute biomass	https://envipath.org/package/521c547a-fd2a-491c-ad5b-7eaa1577fb65/pathway/2b6deaec-095f-4ce4-96d2-c68ffa907e8a	1																											
C1=CC(=C(C=C1)C2=NN=NN2)C3=CC=C(C=C3)C(=O)O	https://envipath.org/package/521c547a-fd2a-491c-ad5b-7eaa1577fb65/pathway/2b6deaec-095f-4ce4-96d2-c68ffa907e8a/node/0b687b79-d676-4a61-995d-05145a56784f	https://envipath.org/package/521c547a-fd2a-491c-ad5b-7eaa1577fb65/scenario/e482e11f-2d22-406e-93e4-2633e7b99212	DOI: 10.1021/es3019012	https://envipath.org/package/521c547a-fd2a-491c-ad5b-7eaa1577fb65/pathway/2b6deaec-095f-4ce4-96d2-c68ffa907e8a		aerob	{'end': 7.6, 'start': 7.6}	Switzerland (DOM2)	amber glass Schott bottles (loosely capped)	activated sludge from biological aeration basin	shaking	sludge retention time	70.0	3.0	100.0	plating	{'end': 20.0, 'start': 20.0}	municipal WW			none (sludge only)						54.0	3.3	2.0			
C1=CC(=C(C=C1)C2=NN=NN2)C3=CC=C(C=C3)C(=O)O	https://envipath.org/package/521c547a-fd2a-491c-ad5b-7eaa1577fb65/pathway/2b6deaec-095f-4ce4-96d2-c68ffa907e8a/node/0b687b79-d676-4a61-995d-05145a56784f	https://envipath.org/package/521c547a-fd2a-491c-ad5b-7eaa1577fb65/scenario/dc5454bd-50a8-457b-90e1-9d39bb9b052a	DOI: 10.1021/es3019012	https://envipath.org/package/521c547a-fd2a-491c-ad5b-7eaa1577fb65/pathway/2b6deaec-095f-4ce4-96d2-c68ffa907e8a		aerob	{'end': 7.0, 'start': 7.0}	Switzerland (IND4)	amber glass Schott bottles (loosely capped)	activated sludge from biological aeration basin	shaking	sludge retention time	70.0	6.0	100.0	plating	{'end': 20.0, 'start': 20.0}	industrial WW			none (sludge only)						650.0	86.2				
C1=CC(=C(C=C1)C2=NN=NN2)C3=CC=C(C=C3)C(=O)O	https://envipath.org/package/521c547a-fd2a-491c-ad5b-7eaa1577fb65/pathway/2b6deaec-095f-4ce4-96d2-c68ffa907e8a/node/0b687b79-d676-4a61-995d-05145a56784f	https://envipath.org/package/521c547a-fd2a-491c-ad5b-7eaa1577fb65/scenario/408239a6-4e06-4b21-875a-326d967412dd	DOI: 10.1021/es3019012	https://envipath.org/package/521c547a-fd2a-491c-ad5b-7eaa1577fb65/pathway/2b6deaec-095f-4ce4-96d2-c68ffa907e8a		aerob	{'end': 6.2, 'start': 6.2}	Switzerland (IND3)	amber glass Schott bottles (loosely capped)	activated sludge from biological aeration basin	shaking	sludge retention time	70.0	6.9	100.0	plating	{'end': 20.0, 'start': 20.0}	industrial WW			none (sludge only)			other			1892.0					
C1=CC(=C(C=C1)C2=NN=NN2)C3=CC=C(C=C3)C(=O)O	https://envipath.org/package/521c547a-fd2a-491c-ad5b-7eaa1577fb65/pathway/2b6deaec-095f-4ce4-96d2-c68ffa907e8a/node/0b687b79-d676-4a61-995d-05145a56784f	https://envipath.org/package/521c547a-fd2a-491c-ad5b-7eaa1577fb65/scenario/20aab74e-ed9f-484d-b3b2-1d846aa49263	DOI: 10.1021/es3019012	https://envipath.org/package/521c547a-fd2a-491c-ad5b-7eaa1577fb65/pathway/2b6deaec-095f-4ce4-96d2-c68ffa907e8a		aerob	{'end': 7.0, 'start': 7.0}	Switzerland (IND1)	amber glass Schott bottles (loosely capped)	activated sludge from biological aeration basin	shaking	sludge retention time	70.0	6.8	100.0	plating	{'end': 20.0, 'start': 20.0}	mixed WW (municipal & industrial)			none (sludge only)			nitrification & denitrification			500.0	23.0	3.0			
C1=CC(=C(C=C1)N2CCNCC2)Cl	https://envipath.org/package/521c547a-fd2a-491c-ad5b-7eaa1577fb65/pathway/e49e7368-4d00-467c-85a3-1556bf074018/node/d0582515-d266-4e5f-b665-3a612ad47a68	https://envipath.org/package/521c547a-fd2a-491c-ad5b-7eaa1577fb65/scenario/f62928f2-e54f-4c8e-96d6-119d6f14f7ae	no description	https://envipath.org/package/521c547a-fd2a-491c-ad5b-7eaa1577fb65/pathway/e49e7368-4d00-467c-85a3-1556bf074018																		sorption corrected & abiotic degradation corrected										
C1=CC(=C(C=C1)N2CCNCC2)Cl	https://envipath.org/package/521c547a-fd2a-491c-ad5b-7eaa1577fb65/pathway/e49e7368-4d00-467c-85a3-1556bf074018/node/d0582515-d266-4e5f-b665-3a612ad47a68	https://envipath.org/package/521c547a-fd2a-491c-ad5b-7eaa1577fb65/scenario/b4a8a6f8-8939-466c-9f71-a85c69ae8dbc	no description	https://envipath.org/package/521c547a-fd2a-491c-ad5b-7eaa1577fb65/pathway/e49e7368-4d00-467c-85a3-1556bf074018																		sorption corrected & abiotic degradation corrected										
C1=CC(=C(C=C1)N2CCNCC2)Cl	https://envipath.org/package/521c547a-fd2a-491c-ad5b-7eaa1577fb65/pathway/e49e7368-4d00-467c-85a3-1556bf074018/node/d0582515-d266-4e5f-b665-3a612ad47a68	https://envipath.org/package/521c547a-fd2a-491c-ad5b-7eaa1577fb65/scenario/63e20f51-a956-424c-9292-5aa9c951a450	no description	https://envipath.org/package/521c547a-fd2a-491c-ad5b-7eaa1577fb65/pathway/e49e7368-4d00-467c-85a3-1556bf074018																		sorption corrected & abiotic degradation corrected										
C/C(=N\C1=CC(=CC2=CC=CN=C21)OC)/CCC(=O)O	https://envipath.org/package/521c547a-fd2a-491c-ad5b-7eaa1577fb65/pathway/3d1cdf4f-b3d0-4606-b9d3-dfcd4928d01d/node/8d3763c5-db22-428c-b433-8588d51b27f9	https://envipath.org/package/521c547a-fd2a-491c-ad5b-7eaa1577fb65/scenario/489033d4-dd30-4bdc-8ac7-97f9f7bc19a0	no description	https://envipath.org/package/521c547a-fd2a-491c-ad5b-7eaa1577fb65/pathway/3d1cdf4f-b3d0-4606-b9d3-dfcd4928d01d	3																											
CC(CCC(=O)O)NC1=CC(=CC2=CC=CN=C21)OCBr	https://envipath.org/package/521c547a-fd2a-491c-ad5b-7eaa1577fb65/pathway/3d1cdf4f-b3d0-4606-b9d3-dfcd4928d01d/node/14f44c20-a8c8-446a-9e1d-4c9ce4ec18b1	https://envipath.org/package/521c547a-fd2a-491c-ad5b-7eaa1577fb65/scenario/6a05a92b-1500-429d-8006-d38c2b16ebf6	no description	https://envipath.org/package/521c547a-fd2a-491c-ad5b-7eaa1577fb65/pathway/3d1cdf4f-b3d0-4606-b9d3-dfcd4928d01d	3																											
CC(CCC(=O)O)N(C=O)C1=CC(=CC2=CC=CN=C21)OC	https://envipath.org/package/521c547a-fd2a-491c-ad5b-7eaa1577fb65/pathway/3d1cdf4f-b3d0-4606-b9d3-dfcd4928d01d/node/83b0252d-ea57-4e9e-a399-6d3574e73ec7	https://envipath.org/package/521c547a-fd2a-491c-ad5b-7eaa1577fb65/scenario/a58e84d3-b88d-4f67-b28a-092e2365f89c	no description	https://envipath.org/package/521c547a-fd2a-491c-ad5b-7eaa1577fb65/pathway/3d1cdf4f-b3d0-4606-b9d3-dfcd4928d01d	3																											
CC(CCC(=O)O)NC1=CC(=CC2=CC=CN=C21)OC	https://envipath.org/package/521c547a-fd2a-491c-ad5b-7eaa1577fb65/pathway/3d1cdf4f-b3d0-4606-b9d3-dfcd4928d01d/node/6ea383ee-4d08-452b-9ac1-eb64905bbe35	https://envipath.org/package/521c547a-fd2a-491c-ad5b-7eaa1577fb65/scenario/0c87aa92-0be1-4725-aa0d-88fc1283d474	no description	https://envipath.org/package/521c547a-fd2a-491c-ad5b-7eaa1577fb65/pathway/3d1cdf4f-b3d0-4606-b9d3-dfcd4928d01d	3																											
CC(CCCN)NC1=CC(=CC2=CC=CN=C21)OC	https://envipath.org/package/521c547a-fd2a-491c-ad5b-7eaa1577fb65/pathway/3d1cdf4f-b3d0-4606-b9d3-dfcd4928d01d/node/520f5606-0939-4192-a889-11a549734acb	https://envipath.org/package/521c547a-fd2a-491c-ad5b-7eaa1577fb65/scenario/c4e3e1a2-e799-4bda-bb23-a195e40e0b13	no description	https://envipath.org/package/521c547a-fd2a-491c-ad5b-7eaa1577fb65/pathway/3d1cdf4f-b3d0-4606-b9d3-dfcd4928d01d																		sorption corrected & abiotic degradation corrected										
CC(CCCN)NC1=CC(=CC2=CC=CN=C21)OC	https://envipath.org/package/521c547a-fd2a-491c-ad5b-7eaa1577fb65/pathway/3d1cdf4f-b3d0-4606-b9d3-dfcd4928d01d/node/520f5606-0939-4192-a889-11a549734acb	https://envipath.org/package/521c547a-fd2a-491c-ad5b-7eaa1577fb65/scenario/f050eea5-9d71-4950-996a-b1173fa7f168	no description	https://envipath.org/package/521c547a-fd2a-491c-ad5b-7eaa1577fb65/pathway/3d1cdf4f-b3d0-4606-b9d3-dfcd4928d01d																		sorption corrected & abiotic degradation corrected										
CC(CCCN)NC1=CC(=CC2=CC=CN=C21)OC	https://envipath.org/package/521c547a-fd2a-491c-ad5b-7eaa1577fb65/pathway/3d1cdf4f-b3d0-4606-b9d3-dfcd4928d01d/node/520f5606-0939-4192-a889-11a549734acb	https://envipath.org/package/521c547a-fd2a-491c-ad5b-7eaa1577fb65/scenario/7142d7d5-c2fc-4f52-8cdd-9b205844ef14	no description	https://envipath.org/package/521c547a-fd2a-491c-ad5b-7eaa1577fb65/pathway/3d1cdf4f-b3d0-4606-b9d3-dfcd4928d01d	1																											
CC(CCCN)NC1=CC(=CC2=CC=CN=C21)OC	https://envipath.org/package/521c547a-fd2a-491c-ad5b-7eaa1577fb65/pathway/3d1cdf4f-b3d0-4606-b9d3-dfcd4928d01d/node/520f5606-0939-4192-a889-11a549734acb	https://envipath.org/package/521c547a-fd2a-491c-ad5b-7eaa1577fb65/scenario/e9c0a691-6163-4580-a9b7-3f164636d4ad	no description	https://envipath.org/package/521c547a-fd2a-491c-ad5b-7eaa1577fb65/pathway/3d1cdf4f-b3d0-4606-b9d3-dfcd4928d01d																		sorption corrected & abiotic degradation corrected										
CC(C(=O)O)NC1=CC(=CC2=CC=CN=C21)OC	https://envipath.org/package/521c547a-fd2a-491c-ad5b-7eaa1577fb65/pathway/3d1cdf4f-b3d0-4606-b9d3-dfcd4928d01d/node/fd699337-baaa-440b-ab84-d7318612914f	https://envipath.org/package/521c547a-fd2a-491c-ad5b-7eaa1577fb65/scenario/dd5e6063-d087-4a63-9266-fa1a39876fc4	no description	https://envipath.org/package/521c547a-fd2a-491c-ad5b-7eaa1577fb65/pathway/3d1cdf4f-b3d0-4606-b9d3-dfcd4928d01d	3																											
COC1=CC2=CC=CN=C2C(=C1)N	https://envipath.org/package/521c547a-fd2a-491c-ad5b-7eaa1577fb65/pathway/3d1cdf4f-b3d0-4606-b9d3-dfcd4928d01d/node/4c271d1d-744e-4b61-9064-37fed66d5747	https://envipath.org/package/521c547a-fd2a-491c-ad5b-7eaa1577fb65/scenario/41225ac4-3538-4ec2-bb74-da34852d9043	no description	https://envipath.org/package/521c547a-fd2a-491c-ad5b-7eaa1577fb65/pathway/3d1cdf4f-b3d0-4606-b9d3-dfcd4928d01d	2																											
CC(CCCNC(=O)C)NC1=CC(=CC2=CC=CN=C21)OC	https://envipath.org/package/521c547a-fd2a-491c-ad5b-7eaa1577fb65/pathway/3d1cdf4f-b3d0-4606-b9d3-dfcd4928d01d/node/778dc5eb-3d35-4820-81ec-0cc5aa190f2d	https://envipath.org/package/521c547a-fd2a-491c-ad5b-7eaa1577fb65/scenario/fca6d0a1-64ee-4eb3-a756-b3f0a1655069	no description	https://envipath.org/package/521c547a-fd2a-491c-ad5b-7eaa1577fb65/pathway/3d1cdf4f-b3d0-4606-b9d3-dfcd4928d01d	3																											
C#CC(NCC1=CC=CC=C1)O	https://envipath.org/package/521c547a-fd2a-491c-ad5b-7eaa1577fb65/pathway/46c97a18-b9ff-48a4-8cb2-149f98366a2e/node/8ec22965-e44e-44d1-a8b5-c410cd3878ca	https://envipath.org/package/521c547a-fd2a-491c-ad5b-7eaa1577fb65/scenario/3e6bd00e-265c-4048-96a3-86190d711d24	no description	https://envipath.org/package/521c547a-fd2a-491c-ad5b-7eaa1577fb65/pathway/46c97a18-b9ff-48a4-8cb2-149f98366a2e	3																											
C#CCNCC1=CC=CC=C1	https://envipath.org/package/521c547a-fd2a-491c-ad5b-7eaa1577fb65/pathway/46c97a18-b9ff-48a4-8cb2-149f98366a2e/node/b069c15c-6573-4186-91d0-2ea23c2d9db9	https://envipath.org/package/521c547a-fd2a-491c-ad5b-7eaa1577fb65/scenario/aee0b147-d9c1-4b4d-96b0-92d83af34fd2	no description	https://envipath.org/package/521c547a-fd2a-491c-ad5b-7eaa1577fb65/pathway/46c97a18-b9ff-48a4-8cb2-149f98366a2e	2																											
C#CC[N+](C)(CC1=CC=CC=C1)[O-]	https://envipath.org/package/521c547a-fd2a-491c-ad5b-7eaa1577fb65/pathway/46c97a18-b9ff-48a4-8cb2-149f98366a2e/node/ca42e16c-410e-4aa5-ac0e-55e2b0a61ae8	https://envipath.org/package/521c547a-fd2a-491c-ad5b-7eaa1577fb65/scenario/0894bebf-e524-4e6d-8e19-8eb7128a827d	no description	https://envipath.org/package/521c547a-fd2a-491c-ad5b-7eaa1577fb65/pathway/46c97a18-b9ff-48a4-8cb2-149f98366a2e	1																											
C#CCN(C)CC1=CC=CC=C1	https://envipath.org/package/521c547a-fd2a-491c-ad5b-7eaa1577fb65/pathway/46c97a18-b9ff-48a4-8cb2-149f98366a2e/node/c5b57278-e235-4c96-9839-37a7664b08ad	https://envipath.org/package/521c547a-fd2a-491c-ad5b-7eaa1577fb65/scenario/95593429-7d86-4d47-938c-40cab2f65515	no description	https://envipath.org/package/521c547a-fd2a-491c-ad5b-7eaa1577fb65/pathway/46c97a18-b9ff-48a4-8cb2-149f98366a2e	1																											
C#CCN(C)CC1=CC=CC=C1	https://envipath.org/package/521c547a-fd2a-491c-ad5b-7eaa1577fb65/pathway/46c97a18-b9ff-48a4-8cb2-149f98366a2e/node/c5b57278-e235-4c96-9839-37a7664b08ad	https://envipath.org/package/521c547a-fd2a-491c-ad5b-7eaa1577fb65/scenario/cc3b7544-9f3d-4ee9-8666-4c040acb9cf9	no description	https://envipath.org/package/521c547a-fd2a-491c-ad5b-7eaa1577fb65/pathway/46c97a18-b9ff-48a4-8cb2-149f98366a2e																		sorption corrected & abiotic degradation corrected										
C#CCN(C)CC1=CC=CC=C1	https://envipath.org/package/521c547a-fd2a-491c-ad5b-7eaa1577fb65/pathway/46c97a18-b9ff-48a4-8cb2-149f98366a2e/node/c5b57278-e235-4c96-9839-37a7664b08ad	https://envipath.org/package/521c547a-fd2a-491c-ad5b-7eaa1577fb65/scenario/ecfdc53e-9209-442e-96cb-66e1951d2813	no description	https://envipath.org/package/521c547a-fd2a-491c-ad5b-7eaa1577fb65/pathway/46c97a18-b9ff-48a4-8cb2-149f98366a2e																		sorption corrected & abiotic degradation corrected										
C#CCN(C)CC1=CC=CC=C1	https://envipath.org/package/521c547a-fd2a-491c-ad5b-7eaa1577fb65/pathway/46c97a18-b9ff-48a4-8cb2-149f98366a2e/node/c5b57278-e235-4c96-9839-37a7664b08ad	https://envipath.org/package/521c547a-fd2a-491c-ad5b-7eaa1577fb65/scenario/df15ac56-004e-41a1-8d33-710dd01088c3	no description	https://envipath.org/package/521c547a-fd2a-491c-ad5b-7eaa1577fb65/pathway/46c97a18-b9ff-48a4-8cb2-149f98366a2e																		sorption corrected & abiotic degradation corrected										
C#CCN(CC1=CC=CC=C1)C=O	https://envipath.org/package/521c547a-fd2a-491c-ad5b-7eaa1577fb65/pathway/46c97a18-b9ff-48a4-8cb2-149f98366a2e/node/b63b43b4-49f2-45a3-98f0-0892007afa5d	https://envipath.org/package/521c547a-fd2a-491c-ad5b-7eaa1577fb65/scenario/040f1f4a-b3d7-4d95-bf0b-b967f4a210c7	no description	https://envipath.org/package/521c547a-fd2a-491c-ad5b-7eaa1577fb65/pathway/46c97a18-b9ff-48a4-8cb2-149f98366a2e	1																											
CC(C)NCC(COC1=CC=CC2=C1C=CC=C2)O	https://envipath.org/package/521c547a-fd2a-491c-ad5b-7eaa1577fb65/pathway/8c9eb6f7-3a4b-4ad5-a891-b6798e85301c/node/5589e9ea-afcd-41c3-a5a5-bd93fe86bfd7	https://envipath.org/package/521c547a-fd2a-491c-ad5b-7eaa1577fb65/scenario/723bf5fc-00fc-4139-b042-073ba388529f	no description	https://envipath.org/package/521c547a-fd2a-491c-ad5b-7eaa1577fb65/pathway/8c9eb6f7-3a4b-4ad5-a891-b6798e85301c																		sorption corrected & abiotic degradation corrected										
CC(C)NCC(COC1=CC=CC2=C1C=CC=C2)O	https://envipath.org/package/521c547a-fd2a-491c-ad5b-7eaa1577fb65/pathway/8c9eb6f7-3a4b-4ad5-a891-b6798e85301c/node/5589e9ea-afcd-41c3-a5a5-bd93fe86bfd7	https://envipath.org/package/521c547a-fd2a-491c-ad5b-7eaa1577fb65/scenario/aa487ef7-14b3-4899-b736-8504991f9d11	no description	https://envipath.org/package/521c547a-fd2a-491c-ad5b-7eaa1577fb65/pathway/8c9eb6f7-3a4b-4ad5-a891-b6798e85301c																		sorption corrected & abiotic degradation corrected										
CC(C)NCC(COC1=CC=CC2=C1C=CC=C2)O	https://envipath.org/package/521c547a-fd2a-491c-ad5b-7eaa1577fb65/pathway/8c9eb6f7-3a4b-4ad5-a891-b6798e85301c/node/5589e9ea-afcd-41c3-a5a5-bd93fe86bfd7	https://envipath.org/package/521c547a-fd2a-491c-ad5b-7eaa1577fb65/scenario/b35ddb90-192d-442c-8eeb-2f9de3952a70	no description	https://envipath.org/package/521c547a-fd2a-491c-ad5b-7eaa1577fb65/pathway/8c9eb6f7-3a4b-4ad5-a891-b6798e85301c																		sorption corrected & abiotic degradation corrected										
CCOC(=O)C1CC(=O)/C(=C(\C2CC2)/O)/C(=O)C1	https://envipath.org/package/521c547a-fd2a-491c-ad5b-7eaa1577fb65/pathway/28f51b9b-43f2-4415-89b3-690b456f92cc/node/4cc93e84-43f9-4f6f-80ed-b293b4feefaa	https://envipath.org/package/521c547a-fd2a-491c-ad5b-7eaa1577fb65/scenario/cde7e041-7dd0-411d-9186-8b2a38a7379e	no description	https://envipath.org/package/521c547a-fd2a-491c-ad5b-7eaa1577fb65/pathway/28f51b9b-43f2-4415-89b3-690b456f92cc																		sorption corrected & abiotic degradation corrected										
CCOC(=O)C1CC(=O)/C(=C(\C2CC2)/O)/C(=O)C1	https://envipath.org/package/521c547a-fd2a-491c-ad5b-7eaa1577fb65/pathway/28f51b9b-43f2-4415-89b3-690b456f92cc/node/4cc93e84-43f9-4f6f-80ed-b293b4feefaa	https://envipath.org/package/521c547a-fd2a-491c-ad5b-7eaa1577fb65/scenario/b308d013-ba45-4bd3-9e04-5c846094fbc8	no description	https://envipath.org/package/521c547a-fd2a-491c-ad5b-7eaa1577fb65/pathway/28f51b9b-43f2-4415-89b3-690b456f92cc																		sorption corrected & abiotic degradation corrected										
CCOC(=O)C1CC(=O)/C(=C(\C2CC2)/O)/C(=O)C1	https://envipath.org/package/521c547a-fd2a-491c-ad5b-7eaa1577fb65/pathway/28f51b9b-43f2-4415-89b3-690b456f92cc/node/4cc93e84-43f9-4f6f-80ed-b293b4feefaa	https://envipath.org/package/521c547a-fd2a-491c-ad5b-7eaa1577fb65/scenario/7b8e1f28-c403-4226-b6e3-7fece99d4bbd	no description	https://envipath.org/package/521c547a-fd2a-491c-ad5b-7eaa1577fb65/pathway/28f51b9b-43f2-4415-89b3-690b456f92cc																		sorption corrected & abiotic degradation corrected										
CCOC(=O)C1CC(=O)/C(=C(\C2CC2)/O)/C(=O)C1	https://envipath.org/package/521c547a-fd2a-491c-ad5b-7eaa1577fb65/pathway/28f51b9b-43f2-4415-89b3-690b456f92cc/node/4cc93e84-43f9-4f6f-80ed-b293b4feefaa	https://envipath.org/package/521c547a-fd2a-491c-ad5b-7eaa1577fb65/scenario/07275144-6552-4b94-abd7-9f8af07980de	no description	https://envipath.org/package/521c547a-fd2a-491c-ad5b-7eaa1577fb65/pathway/28f51b9b-43f2-4415-89b3-690b456f92cc	1																	sorption corrected & abiotic degradation corrected										
CCOC(=O)C1CC(=O)/C(=C(\C2CC2)/O)/C(=O)C1	https://envipath.org/package/521c547a-fd2a-491c-ad5b-7eaa1577fb65/pathway/28f51b9b-43f2-4415-89b3-690b456f92cc/node/4cc93e84-43f9-4f6f-80ed-b293b4feefaa	https://envipath.org/package/521c547a-fd2a-491c-ad5b-7eaa1577fb65/scenario/0566cbde-7f73-44a6-953a-d77d7898194a	no description	https://envipath.org/package/521c547a-fd2a-491c-ad5b-7eaa1577fb65/pathway/28f51b9b-43f2-4415-89b3-690b456f92cc																		sorption corrected & abiotic degradation corrected										
CCOC(=O)C1CC(=O)/C(=C(\C2CC2)/O)/C(=O)C1	https://envipath.org/package/521c547a-fd2a-491c-ad5b-7eaa1577fb65/pathway/28f51b9b-43f2-4415-89b3-690b456f92cc/node/4cc93e84-43f9-4f6f-80ed-b293b4feefaa	https://envipath.org/package/521c547a-fd2a-491c-ad5b-7eaa1577fb65/scenario/d205e1a9-d074-49ec-8eca-7d5e8c9de7c6	no description	https://envipath.org/package/521c547a-fd2a-491c-ad5b-7eaa1577fb65/pathway/28f51b9b-43f2-4415-89b3-690b456f92cc																		sorption corrected & abiotic degradation corrected										
CCOC(=O)C1CC(=O)/C(=C(\C2CC2)/O)/C(=O)C1	https://envipath.org/package/521c547a-fd2a-491c-ad5b-7eaa1577fb65/pathway/28f51b9b-43f2-4415-89b3-690b456f92cc/node/4cc93e84-43f9-4f6f-80ed-b293b4feefaa	https://envipath.org/package/521c547a-fd2a-491c-ad5b-7eaa1577fb65/scenario/dc5b88c2-b9f2-47dd-8267-c5d1ca80a5e2	no description	https://envipath.org/package/521c547a-fd2a-491c-ad5b-7eaa1577fb65/pathway/28f51b9b-43f2-4415-89b3-690b456f92cc	1																	sorption corrected & abiotic degradation corrected										
CCOC(=O)C1CC(=O)/C(=C(\C2CC2)/O)/C(=O)C1	https://envipath.org/package/521c547a-fd2a-491c-ad5b-7eaa1577fb65/pathway/28f51b9b-43f2-4415-89b3-690b456f92cc/node/4cc93e84-43f9-4f6f-80ed-b293b4feefaa	https://envipath.org/package/521c547a-fd2a-491c-ad5b-7eaa1577fb65/scenario/fce72d44-55b9-4b01-9c1f-128160ea712e	no description	https://envipath.org/package/521c547a-fd2a-491c-ad5b-7eaa1577fb65/pathway/28f51b9b-43f2-4415-89b3-690b456f92cc																		sorption corrected & abiotic degradation corrected										
CCOC(=O)C1CC(=O)/C(=C(\C2CC2)/O)/C(=O)C1	https://envipath.org/package/521c547a-fd2a-491c-ad5b-7eaa1577fb65/pathway/28f51b9b-43f2-4415-89b3-690b456f92cc/node/4cc93e84-43f9-4f6f-80ed-b293b4feefaa	https://envipath.org/package/521c547a-fd2a-491c-ad5b-7eaa1577fb65/scenario/50b7e1e1-215e-4d20-9bf7-c8a9cf940223	no description	https://envipath.org/package/521c547a-fd2a-491c-ad5b-7eaa1577fb65/pathway/28f51b9b-43f2-4415-89b3-690b456f92cc																		sorption corrected & abiotic degradation corrected										
CCOC(=O)C1CC(=O)/C(=C(\C2CC2)/O)/C(=O)C1	https://envipath.org/package/521c547a-fd2a-491c-ad5b-7eaa1577fb65/pathway/28f51b9b-43f2-4415-89b3-690b456f92cc/node/4cc93e84-43f9-4f6f-80ed-b293b4feefaa	https://envipath.org/package/521c547a-fd2a-491c-ad5b-7eaa1577fb65/scenario/44b6f709-432f-47a3-9c1d-a7018e828258	no description	https://envipath.org/package/521c547a-fd2a-491c-ad5b-7eaa1577fb65/pathway/28f51b9b-43f2-4415-89b3-690b456f92cc																		sorption corrected & abiotic degradation corrected										
CCOC(=O)C1CC(=O)/C(=C(\C2CC2)/O)/C(=O)C1	https://envipath.org/package/521c547a-fd2a-491c-ad5b-7eaa1577fb65/pathway/28f51b9b-43f2-4415-89b3-690b456f92cc/node/4cc93e84-43f9-4f6f-80ed-b293b4feefaa	https://envipath.org/package/521c547a-fd2a-491c-ad5b-7eaa1577fb65/scenario/1e392171-6fef-4547-9a5e-d7628335b0c5	no description	https://envipath.org/package/521c547a-fd2a-491c-ad5b-7eaa1577fb65/pathway/28f51b9b-43f2-4415-89b3-690b456f92cc	1																	sorption corrected & abiotic degradation corrected										
CCOC(=O)C1CC(=O)/C(=C(\C2CC2)/O)/C(=O)C1	https://envipath.org/package/521c547a-fd2a-491c-ad5b-7eaa1577fb65/pathway/28f51b9b-43f2-4415-89b3-690b456f92cc/node/4cc93e84-43f9-4f6f-80ed-b293b4feefaa	https://envipath.org/package/521c547a-fd2a-491c-ad5b-7eaa1577fb65/scenario/00a818ed-d425-417b-9e20-57058b11a6b5	no description	https://envipath.org/package/521c547a-fd2a-491c-ad5b-7eaa1577fb65/pathway/28f51b9b-43f2-4415-89b3-690b456f92cc																		sorption corrected & abiotic degradation corrected										
CCOC(=O)C1CC(=O)/C(=C(\C2CC2)/O)/C(=O)C1	https://envipath.org/package/521c547a-fd2a-491c-ad5b-7eaa1577fb65/pathway/28f51b9b-43f2-4415-89b3-690b456f92cc/node/4cc93e84-43f9-4f6f-80ed-b293b4feefaa	https://envipath.org/package/521c547a-fd2a-491c-ad5b-7eaa1577fb65/scenario/b43c9a12-0254-4111-b25d-750bcf6f2743	no description	https://envipath.org/package/521c547a-fd2a-491c-ad5b-7eaa1577fb65/pathway/28f51b9b-43f2-4415-89b3-690b456f92cc																		sorption corrected & abiotic degradation corrected										
CCOC(=O)C1CC(=O)/C(=C(\C2CC2)/O)/C(=O)C1	https://envipath.org/package/521c547a-fd2a-491c-ad5b-7eaa1577fb65/pathway/28f51b9b-43f2-4415-89b3-690b456f92cc/node/4cc93e84-43f9-4f6f-80ed-b293b4feefaa	https://envipath.org/package/521c547a-fd2a-491c-ad5b-7eaa1577fb65/scenario/bcdb5d72-1a87-40c4-b5d7-e08bc28a1e8c	no description	https://envipath.org/package/521c547a-fd2a-491c-ad5b-7eaa1577fb65/pathway/28f51b9b-43f2-4415-89b3-690b456f92cc																		sorption corrected & abiotic degradation corrected										
CCOC(=O)C1CC(=O)/C(=C(\C2CC2)/O)/C(=O)C1	https://envipath.org/package/521c547a-fd2a-491c-ad5b-7eaa1577fb65/pathway/28f51b9b-43f2-4415-89b3-690b456f92cc/node/4cc93e84-43f9-4f6f-80ed-b293b4feefaa	https://envipath.org/package/521c547a-fd2a-491c-ad5b-7eaa1577fb65/scenario/650e8c67-cc39-4612-b140-b7f67791eb0a	no description	https://envipath.org/package/521c547a-fd2a-491c-ad5b-7eaa1577fb65/pathway/28f51b9b-43f2-4415-89b3-690b456f92cc																		sorption corrected & abiotic degradation corrected										
CCOC(=O)C1CC(=O)/C(=C(\C2CC2)/O)/C(=O)C1	https://envipath.org/package/521c547a-fd2a-491c-ad5b-7eaa1577fb65/pathway/28f51b9b-43f2-4415-89b3-690b456f92cc/node/4cc93e84-43f9-4f6f-80ed-b293b4feefaa	https://envipath.org/package/521c547a-fd2a-491c-ad5b-7eaa1577fb65/scenario/be570298-194d-481d-ae2b-d8cded60855c	no description	https://envipath.org/package/521c547a-fd2a-491c-ad5b-7eaa1577fb65/pathway/28f51b9b-43f2-4415-89b3-690b456f92cc																		sorption corrected & abiotic degradation corrected										
CCOC(=O)C1CC(=O)/C(=C(\C2CC2)/O)/C(=O)C1	https://envipath.org/package/521c547a-fd2a-491c-ad5b-7eaa1577fb65/pathway/28f51b9b-43f2-4415-89b3-690b456f92cc/node/4cc93e84-43f9-4f6f-80ed-b293b4feefaa	https://envipath.org/package/521c547a-fd2a-491c-ad5b-7eaa1577fb65/scenario/d89ab764-9ea0-400e-a2e0-b8cbf68b390b	no description	https://envipath.org/package/521c547a-fd2a-491c-ad5b-7eaa1577fb65/pathway/28f51b9b-43f2-4415-89b3-690b456f92cc																		sorption corrected & abiotic degradation corrected										
C1CC1C(=C2C(=O)CC(CC2=O)C(=O)O)O	https://envipath.org/package/521c547a-fd2a-491c-ad5b-7eaa1577fb65/pathway/28f51b9b-43f2-4415-89b3-690b456f92cc/node/5d37804a-7dde-4264-8cc8-e97635380732	https://envipath.org/package/521c547a-fd2a-491c-ad5b-7eaa1577fb65/scenario/f3cbcab2-c581-4a4a-853d-7724deaaa107	DOI: 10.1021/es3019012	https://envipath.org/package/521c547a-fd2a-491c-ad5b-7eaa1577fb65/pathway/28f51b9b-43f2-4415-89b3-690b456f92cc		aerob	{'end': 8.1, 'start': 8.1}	Switzerland (IND5)	amber glass Schott bottles (loosely capped)	activated sludge from biological aeration basin	shaking	sludge retention time	70.0	9.6	100.0	plating	{'end': 20.0, 'start': 20.0}	industrial WW			none (sludge only)						3000.0	100.0	22.0			
C1CC1C(=C2C(=O)CC(CC2=O)C(=O)O)O	https://envipath.org/package/521c547a-fd2a-491c-ad5b-7eaa1577fb65/pathway/28f51b9b-43f2-4415-89b3-690b456f92cc/node/5d37804a-7dde-4264-8cc8-e97635380732	https://envipath.org/package/521c547a-fd2a-491c-ad5b-7eaa1577fb65/scenario/6f3ab9e2-5bfb-4082-92b2-e46bfc6766eb	DOI: 10.1021/es3019012	https://envipath.org/package/521c547a-fd2a-491c-ad5b-7eaa1577fb65/pathway/28f51b9b-43f2-4415-89b3-690b456f92cc		aerob	{'end': 7.6, 'start': 7.6}	Switzerland (DOM1)	amber glass Schott bottles (loosely capped)	activated sludge from biological aeration basin	shaking	sludge retention time	70.0	3.0	100.0	plating	{'end': 20.0, 'start': 20.0}	municipal WW			none (sludge only)			nitrification			203.0	18.6	5.0			
C1CC1C(=C2C(=O)CC(CC2=O)C(=O)O)O	https://envipath.org/package/521c547a-fd2a-491c-ad5b-7eaa1577fb65/pathway/28f51b9b-43f2-4415-89b3-690b456f92cc/node/5d37804a-7dde-4264-8cc8-e97635380732	https://envipath.org/package/521c547a-fd2a-491c-ad5b-7eaa1577fb65/scenario/bdb3ab2f-46d6-4a20-941b-fd893d2798c9	DOI: 10.1021/es3019012	https://envipath.org/package/521c547a-fd2a-491c-ad5b-7eaa1577fb65/pathway/28f51b9b-43f2-4415-89b3-690b456f92cc		aerob	{'end': 7.3, 'start': 7.3}	Switzerland (IND2)	amber glass Schott bottles (loosely capped)	activated sludge from biological aeration basin	shaking	sludge retention time	70.0	4.7	100.0	plating	{'end': 20.0, 'start': 20.0}	industrial WW			none (sludge only)			nitrification & denitrification			820.0	86.0	6.0			
C1CC1C(=C2C(=O)CC(CC2=O)C(=O)O)O	https://envipath.org/package/521c547a-fd2a-491c-ad5b-7eaa1577fb65/pathway/28f51b9b-43f2-4415-89b3-690b456f92cc/node/5d37804a-7dde-4264-8cc8-e97635380732	https://envipath.org/package/521c547a-fd2a-491c-ad5b-7eaa1577fb65/scenario/be2d91cf-9c2f-4df3-8e2f-bb7fb8b6f5ca	DOI: 10.1021/es3019012	https://envipath.org/package/521c547a-fd2a-491c-ad5b-7eaa1577fb65/pathway/28f51b9b-43f2-4415-89b3-690b456f92cc		aerob	{'end': 8.1, 'start': 8.1}	Switzerland (DOM4)	amber glass Schott bottles (loosely capped)	activated sludge from biological aeration basin	shaking	sludge retention time	70.0	2.3	100.0	plating	{'end': 20.0, 'start': 20.0}	municipal WW			none (sludge only)						160.0	10.0	3.0			
C1CC1C(=C2C(=O)CC(CC2=O)C(=O)O)O	https://envipath.org/package/521c547a-fd2a-491c-ad5b-7eaa1577fb65/pathway/28f51b9b-43f2-4415-89b3-690b456f92cc/node/5d37804a-7dde-4264-8cc8-e97635380732	https://envipath.org/package/521c547a-fd2a-491c-ad5b-7eaa1577fb65/scenario/75bdaff9-0a46-4e1e-90f8-92a40af17e48	DOI: 10.1021/es3019012	https://envipath.org/package/521c547a-fd2a-491c-ad5b-7eaa1577fb65/pathway/28f51b9b-43f2-4415-89b3-690b456f92cc		aerob	{'end': 7.5, 'start': 7.5}	Switzerland (DOM3)	amber glass Schott bottles (loosely capped)	activated sludge from biological aeration basin	shaking	sludge retention time	70.0	12.4	100.0	plating	{'end': 20.0, 'start': 20.0}	municipal WW			none (sludge only)			nitrification & denitrification			320.0	24.9	9.0			
C1CC1C(=C2C(=O)CC(CC2=O)C(=O)O)O	https://envipath.org/package/521c547a-fd2a-491c-ad5b-7eaa1577fb65/pathway/28f51b9b-43f2-4415-89b3-690b456f92cc/node/5d37804a-7dde-4264-8cc8-e97635380732	https://envipath.org/package/521c547a-fd2a-491c-ad5b-7eaa1577fb65/scenario/1ce53c39-f91e-4dd8-b909-36b1400f6164	DOI: 10.1021/es3019012	https://envipath.org/package/521c547a-fd2a-491c-ad5b-7eaa1577fb65/pathway/28f51b9b-43f2-4415-89b3-690b456f92cc		aerob	{'end': 8.1, 'start': 8.1}	Switzerland (DOM5)	amber glass Schott bottles (loosely capped)	activated sludge from biological aeration basin	shaking	sludge retention time	70.0	2.2	100.0	plating	{'end': 20.0, 'start': 20.0}	municipal WW			none (sludge only)			nitrification & denitrification				26.2	5.0			
C1CC1C(=C2C(=O)CC(CC2=O)C(=O)O)O	https://envipath.org/package/521c547a-fd2a-491c-ad5b-7eaa1577fb65/pathway/28f51b9b-43f2-4415-89b3-690b456f92cc/node/5d37804a-7dde-4264-8cc8-e97635380732	https://envipath.org/package/521c547a-fd2a-491c-ad5b-7eaa1577fb65/scenario/9308e756-276f-48d6-86b9-45179479dd5b	no description	https://envipath.org/package/521c547a-fd2a-491c-ad5b-7eaa1577fb65/pathway/28f51b9b-43f2-4415-89b3-690b456f92cc	2																											
C1CC1C(=C2C(=O)CC(CC2=O)C(=O)O)O	https://envipath.org/package/521c547a-fd2a-491c-ad5b-7eaa1577fb65/pathway/28f51b9b-43f2-4415-89b3-690b456f92cc/node/5d37804a-7dde-4264-8cc8-e97635380732	https://envipath.org/package/521c547a-fd2a-491c-ad5b-7eaa1577fb65/scenario/0c0a9361-5fbb-4409-a90c-d7dd628926ec	no description	https://envipath.org/package/521c547a-fd2a-491c-ad5b-7eaa1577fb65/pathway/28f51b9b-43f2-4415-89b3-690b456f92cc	2																											
C1CC1C(=C2C(=O)CC(CC2=O)C(=O)O)O	https://envipath.org/package/521c547a-fd2a-491c-ad5b-7eaa1577fb65/pathway/28f51b9b-43f2-4415-89b3-690b456f92cc/node/5d37804a-7dde-4264-8cc8-e97635380732	https://envipath.org/package/521c547a-fd2a-491c-ad5b-7eaa1577fb65/scenario/e482e11f-2d22-406e-93e4-2633e7b99212	DOI: 10.1021/es3019012	https://envipath.org/package/521c547a-fd2a-491c-ad5b-7eaa1577fb65/pathway/28f51b9b-43f2-4415-89b3-690b456f92cc		aerob	{'end': 7.6, 'start': 7.6}	Switzerland (DOM2)	amber glass Schott bottles (loosely capped)	activated sludge from biological aeration basin	shaking	sludge retention time	70.0	3.0	100.0	plating	{'end': 20.0, 'start': 20.0}	municipal WW			none (sludge only)						54.0	3.3	2.0			
C1CC1C(=C2C(=O)CC(CC2=O)C(=O)O)O	https://envipath.org/package/521c547a-fd2a-491c-ad5b-7eaa1577fb65/pathway/28f51b9b-43f2-4415-89b3-690b456f92cc/node/5d37804a-7dde-4264-8cc8-e97635380732	https://envipath.org/package/521c547a-fd2a-491c-ad5b-7eaa1577fb65/scenario/659dc9fb-2235-4926-803a-1d103fdd1165	no description	https://envipath.org/package/521c547a-fd2a-491c-ad5b-7eaa1577fb65/pathway/28f51b9b-43f2-4415-89b3-690b456f92cc	2																											
C1CC1C(=C2C(=O)CC(CC2=O)C(=O)O)O	https://envipath.org/package/521c547a-fd2a-491c-ad5b-7eaa1577fb65/pathway/28f51b9b-43f2-4415-89b3-690b456f92cc/node/5d37804a-7dde-4264-8cc8-e97635380732	https://envipath.org/package/521c547a-fd2a-491c-ad5b-7eaa1577fb65/scenario/dc5454bd-50a8-457b-90e1-9d39bb9b052a	DOI: 10.1021/es3019012	https://envipath.org/package/521c547a-fd2a-491c-ad5b-7eaa1577fb65/pathway/28f51b9b-43f2-4415-89b3-690b456f92cc		aerob	{'end': 7.0, 'start': 7.0}	Switzerland (IND4)	amber glass Schott bottles (loosely capped)	activated sludge from biological aeration basin	shaking	sludge retention time	70.0	6.0	100.0	plating	{'end': 20.0, 'start': 20.0}	industrial WW			none (sludge only)						650.0	86.2				
C1CC1C(=C2C(=O)CC(CC2=O)C(=O)O)O	https://envipath.org/package/521c547a-fd2a-491c-ad5b-7eaa1577fb65/pathway/28f51b9b-43f2-4415-89b3-690b456f92cc/node/5d37804a-7dde-4264-8cc8-e97635380732	https://envipath.org/package/521c547a-fd2a-491c-ad5b-7eaa1577fb65/scenario/408239a6-4e06-4b21-875a-326d967412dd	DOI: 10.1021/es3019012	https://envipath.org/package/521c547a-fd2a-491c-ad5b-7eaa1577fb65/pathway/28f51b9b-43f2-4415-89b3-690b456f92cc		aerob	{'end': 6.2, 'start': 6.2}	Switzerland (IND3)	amber glass Schott bottles (loosely capped)	activated sludge from biological aeration basin	shaking	sludge retention time	70.0	6.9	100.0	plating	{'end': 20.0, 'start': 20.0}	industrial WW			none (sludge only)			other			1892.0					
C1CC1C(=C2C(=O)CC(CC2=O)C(=O)O)O	https://envipath.org/package/521c547a-fd2a-491c-ad5b-7eaa1577fb65/pathway/28f51b9b-43f2-4415-89b3-690b456f92cc/node/5d37804a-7dde-4264-8cc8-e97635380732	https://envipath.org/package/521c547a-fd2a-491c-ad5b-7eaa1577fb65/scenario/20aab74e-ed9f-484d-b3b2-1d846aa49263	DOI: 10.1021/es3019012	https://envipath.org/package/521c547a-fd2a-491c-ad5b-7eaa1577fb65/pathway/28f51b9b-43f2-4415-89b3-690b456f92cc		aerob	{'end': 7.0, 'start': 7.0}	Switzerland (IND1)	amber glass Schott bottles (loosely capped)	activated sludge from biological aeration basin	shaking	sludge retention time	70.0	6.8	100.0	plating	{'end': 20.0, 'start': 20.0}	mixed WW (municipal & industrial)			none (sludge only)			nitrification & denitrification			500.0	23.0	3.0			
CCOC(=O)C1CC(=O)C(C(=O)C1)C(=O)C2CC2	https://envipath.org/package/521c547a-fd2a-491c-ad5b-7eaa1577fb65/pathway/28f51b9b-43f2-4415-89b3-690b456f92cc/node/cbaa1068-f7a1-49ca-800f-910435dd4bf7	https://envipath.org/package/521c547a-fd2a-491c-ad5b-7eaa1577fb65/scenario/3ba1e93d-39ee-44ea-a0ab-3a985b99c3ce	no description	https://envipath.org/package/521c547a-fd2a-491c-ad5b-7eaa1577fb65/pathway/28f51b9b-43f2-4415-89b3-690b456f92cc	2																											
CCOC(=O)C1CC(=O)C(C(=O)C1)C(=O)C2CC2	https://envipath.org/package/521c547a-fd2a-491c-ad5b-7eaa1577fb65/pathway/28f51b9b-43f2-4415-89b3-690b456f92cc/node/cbaa1068-f7a1-49ca-800f-910435dd4bf7	https://envipath.org/package/521c547a-fd2a-491c-ad5b-7eaa1577fb65/scenario/d949fa58-04c9-49d4-acfc-da7a8c931268	no description	https://envipath.org/package/521c547a-fd2a-491c-ad5b-7eaa1577fb65/pathway/28f51b9b-43f2-4415-89b3-690b456f92cc	2																											
CCOC(=O)C1CC(=O)C(C(=O)C1)C(=O)C2CC2	https://envipath.org/package/521c547a-fd2a-491c-ad5b-7eaa1577fb65/pathway/28f51b9b-43f2-4415-89b3-690b456f92cc/node/cbaa1068-f7a1-49ca-800f-910435dd4bf7	https://envipath.org/package/521c547a-fd2a-491c-ad5b-7eaa1577fb65/scenario/296b5572-437a-4679-837e-388fc7f27dca	no description	https://envipath.org/package/521c547a-fd2a-491c-ad5b-7eaa1577fb65/pathway/28f51b9b-43f2-4415-89b3-690b456f92cc	2																											
C1CC1/C(=C/2\C(=O)CC(CC2=O)C(=O)OCCO)/O	https://envipath.org/package/521c547a-fd2a-491c-ad5b-7eaa1577fb65/pathway/28f51b9b-43f2-4415-89b3-690b456f92cc/node/e2ff7c32-3067-4da5-b561-a286ad02dc10	https://envipath.org/package/521c547a-fd2a-491c-ad5b-7eaa1577fb65/scenario/452ace94-9abf-4ed8-b3df-0eec2b8bd846	no description	https://envipath.org/package/521c547a-fd2a-491c-ad5b-7eaa1577fb65/pathway/28f51b9b-43f2-4415-89b3-690b456f92cc	3																											
C1CC1/C(=C/2\C(=O)CC(CC2=O)C(=O)OCCO)/O	https://envipath.org/package/521c547a-fd2a-491c-ad5b-7eaa1577fb65/pathway/28f51b9b-43f2-4415-89b3-690b456f92cc/node/e2ff7c32-3067-4da5-b561-a286ad02dc10	https://envipath.org/package/521c547a-fd2a-491c-ad5b-7eaa1577fb65/scenario/d8ae36c1-ed28-4789-ba9e-d0c16c0e6cd5	no description	https://envipath.org/package/521c547a-fd2a-491c-ad5b-7eaa1577fb65/pathway/28f51b9b-43f2-4415-89b3-690b456f92cc	3																											
C1CC1/C(=C/2\C(=O)CC(CC2=O)C(=O)OCCO)/O	https://envipath.org/package/521c547a-fd2a-491c-ad5b-7eaa1577fb65/pathway/28f51b9b-43f2-4415-89b3-690b456f92cc/node/e2ff7c32-3067-4da5-b561-a286ad02dc10	https://envipath.org/package/521c547a-fd2a-491c-ad5b-7eaa1577fb65/scenario/cde58d39-1346-4724-abc2-dc786f0db1b6	no description	https://envipath.org/package/521c547a-fd2a-491c-ad5b-7eaa1577fb65/pathway/28f51b9b-43f2-4415-89b3-690b456f92cc	3																											
CCN(CC)CC(=O)NC1=C(C)C(=CC=C1C)O	https://envipath.org/package/521c547a-fd2a-491c-ad5b-7eaa1577fb65/pathway/765bd360-2a69-4e8e-a96f-da172d68e369/node/7cbfea8b-c3f3-4ae7-9ca6-636efd5c8163	https://envipath.org/package/521c547a-fd2a-491c-ad5b-7eaa1577fb65/scenario/e665a809-a313-4cbf-9d5e-fc975cbe7a29	no description	https://envipath.org/package/521c547a-fd2a-491c-ad5b-7eaa1577fb65/pathway/765bd360-2a69-4e8e-a96f-da172d68e369	3																											
C=CN(CC)CC(=O)NC1=C(C)C=CC=C1C	https://envipath.org/package/521c547a-fd2a-491c-ad5b-7eaa1577fb65/pathway/765bd360-2a69-4e8e-a96f-da172d68e369/node/1445dd9d-1f3e-4d9f-811d-a114b985b65f	https://envipath.org/package/521c547a-fd2a-491c-ad5b-7eaa1577fb65/scenario/efdcd5c2-9297-4362-a438-1279db6e51b0	no description	https://envipath.org/package/521c547a-fd2a-491c-ad5b-7eaa1577fb65/pathway/765bd360-2a69-4e8e-a96f-da172d68e369	2																											
CC1=CC=CC(=C1NC(=O)CO)C	https://envipath.org/package/521c547a-fd2a-491c-ad5b-7eaa1577fb65/pathway/765bd360-2a69-4e8e-a96f-da172d68e369/node/975666ac-7b91-447c-b4d0-a84b0a3972fd	https://envipath.org/package/521c547a-fd2a-491c-ad5b-7eaa1577fb65/scenario/a2ef3f0f-e51e-48bb-b4b2-6f287bb26dee	no description	https://envipath.org/package/521c547a-fd2a-491c-ad5b-7eaa1577fb65/pathway/765bd360-2a69-4e8e-a96f-da172d68e369	3																											
CCNCC(=O)NC1=C(C)C=CC=C1C	https://envipath.org/package/521c547a-fd2a-491c-ad5b-7eaa1577fb65/pathway/765bd360-2a69-4e8e-a96f-da172d68e369/node/8cb9583f-22a1-484a-a540-5271c40bfa72	https://envipath.org/package/521c547a-fd2a-491c-ad5b-7eaa1577fb65/scenario/9523940c-9720-4842-ac35-a2dbea81a003	no description	https://envipath.org/package/521c547a-fd2a-491c-ad5b-7eaa1577fb65/pathway/765bd360-2a69-4e8e-a96f-da172d68e369	1																											
CC[N+](CC)(CC(=O)NC1=C(C)C=CC=C1C)[O-]	https://envipath.org/package/521c547a-fd2a-491c-ad5b-7eaa1577fb65/pathway/765bd360-2a69-4e8e-a96f-da172d68e369/node/60d185b5-88f5-431a-a119-924db8c68053	https://envipath.org/package/521c547a-fd2a-491c-ad5b-7eaa1577fb65/scenario/3408c888-6ab3-47a9-9858-bbcc7a6f60e8	no description	https://envipath.org/package/521c547a-fd2a-491c-ad5b-7eaa1577fb65/pathway/765bd360-2a69-4e8e-a96f-da172d68e369	1																											
CCN(CC)CC(=O)NC1=C(C=CC=C1C)C(=O)O	https://envipath.org/package/521c547a-fd2a-491c-ad5b-7eaa1577fb65/pathway/765bd360-2a69-4e8e-a96f-da172d68e369/node/49c2277d-a612-4c7d-abeb-2d10dd1c5cdd	https://envipath.org/package/521c547a-fd2a-491c-ad5b-7eaa1577fb65/scenario/67fff6f4-593e-4057-90e2-2548cc59cb65	no description	https://envipath.org/package/521c547a-fd2a-491c-ad5b-7eaa1577fb65/pathway/765bd360-2a69-4e8e-a96f-da172d68e369	3																											
CCN(CC)CC(=O)NC1=C(C)C=CC=C1C	https://envipath.org/package/521c547a-fd2a-491c-ad5b-7eaa1577fb65/pathway/765bd360-2a69-4e8e-a96f-da172d68e369/node/78cab5a4-ba7d-40bd-b259-1065611421d8	https://envipath.org/package/521c547a-fd2a-491c-ad5b-7eaa1577fb65/scenario/c3d8f73d-7a0d-4f8f-a454-3305e2740111	no description	https://envipath.org/package/521c547a-fd2a-491c-ad5b-7eaa1577fb65/pathway/765bd360-2a69-4e8e-a96f-da172d68e369																		sorption corrected & abiotic degradation corrected										
CCN(CC)CC(=O)NC1=C(C)C=CC=C1C	https://envipath.org/package/521c547a-fd2a-491c-ad5b-7eaa1577fb65/pathway/765bd360-2a69-4e8e-a96f-da172d68e369/node/78cab5a4-ba7d-40bd-b259-1065611421d8	https://envipath.org/package/521c547a-fd2a-491c-ad5b-7eaa1577fb65/scenario/c8231ed1-2afb-45ad-9207-b3931297225c	no description	https://envipath.org/package/521c547a-fd2a-491c-ad5b-7eaa1577fb65/pathway/765bd360-2a69-4e8e-a96f-da172d68e369	1																											
CCN(CC)CC(=O)NC1=C(C)C=CC=C1C	https://envipath.org/package/521c547a-fd2a-491c-ad5b-7eaa1577fb65/pathway/765bd360-2a69-4e8e-a96f-da172d68e369/node/78cab5a4-ba7d-40bd-b259-1065611421d8	https://envipath.org/package/521c547a-fd2a-491c-ad5b-7eaa1577fb65/scenario/6ba6ff83-dbd3-486c-8f6e-6fb1fca79f15	no description	https://envipath.org/package/521c547a-fd2a-491c-ad5b-7eaa1577fb65/pathway/765bd360-2a69-4e8e-a96f-da172d68e369																		sorption corrected & abiotic degradation corrected										
CCN(CC)CC(=O)NC1=C(C)C=CC=C1C	https://envipath.org/package/521c547a-fd2a-491c-ad5b-7eaa1577fb65/pathway/765bd360-2a69-4e8e-a96f-da172d68e369/node/78cab5a4-ba7d-40bd-b259-1065611421d8	https://envipath.org/package/521c547a-fd2a-491c-ad5b-7eaa1577fb65/scenario/ff3b3414-b6c2-4a4b-90ba-ca56c5855a4a	no description	https://envipath.org/package/521c547a-fd2a-491c-ad5b-7eaa1577fb65/pathway/765bd360-2a69-4e8e-a96f-da172d68e369																		sorption corrected & abiotic degradation corrected										
C[N+](C)(CCN(CC1=CC=C(C=C1)OC)C2=NC=CC=C2)[O-]	https://envipath.org/package/521c547a-fd2a-491c-ad5b-7eaa1577fb65/pathway/ff1a4e94-12ef-4584-9c74-189f6ae559fd/node/8f01d5dd-d35e-4a6d-8d11-a5eddd6df7b3	https://envipath.org/package/521c547a-fd2a-491c-ad5b-7eaa1577fb65/scenario/bffa2143-69c9-4163-b3af-33ddb3bc457f	no description	https://envipath.org/package/521c547a-fd2a-491c-ad5b-7eaa1577fb65/pathway/ff1a4e94-12ef-4584-9c74-189f6ae559fd	3																											
CN(C)CCN(CC1=CC=C(C=C1)OC)C2=NC=CC=C2	https://envipath.org/package/521c547a-fd2a-491c-ad5b-7eaa1577fb65/pathway/ff1a4e94-12ef-4584-9c74-189f6ae559fd/node/7362fb64-93f1-45af-b20a-ecac0955088b	https://envipath.org/package/521c547a-fd2a-491c-ad5b-7eaa1577fb65/scenario/566f540d-374c-4d54-a122-63ee64d616f7	no description	https://envipath.org/package/521c547a-fd2a-491c-ad5b-7eaa1577fb65/pathway/ff1a4e94-12ef-4584-9c74-189f6ae559fd																		sorption corrected & abiotic degradation corrected										
CN(C)CCN(CC1=CC=C(C=C1)OC)C2=NC=CC=C2	https://envipath.org/package/521c547a-fd2a-491c-ad5b-7eaa1577fb65/pathway/ff1a4e94-12ef-4584-9c74-189f6ae559fd/node/7362fb64-93f1-45af-b20a-ecac0955088b	https://envipath.org/package/521c547a-fd2a-491c-ad5b-7eaa1577fb65/scenario/5b7d78c2-13e9-4407-aee5-a9abf9657663	no description	https://envipath.org/package/521c547a-fd2a-491c-ad5b-7eaa1577fb65/pathway/ff1a4e94-12ef-4584-9c74-189f6ae559fd																		sorption corrected & abiotic degradation corrected										
CN(C)CCN(CC1=CC=C(C=C1)OC)C2=NC=CC=C2	https://envipath.org/package/521c547a-fd2a-491c-ad5b-7eaa1577fb65/pathway/ff1a4e94-12ef-4584-9c74-189f6ae559fd/node/7362fb64-93f1-45af-b20a-ecac0955088b	https://envipath.org/package/521c547a-fd2a-491c-ad5b-7eaa1577fb65/scenario/5ff20aea-f8c7-477a-a2c9-76883225eaf5	no description	https://envipath.org/package/521c547a-fd2a-491c-ad5b-7eaa1577fb65/pathway/ff1a4e94-12ef-4584-9c74-189f6ae559fd																		sorption corrected & abiotic degradation corrected										
CN(C)CCN(CC1=CC=C(C=C1)OC)C2=NC=CC=C2	https://envipath.org/package/521c547a-fd2a-491c-ad5b-7eaa1577fb65/pathway/ff1a4e94-12ef-4584-9c74-189f6ae559fd/node/7362fb64-93f1-45af-b20a-ecac0955088b	https://envipath.org/package/521c547a-fd2a-491c-ad5b-7eaa1577fb65/scenario/150f4785-9bb8-4eb0-a524-b3d264d7b78a	no description	https://envipath.org/package/521c547a-fd2a-491c-ad5b-7eaa1577fb65/pathway/ff1a4e94-12ef-4584-9c74-189f6ae559fd	1																											
CN(C)CCNC1=NC=CC=C1	https://envipath.org/package/521c547a-fd2a-491c-ad5b-7eaa1577fb65/pathway/ff1a4e94-12ef-4584-9c74-189f6ae559fd/node/c5b3e175-65a0-4995-b6e3-d96466959468	https://envipath.org/package/521c547a-fd2a-491c-ad5b-7eaa1577fb65/scenario/b663d91a-c702-4bfe-b787-21d817fe56b1	no description	https://envipath.org/package/521c547a-fd2a-491c-ad5b-7eaa1577fb65/pathway/ff1a4e94-12ef-4584-9c74-189f6ae559fd	2																											
CN(C)CCN(CC1=CC=C(C=C1)O)C2=NC=CC=C2	https://envipath.org/package/521c547a-fd2a-491c-ad5b-7eaa1577fb65/pathway/ff1a4e94-12ef-4584-9c74-189f6ae559fd/node/c5a9a993-6bd5-4d03-9cea-6656a51c1cd8	https://envipath.org/package/521c547a-fd2a-491c-ad5b-7eaa1577fb65/scenario/49aaddc2-41b7-4949-a724-1a00497a0460	no description	https://envipath.org/package/521c547a-fd2a-491c-ad5b-7eaa1577fb65/pathway/ff1a4e94-12ef-4584-9c74-189f6ae559fd	2																											
COC1=CC=C(C=C1)CN(CC(=O)O)C2=NC=CC=C2	https://envipath.org/package/521c547a-fd2a-491c-ad5b-7eaa1577fb65/pathway/ff1a4e94-12ef-4584-9c74-189f6ae559fd/node/902c1da5-7cd4-452a-aa74-e2238e2d99a2	https://envipath.org/package/521c547a-fd2a-491c-ad5b-7eaa1577fb65/scenario/4fda4cdd-56ea-472c-a72d-2c58d6e112c5	no description	https://envipath.org/package/521c547a-fd2a-491c-ad5b-7eaa1577fb65/pathway/ff1a4e94-12ef-4584-9c74-189f6ae559fd	3																											
CNCCN(CC1=CC=C(C=C1)OC)C2=NC=CC=C2	https://envipath.org/package/521c547a-fd2a-491c-ad5b-7eaa1577fb65/pathway/ff1a4e94-12ef-4584-9c74-189f6ae559fd/node/3172051c-33d2-47ab-a97d-b8616fe5a2df	https://envipath.org/package/521c547a-fd2a-491c-ad5b-7eaa1577fb65/scenario/47d57cfb-2556-420f-83a3-97d496461429	no description	https://envipath.org/package/521c547a-fd2a-491c-ad5b-7eaa1577fb65/pathway/ff1a4e94-12ef-4584-9c74-189f6ae559fd	2																											
CN(CCN(CC1=CC=C(C=C1)OC)C2=NC=CC=C2)C=O	https://envipath.org/package/521c547a-fd2a-491c-ad5b-7eaa1577fb65/pathway/ff1a4e94-12ef-4584-9c74-189f6ae559fd/node/ab8155e8-7879-4b1e-bd9e-55ee1bb6e63d	https://envipath.org/package/521c547a-fd2a-491c-ad5b-7eaa1577fb65/scenario/d261522e-9014-4858-9b04-23c759dd3d10	no description	https://envipath.org/package/521c547a-fd2a-491c-ad5b-7eaa1577fb65/pathway/ff1a4e94-12ef-4584-9c74-189f6ae559fd	1																											
CN1CCN2C3=C(C=CC=C3)CC4=C(C=CC=C4)C2C1	https://envipath.org/package/521c547a-fd2a-491c-ad5b-7eaa1577fb65/pathway/3d2ff62d-5514-4a5e-a3ed-b4d16e11499a/node/18cd50d7-aa5f-486b-9805-f532ed4d32cd	https://envipath.org/package/521c547a-fd2a-491c-ad5b-7eaa1577fb65/scenario/89f0037c-14d7-45a5-82c9-b0db14c3c597	no description	https://envipath.org/package/521c547a-fd2a-491c-ad5b-7eaa1577fb65/pathway/3d2ff62d-5514-4a5e-a3ed-b4d16e11499a																		sorption corrected & abiotic degradation corrected										
CN1CCN2C3=C(C=CC=C3)CC4=C(C=CC=C4)C2C1	https://envipath.org/package/521c547a-fd2a-491c-ad5b-7eaa1577fb65/pathway/3d2ff62d-5514-4a5e-a3ed-b4d16e11499a/node/18cd50d7-aa5f-486b-9805-f532ed4d32cd	https://envipath.org/package/521c547a-fd2a-491c-ad5b-7eaa1577fb65/scenario/b25c4688-734e-4a1e-9209-4adc7bf50c1a	no description	https://envipath.org/package/521c547a-fd2a-491c-ad5b-7eaa1577fb65/pathway/3d2ff62d-5514-4a5e-a3ed-b4d16e11499a																		sorption corrected & abiotic degradation corrected										
CN1CCN2C3=C(C=CC=C3)CC4=C(C=CC=C4)C2C1	https://envipath.org/package/521c547a-fd2a-491c-ad5b-7eaa1577fb65/pathway/3d2ff62d-5514-4a5e-a3ed-b4d16e11499a/node/18cd50d7-aa5f-486b-9805-f532ed4d32cd	https://envipath.org/package/521c547a-fd2a-491c-ad5b-7eaa1577fb65/scenario/887f3b0a-7591-4240-a948-e788e2d4f047	no description	https://envipath.org/package/521c547a-fd2a-491c-ad5b-7eaa1577fb65/pathway/3d2ff62d-5514-4a5e-a3ed-b4d16e11499a																		sorption corrected & abiotic degradation corrected										
CO/C=C(/C1=C(C=CC=C1)OC2=CC(=NC=N2)OC3=C(C=CC=C3)C#N)\C(=O)O	https://envipath.org/package/521c547a-fd2a-491c-ad5b-7eaa1577fb65/pathway/478a00e0-9035-4a47-9610-c33e8dd713bf/node/b768e95b-9b46-4aec-a2c4-f5f200a95754	https://envipath.org/package/521c547a-fd2a-491c-ad5b-7eaa1577fb65/scenario/f3cbcab2-c581-4a4a-853d-7724deaaa107	DOI: 10.1021/es3019012	https://envipath.org/package/521c547a-fd2a-491c-ad5b-7eaa1577fb65/pathway/478a00e0-9035-4a47-9610-c33e8dd713bf		aerob	{'end': 8.1, 'start': 8.1}	Switzerland (IND5)	amber glass Schott bottles (loosely capped)	activated sludge from biological aeration basin	shaking	sludge retention time	70.0	9.6	100.0	plating	{'end': 20.0, 'start': 20.0}	industrial WW			none (sludge only)						3000.0	100.0	22.0			
CO/C=C(/C1=C(C=CC=C1)OC2=CC(=NC=N2)OC3=C(C=CC=C3)C#N)\C(=O)O	https://envipath.org/package/521c547a-fd2a-491c-ad5b-7eaa1577fb65/pathway/478a00e0-9035-4a47-9610-c33e8dd713bf/node/b768e95b-9b46-4aec-a2c4-f5f200a95754	https://envipath.org/package/521c547a-fd2a-491c-ad5b-7eaa1577fb65/scenario/6f3ab9e2-5bfb-4082-92b2-e46bfc6766eb	DOI: 10.1021/es3019012	https://envipath.org/package/521c547a-fd2a-491c-ad5b-7eaa1577fb65/pathway/478a00e0-9035-4a47-9610-c33e8dd713bf		aerob	{'end': 7.6, 'start': 7.6}	Switzerland (DOM1)	amber glass Schott bottles (loosely capped)	activated sludge from biological aeration basin	shaking	sludge retention time	70.0	3.0	100.0	plating	{'end': 20.0, 'start': 20.0}	municipal WW			none (sludge only)			nitrification			203.0	18.6	5.0			
CO/C=C(/C1=C(C=CC=C1)OC2=CC(=NC=N2)OC3=C(C=CC=C3)C#N)\C(=O)O	https://envipath.org/package/521c547a-fd2a-491c-ad5b-7eaa1577fb65/pathway/478a00e0-9035-4a47-9610-c33e8dd713bf/node/b768e95b-9b46-4aec-a2c4-f5f200a95754	https://envipath.org/package/521c547a-fd2a-491c-ad5b-7eaa1577fb65/scenario/bdb3ab2f-46d6-4a20-941b-fd893d2798c9	DOI: 10.1021/es3019012	https://envipath.org/package/521c547a-fd2a-491c-ad5b-7eaa1577fb65/pathway/478a00e0-9035-4a47-9610-c33e8dd713bf		aerob	{'end': 7.3, 'start': 7.3}	Switzerland (IND2)	amber glass Schott bottles (loosely capped)	activated sludge from biological aeration basin	shaking	sludge retention time	70.0	4.7	100.0	plating	{'end': 20.0, 'start': 20.0}	industrial WW			none (sludge only)			nitrification & denitrification			820.0	86.0	6.0			
CO/C=C(/C1=C(C=CC=C1)OC2=CC(=NC=N2)OC3=C(C=CC=C3)C#N)\C(=O)O	https://envipath.org/package/521c547a-fd2a-491c-ad5b-7eaa1577fb65/pathway/478a00e0-9035-4a47-9610-c33e8dd713bf/node/b768e95b-9b46-4aec-a2c4-f5f200a95754	https://envipath.org/package/521c547a-fd2a-491c-ad5b-7eaa1577fb65/scenario/be2d91cf-9c2f-4df3-8e2f-bb7fb8b6f5ca	DOI: 10.1021/es3019012	https://envipath.org/package/521c547a-fd2a-491c-ad5b-7eaa1577fb65/pathway/478a00e0-9035-4a47-9610-c33e8dd713bf		aerob	{'end': 8.1, 'start': 8.1}	Switzerland (DOM4)	amber glass Schott bottles (loosely capped)	activated sludge from biological aeration basin	shaking	sludge retention time	70.0	2.3	100.0	plating	{'end': 20.0, 'start': 20.0}	municipal WW			none (sludge only)						160.0	10.0	3.0			
CO/C=C(/C1=C(C=CC=C1)OC2=CC(=NC=N2)OC3=C(C=CC=C3)C#N)\C(=O)O	https://envipath.org/package/521c547a-fd2a-491c-ad5b-7eaa1577fb65/pathway/478a00e0-9035-4a47-9610-c33e8dd713bf/node/b768e95b-9b46-4aec-a2c4-f5f200a95754	https://envipath.org/package/521c547a-fd2a-491c-ad5b-7eaa1577fb65/scenario/75bdaff9-0a46-4e1e-90f8-92a40af17e48	DOI: 10.1021/es3019012	https://envipath.org/package/521c547a-fd2a-491c-ad5b-7eaa1577fb65/pathway/478a00e0-9035-4a47-9610-c33e8dd713bf		aerob	{'end': 7.5, 'start': 7.5}	Switzerland (DOM3)	amber glass Schott bottles (loosely capped)	activated sludge from biological aeration basin	shaking	sludge retention time	70.0	12.4	100.0	plating	{'end': 20.0, 'start': 20.0}	municipal WW			none (sludge only)			nitrification & denitrification			320.0	24.9	9.0			
CO/C=C(/C1=C(C=CC=C1)OC2=CC(=NC=N2)OC3=C(C=CC=C3)C#N)\C(=O)O	https://envipath.org/package/521c547a-fd2a-491c-ad5b-7eaa1577fb65/pathway/478a00e0-9035-4a47-9610-c33e8dd713bf/node/b768e95b-9b46-4aec-a2c4-f5f200a95754	https://envipath.org/package/521c547a-fd2a-491c-ad5b-7eaa1577fb65/scenario/e482e11f-2d22-406e-93e4-2633e7b99212	DOI: 10.1021/es3019012	https://envipath.org/package/521c547a-fd2a-491c-ad5b-7eaa1577fb65/pathway/478a00e0-9035-4a47-9610-c33e8dd713bf		aerob	{'end': 7.6, 'start': 7.6}	Switzerland (DOM2)	amber glass Schott bottles (loosely capped)	activated sludge from biological aeration basin	shaking	sludge retention time	70.0	3.0	100.0	plating	{'end': 20.0, 'start': 20.0}	municipal WW			none (sludge only)						54.0	3.3	2.0			
CO/C=C(/C1=C(C=CC=C1)OC2=CC(=NC=N2)OC3=C(C=CC=C3)C#N)\C(=O)O	https://envipath.org/package/521c547a-fd2a-491c-ad5b-7eaa1577fb65/pathway/478a00e0-9035-4a47-9610-c33e8dd713bf/node/b768e95b-9b46-4aec-a2c4-f5f200a95754	https://envipath.org/package/521c547a-fd2a-491c-ad5b-7eaa1577fb65/scenario/dc5454bd-50a8-457b-90e1-9d39bb9b052a	DOI: 10.1021/es3019012	https://envipath.org/package/521c547a-fd2a-491c-ad5b-7eaa1577fb65/pathway/478a00e0-9035-4a47-9610-c33e8dd713bf		aerob	{'end': 7.0, 'start': 7.0}	Switzerland (IND4)	amber glass Schott bottles (loosely capped)	activated sludge from biological aeration basin	shaking	sludge retention time	70.0	6.0	100.0	plating	{'end': 20.0, 'start': 20.0}	industrial WW			none (sludge only)						650.0	86.2				
CO/C=C(/C1=C(C=CC=C1)OC2=CC(=NC=N2)OC3=C(C=CC=C3)C#N)\C(=O)O	https://envipath.org/package/521c547a-fd2a-491c-ad5b-7eaa1577fb65/pathway/478a00e0-9035-4a47-9610-c33e8dd713bf/node/b768e95b-9b46-4aec-a2c4-f5f200a95754	https://envipath.org/package/521c547a-fd2a-491c-ad5b-7eaa1577fb65/scenario/408239a6-4e06-4b21-875a-326d967412dd	DOI: 10.1021/es3019012	https://envipath.org/package/521c547a-fd2a-491c-ad5b-7eaa1577fb65/pathway/478a00e0-9035-4a47-9610-c33e8dd713bf		aerob	{'end': 6.2, 'start': 6.2}	Switzerland (IND3)	amber glass Schott bottles (loosely capped)	activated sludge from biological aeration basin	shaking	sludge retention time	70.0	6.9	100.0	plating	{'end': 20.0, 'start': 20.0}	industrial WW			none (sludge only)			other			1892.0					
CO/C=C(/C1=C(C=CC=C1)OC2=CC(=NC=N2)OC3=C(C=CC=C3)C#N)\C(=O)O	https://envipath.org/package/521c547a-fd2a-491c-ad5b-7eaa1577fb65/pathway/478a00e0-9035-4a47-9610-c33e8dd713bf/node/b768e95b-9b46-4aec-a2c4-f5f200a95754	https://envipath.org/package/521c547a-fd2a-491c-ad5b-7eaa1577fb65/scenario/20aab74e-ed9f-484d-b3b2-1d846aa49263	DOI: 10.1021/es3019012	https://envipath.org/package/521c547a-fd2a-491c-ad5b-7eaa1577fb65/pathway/478a00e0-9035-4a47-9610-c33e8dd713bf		aerob	{'end': 7.0, 'start': 7.0}	Switzerland (IND1)	amber glass Schott bottles (loosely capped)	activated sludge from biological aeration basin	shaking	sludge retention time	70.0	6.8	100.0	plating	{'end': 20.0, 'start': 20.0}	mixed WW (municipal & industrial)			none (sludge only)			nitrification & denitrification			500.0	23.0	3.0			
CO/C=C(\C1=C(C=CC=C1)OC2=CC(=NC=N2)OC3=C(C=CC=C3)C#N)/C(=O)OC	https://envipath.org/package/521c547a-fd2a-491c-ad5b-7eaa1577fb65/pathway/478a00e0-9035-4a47-9610-c33e8dd713bf/node/aa8f3f27-6b4d-4ca4-a6e0-81691543cf05	https://envipath.org/package/521c547a-fd2a-491c-ad5b-7eaa1577fb65/scenario/408239a6-4e06-4b21-875a-326d967412dd	DOI: 10.1021/es3019012	https://envipath.org/package/521c547a-fd2a-491c-ad5b-7eaa1577fb65/pathway/478a00e0-9035-4a47-9610-c33e8dd713bf		aerob	{'end': 6.2, 'start': 6.2}	Switzerland (IND3)	amber glass Schott bottles (loosely capped)	activated sludge from biological aeration basin	shaking	sludge retention time	70.0	6.9	100.0	plating	{'end': 20.0, 'start': 20.0}	industrial WW			none (sludge only)			other			1892.0					
CO/C=C(\C1=C(C=CC=C1)OC2=CC(=NC=N2)OC3=C(C=CC=C3)C#N)/C(=O)OC	https://envipath.org/package/521c547a-fd2a-491c-ad5b-7eaa1577fb65/pathway/478a00e0-9035-4a47-9610-c33e8dd713bf/node/aa8f3f27-6b4d-4ca4-a6e0-81691543cf05	https://envipath.org/package/521c547a-fd2a-491c-ad5b-7eaa1577fb65/scenario/dc5454bd-50a8-457b-90e1-9d39bb9b052a	DOI: 10.1021/es3019012	https://envipath.org/package/521c547a-fd2a-491c-ad5b-7eaa1577fb65/pathway/478a00e0-9035-4a47-9610-c33e8dd713bf		aerob	{'end': 7.0, 'start': 7.0}	Switzerland (IND4)	amber glass Schott bottles (loosely capped)	activated sludge from biological aeration basin	shaking	sludge retention time	70.0	6.0	100.0	plating	{'end': 20.0, 'start': 20.0}	industrial WW			none (sludge only)						650.0	86.2				
CO/C=C(\C1=C(C=CC=C1)OC2=CC(=NC=N2)OC3=C(C=CC=C3)C#N)/C(=O)OC	https://envipath.org/package/521c547a-fd2a-491c-ad5b-7eaa1577fb65/pathway/478a00e0-9035-4a47-9610-c33e8dd713bf/node/aa8f3f27-6b4d-4ca4-a6e0-81691543cf05	https://envipath.org/package/521c547a-fd2a-491c-ad5b-7eaa1577fb65/scenario/bdb3ab2f-46d6-4a20-941b-fd893d2798c9	DOI: 10.1021/es3019012	https://envipath.org/package/521c547a-fd2a-491c-ad5b-7eaa1577fb65/pathway/478a00e0-9035-4a47-9610-c33e8dd713bf		aerob	{'end': 7.3, 'start': 7.3}	Switzerland (IND2)	amber glass Schott bottles (loosely capped)	activated sludge from biological aeration basin	shaking	sludge retention time	70.0	4.7	100.0	plating	{'end': 20.0, 'start': 20.0}	industrial WW			none (sludge only)			nitrification & denitrification			820.0	86.0	6.0			
CO/C=C(\C1=C(C=CC=C1)OC2=CC(=NC=N2)OC3=C(C=CC=C3)C#N)/C(=O)OC	https://envipath.org/package/521c547a-fd2a-491c-ad5b-7eaa1577fb65/pathway/478a00e0-9035-4a47-9610-c33e8dd713bf/node/aa8f3f27-6b4d-4ca4-a6e0-81691543cf05	https://envipath.org/package/521c547a-fd2a-491c-ad5b-7eaa1577fb65/scenario/f3cbcab2-c581-4a4a-853d-7724deaaa107	DOI: 10.1021/es3019012	https://envipath.org/package/521c547a-fd2a-491c-ad5b-7eaa1577fb65/pathway/478a00e0-9035-4a47-9610-c33e8dd713bf		aerob	{'end': 8.1, 'start': 8.1}	Switzerland (IND5)	amber glass Schott bottles (loosely capped)	activated sludge from biological aeration basin	shaking	sludge retention time	70.0	9.6	100.0	plating	{'end': 20.0, 'start': 20.0}	industrial WW			none (sludge only)						3000.0	100.0	22.0			
CO/C=C(\C1=C(C=CC=C1)OC2=CC(=NC=N2)OC3=C(C=CC=C3)C#N)/C(=O)OC	https://envipath.org/package/521c547a-fd2a-491c-ad5b-7eaa1577fb65/pathway/478a00e0-9035-4a47-9610-c33e8dd713bf/node/aa8f3f27-6b4d-4ca4-a6e0-81691543cf05	https://envipath.org/package/521c547a-fd2a-491c-ad5b-7eaa1577fb65/scenario/20aab74e-ed9f-484d-b3b2-1d846aa49263	DOI: 10.1021/es3019012	https://envipath.org/package/521c547a-fd2a-491c-ad5b-7eaa1577fb65/pathway/478a00e0-9035-4a47-9610-c33e8dd713bf		aerob	{'end': 7.0, 'start': 7.0}	Switzerland (IND1)	amber glass Schott bottles (loosely capped)	activated sludge from biological aeration basin	shaking	sludge retention time	70.0	6.8	100.0	plating	{'end': 20.0, 'start': 20.0}	mixed WW (municipal & industrial)			none (sludge only)			nitrification & denitrification			500.0	23.0	3.0			
CO/C=C(\C1=C(C=CC=C1)OC2=CC(=NC=N2)OC3=C(C=CC=C3)C#N)/C(=O)OC	https://envipath.org/package/521c547a-fd2a-491c-ad5b-7eaa1577fb65/pathway/478a00e0-9035-4a47-9610-c33e8dd713bf/node/aa8f3f27-6b4d-4ca4-a6e0-81691543cf05	https://envipath.org/package/521c547a-fd2a-491c-ad5b-7eaa1577fb65/scenario/7b2a9437-37ad-40a5-8fbd-3e962fe70a96	no description	https://envipath.org/package/521c547a-fd2a-491c-ad5b-7eaa1577fb65/pathway/478a00e0-9035-4a47-9610-c33e8dd713bf																		sorption corrected & abiotic degradation corrected										
CO/C=C(\C1=C(C=CC=C1)OC2=CC(=NC=N2)OC3=C(C=CC=C3)C#N)/C(=O)OC	https://envipath.org/package/521c547a-fd2a-491c-ad5b-7eaa1577fb65/pathway/478a00e0-9035-4a47-9610-c33e8dd713bf/node/aa8f3f27-6b4d-4ca4-a6e0-81691543cf05	https://envipath.org/package/521c547a-fd2a-491c-ad5b-7eaa1577fb65/scenario/69dcf0f9-6c21-430f-b135-e3da7e6e1c47	no description	https://envipath.org/package/521c547a-fd2a-491c-ad5b-7eaa1577fb65/pathway/478a00e0-9035-4a47-9610-c33e8dd713bf																		sorption corrected & abiotic degradation corrected										
CO/C=C(\C1=C(C=CC=C1)OC2=CC(=NC=N2)OC3=C(C=CC=C3)C#N)/C(=O)OC	https://envipath.org/package/521c547a-fd2a-491c-ad5b-7eaa1577fb65/pathway/478a00e0-9035-4a47-9610-c33e8dd713bf/node/aa8f3f27-6b4d-4ca4-a6e0-81691543cf05	https://envipath.org/package/521c547a-fd2a-491c-ad5b-7eaa1577fb65/scenario/2352a5d6-aefe-46bd-8086-caf164dd78fe	no description	https://envipath.org/package/521c547a-fd2a-491c-ad5b-7eaa1577fb65/pathway/478a00e0-9035-4a47-9610-c33e8dd713bf																		sorption corrected & abiotic degradation corrected										
CO/C=C(\C1=C(C=CC=C1)OC2=CC(=NC=N2)OC3=C(C=CC=C3)C#N)/C(=O)OC	https://envipath.org/package/521c547a-fd2a-491c-ad5b-7eaa1577fb65/pathway/478a00e0-9035-4a47-9610-c33e8dd713bf/node/aa8f3f27-6b4d-4ca4-a6e0-81691543cf05	https://envipath.org/package/521c547a-fd2a-491c-ad5b-7eaa1577fb65/scenario/49840cf1-1bc4-495a-a177-ff500a38e991	no description	https://envipath.org/package/521c547a-fd2a-491c-ad5b-7eaa1577fb65/pathway/478a00e0-9035-4a47-9610-c33e8dd713bf																		sorption corrected & abiotic degradation corrected										
CO/C=C(\C1=C(C=CC=C1)OC2=CC(=NC=N2)OC3=C(C=CC=C3)C#N)/C(=O)OC	https://envipath.org/package/521c547a-fd2a-491c-ad5b-7eaa1577fb65/pathway/478a00e0-9035-4a47-9610-c33e8dd713bf/node/aa8f3f27-6b4d-4ca4-a6e0-81691543cf05	https://envipath.org/package/521c547a-fd2a-491c-ad5b-7eaa1577fb65/scenario/55b83e88-945d-402b-8649-133a9526b2e6	no description	https://envipath.org/package/521c547a-fd2a-491c-ad5b-7eaa1577fb65/pathway/478a00e0-9035-4a47-9610-c33e8dd713bf																		sorption corrected & abiotic degradation corrected										
CO/C=C(\C1=C(C=CC=C1)OC2=CC(=NC=N2)OC3=C(C=CC=C3)C#N)/C(=O)OC	https://envipath.org/package/521c547a-fd2a-491c-ad5b-7eaa1577fb65/pathway/478a00e0-9035-4a47-9610-c33e8dd713bf/node/aa8f3f27-6b4d-4ca4-a6e0-81691543cf05	https://envipath.org/package/521c547a-fd2a-491c-ad5b-7eaa1577fb65/scenario/6b0434a3-5dfa-471e-bd37-156246a5f106	no description	https://envipath.org/package/521c547a-fd2a-491c-ad5b-7eaa1577fb65/pathway/478a00e0-9035-4a47-9610-c33e8dd713bf																		sorption corrected & abiotic degradation corrected										
CO/C=C(\C1=C(C=CC=C1)OC2=CC(=NC=N2)OC3=C(C=CC=C3)C#N)/C(=O)OC	https://envipath.org/package/521c547a-fd2a-491c-ad5b-7eaa1577fb65/pathway/478a00e0-9035-4a47-9610-c33e8dd713bf/node/aa8f3f27-6b4d-4ca4-a6e0-81691543cf05	https://envipath.org/package/521c547a-fd2a-491c-ad5b-7eaa1577fb65/scenario/af7aab52-3414-4d6d-9e8b-a744b189eee4	no description	https://envipath.org/package/521c547a-fd2a-491c-ad5b-7eaa1577fb65/pathway/478a00e0-9035-4a47-9610-c33e8dd713bf																		sorption corrected & abiotic degradation corrected										
CO/C=C(\C1=C(C=CC=C1)OC2=CC(=NC=N2)OC3=C(C=CC=C3)C#N)/C(=O)OC	https://envipath.org/package/521c547a-fd2a-491c-ad5b-7eaa1577fb65/pathway/478a00e0-9035-4a47-9610-c33e8dd713bf/node/aa8f3f27-6b4d-4ca4-a6e0-81691543cf05	https://envipath.org/package/521c547a-fd2a-491c-ad5b-7eaa1577fb65/scenario/0b3d7a4e-6239-4b44-97e4-75664baa6f98	no description	https://envipath.org/package/521c547a-fd2a-491c-ad5b-7eaa1577fb65/pathway/478a00e0-9035-4a47-9610-c33e8dd713bf																		sorption corrected & abiotic degradation corrected										
CO/C=C(\C1=C(C=CC=C1)OC2=CC(=NC=N2)OC3=C(C=CC=C3)C#N)/C(=O)OC	https://envipath.org/package/521c547a-fd2a-491c-ad5b-7eaa1577fb65/pathway/478a00e0-9035-4a47-9610-c33e8dd713bf/node/aa8f3f27-6b4d-4ca4-a6e0-81691543cf05	https://envipath.org/package/521c547a-fd2a-491c-ad5b-7eaa1577fb65/scenario/050d16de-b905-4fa8-93e1-dda7d140ba56	no description	https://envipath.org/package/521c547a-fd2a-491c-ad5b-7eaa1577fb65/pathway/478a00e0-9035-4a47-9610-c33e8dd713bf																					no comment							
CO/C=C(\C1=C(C=CC=C1)OC2=CC(=NC=N2)OC3=C(C=CC=C3)C#N)/C(=O)OC	https://envipath.org/package/521c547a-fd2a-491c-ad5b-7eaa1577fb65/pathway/478a00e0-9035-4a47-9610-c33e8dd713bf/node/aa8f3f27-6b4d-4ca4-a6e0-81691543cf05	https://envipath.org/package/521c547a-fd2a-491c-ad5b-7eaa1577fb65/scenario/47e3ef12-5467-4803-9633-da0168772296	no description	https://envipath.org/package/521c547a-fd2a-491c-ad5b-7eaa1577fb65/pathway/478a00e0-9035-4a47-9610-c33e8dd713bf																					no comment							
CO/C=C(\C1=C(C=CC=C1)OC2=CC(=NC=N2)OC3=C(C=CC=C3)C#N)/C(=O)OC	https://envipath.org/package/521c547a-fd2a-491c-ad5b-7eaa1577fb65/pathway/478a00e0-9035-4a47-9610-c33e8dd713bf/node/aa8f3f27-6b4d-4ca4-a6e0-81691543cf05	https://envipath.org/package/521c547a-fd2a-491c-ad5b-7eaa1577fb65/scenario/d49d6183-7e67-4931-b361-c30a57dd8c9d	no description	https://envipath.org/package/521c547a-fd2a-491c-ad5b-7eaa1577fb65/pathway/478a00e0-9035-4a47-9610-c33e8dd713bf																					>							
CO/C=C(\C1=C(C=CC=C1)OC2=CC(=NC=N2)OC3=C(C=CC=C3)C#N)/C(=O)OC	https://envipath.org/package/521c547a-fd2a-491c-ad5b-7eaa1577fb65/pathway/478a00e0-9035-4a47-9610-c33e8dd713bf/node/aa8f3f27-6b4d-4ca4-a6e0-81691543cf05	https://envipath.org/package/521c547a-fd2a-491c-ad5b-7eaa1577fb65/scenario/838b6163-33d8-4030-8aa6-bee2af02c5e7	no description	https://envipath.org/package/521c547a-fd2a-491c-ad5b-7eaa1577fb65/pathway/478a00e0-9035-4a47-9610-c33e8dd713bf																		sorption corrected & abiotic degradation corrected										
CO/C=C(\C1=C(C=CC=C1)OC2=CC(=NC=N2)OC3=C(C=CC=C3)C#N)/C(=O)OC	https://envipath.org/package/521c547a-fd2a-491c-ad5b-7eaa1577fb65/pathway/478a00e0-9035-4a47-9610-c33e8dd713bf/node/aa8f3f27-6b4d-4ca4-a6e0-81691543cf05	https://envipath.org/package/521c547a-fd2a-491c-ad5b-7eaa1577fb65/scenario/3a9b346e-10f7-4b0f-9ac5-3e5cddd94f80	no description	https://envipath.org/package/521c547a-fd2a-491c-ad5b-7eaa1577fb65/pathway/478a00e0-9035-4a47-9610-c33e8dd713bf																		sorption corrected & abiotic degradation corrected										
CO/C=C(\C1=C(C=CC=C1)OC2=CC(=NC=N2)OC3=C(C=CC=C3)C#N)/C(=O)OC	https://envipath.org/package/521c547a-fd2a-491c-ad5b-7eaa1577fb65/pathway/478a00e0-9035-4a47-9610-c33e8dd713bf/node/aa8f3f27-6b4d-4ca4-a6e0-81691543cf05	https://envipath.org/package/521c547a-fd2a-491c-ad5b-7eaa1577fb65/scenario/42903bca-9db0-4050-9278-8d53cbc79415	no description	https://envipath.org/package/521c547a-fd2a-491c-ad5b-7eaa1577fb65/pathway/478a00e0-9035-4a47-9610-c33e8dd713bf																					no comment							
CO/C=C(\C1=C(C=CC=C1)OC2=CC(=NC=N2)OC3=C(C=CC=C3)C#N)/C(=O)OC	https://envipath.org/package/521c547a-fd2a-491c-ad5b-7eaa1577fb65/pathway/478a00e0-9035-4a47-9610-c33e8dd713bf/node/aa8f3f27-6b4d-4ca4-a6e0-81691543cf05	https://envipath.org/package/521c547a-fd2a-491c-ad5b-7eaa1577fb65/scenario/1a01ed2e-bbc6-49ec-95a8-64e64d0575ed	no description	https://envipath.org/package/521c547a-fd2a-491c-ad5b-7eaa1577fb65/pathway/478a00e0-9035-4a47-9610-c33e8dd713bf																		sorption corrected & abiotic degradation corrected										
CO/C=C(\C1=C(C=CC=C1)OC2=CC(=NC=N2)OC3=C(C=CC=C3)C#N)/C(=O)OC	https://envipath.org/package/521c547a-fd2a-491c-ad5b-7eaa1577fb65/pathway/478a00e0-9035-4a47-9610-c33e8dd713bf/node/aa8f3f27-6b4d-4ca4-a6e0-81691543cf05	https://envipath.org/package/521c547a-fd2a-491c-ad5b-7eaa1577fb65/scenario/ef0288b0-0071-4817-95d0-2e232391473d	no description	https://envipath.org/package/521c547a-fd2a-491c-ad5b-7eaa1577fb65/pathway/478a00e0-9035-4a47-9610-c33e8dd713bf																		sorption corrected & abiotic degradation corrected										
CO/C=C(\C1=C(C=CC=C1)OC2=CC(=NC=N2)OC3=C(C=CC=C3)C#N)/C(=O)OC	https://envipath.org/package/521c547a-fd2a-491c-ad5b-7eaa1577fb65/pathway/478a00e0-9035-4a47-9610-c33e8dd713bf/node/aa8f3f27-6b4d-4ca4-a6e0-81691543cf05	https://envipath.org/package/521c547a-fd2a-491c-ad5b-7eaa1577fb65/scenario/cc098357-b2c9-401c-9721-357f0b42864a	no description	https://envipath.org/package/521c547a-fd2a-491c-ad5b-7eaa1577fb65/pathway/478a00e0-9035-4a47-9610-c33e8dd713bf																		sorption corrected & abiotic degradation corrected										
CO/C=C(\C1=C(C=CC=C1)OC2=CC(=NC=N2)OC3=C(C=CC=C3)C#N)/C(=O)OC	https://envipath.org/package/521c547a-fd2a-491c-ad5b-7eaa1577fb65/pathway/478a00e0-9035-4a47-9610-c33e8dd713bf/node/aa8f3f27-6b4d-4ca4-a6e0-81691543cf05	https://envipath.org/package/521c547a-fd2a-491c-ad5b-7eaa1577fb65/scenario/61159109-4bfe-49c5-bba6-f6b505dbf816	no description	https://envipath.org/package/521c547a-fd2a-491c-ad5b-7eaa1577fb65/pathway/478a00e0-9035-4a47-9610-c33e8dd713bf																		sorption corrected & abiotic degradation corrected										
CN1CCCC1C2=CC=CN=C2	https://envipath.org/package/521c547a-fd2a-491c-ad5b-7eaa1577fb65/pathway/55784acc-3f78-419e-9fdd-5085083f0617/node/5d2996f3-0ea1-42dd-bc74-f88a4cd7fc86	https://envipath.org/package/521c547a-fd2a-491c-ad5b-7eaa1577fb65/scenario/e31b01d5-7bb7-45de-8d8d-5c66decb78a1	no description	https://envipath.org/package/521c547a-fd2a-491c-ad5b-7eaa1577fb65/pathway/55784acc-3f78-419e-9fdd-5085083f0617																		sorption corrected & abiotic degradation corrected										
CN1CCCC1C2=CC=CN=C2	https://envipath.org/package/521c547a-fd2a-491c-ad5b-7eaa1577fb65/pathway/55784acc-3f78-419e-9fdd-5085083f0617/node/5d2996f3-0ea1-42dd-bc74-f88a4cd7fc86	https://envipath.org/package/521c547a-fd2a-491c-ad5b-7eaa1577fb65/scenario/dfbd3131-4a83-454e-ba49-bab8a26393b2	no description	https://envipath.org/package/521c547a-fd2a-491c-ad5b-7eaa1577fb65/pathway/55784acc-3f78-419e-9fdd-5085083f0617																		sorption corrected & abiotic degradation corrected										
CN1CCCC1C2=CC=CN=C2	https://envipath.org/package/521c547a-fd2a-491c-ad5b-7eaa1577fb65/pathway/55784acc-3f78-419e-9fdd-5085083f0617/node/5d2996f3-0ea1-42dd-bc74-f88a4cd7fc86	https://envipath.org/package/521c547a-fd2a-491c-ad5b-7eaa1577fb65/scenario/fdc11dd8-7f46-4d06-93bc-200e50370456	no description	https://envipath.org/package/521c547a-fd2a-491c-ad5b-7eaa1577fb65/pathway/55784acc-3f78-419e-9fdd-5085083f0617																		sorption corrected & abiotic degradation corrected										
CC1=C(C=CC=C1)C(C2=CC=CC=C2)OCCN(C)C	https://envipath.org/package/521c547a-fd2a-491c-ad5b-7eaa1577fb65/pathway/696ed5a5-a0a7-4198-8302-b8684b55281f/node/71712acb-1d24-4850-bd63-e60ea1386de1	https://envipath.org/package/521c547a-fd2a-491c-ad5b-7eaa1577fb65/scenario/f1ada1db-02af-4668-93fa-b17e2781a0dc	no description	https://envipath.org/package/521c547a-fd2a-491c-ad5b-7eaa1577fb65/pathway/696ed5a5-a0a7-4198-8302-b8684b55281f																		sorption corrected & abiotic degradation corrected										
CC1=C(C=CC=C1)C(C2=CC=CC=C2)OCCN(C)C	https://envipath.org/package/521c547a-fd2a-491c-ad5b-7eaa1577fb65/pathway/696ed5a5-a0a7-4198-8302-b8684b55281f/node/71712acb-1d24-4850-bd63-e60ea1386de1	https://envipath.org/package/521c547a-fd2a-491c-ad5b-7eaa1577fb65/scenario/7b8d984d-178d-4183-b77e-0c488b547840	no description	https://envipath.org/package/521c547a-fd2a-491c-ad5b-7eaa1577fb65/pathway/696ed5a5-a0a7-4198-8302-b8684b55281f																		sorption corrected & abiotic degradation corrected										
CC1=C(C=CC=C1)C(C2=CC=CC=C2)OCCN(C)C	https://envipath.org/package/521c547a-fd2a-491c-ad5b-7eaa1577fb65/pathway/696ed5a5-a0a7-4198-8302-b8684b55281f/node/71712acb-1d24-4850-bd63-e60ea1386de1	https://envipath.org/package/521c547a-fd2a-491c-ad5b-7eaa1577fb65/scenario/4a0f5a5c-8951-4c01-bd45-c7a504b550d3	no description	https://envipath.org/package/521c547a-fd2a-491c-ad5b-7eaa1577fb65/pathway/696ed5a5-a0a7-4198-8302-b8684b55281f																		sorption corrected & abiotic degradation corrected										
CN(C)CCCC1(C2=CC=C(C=C2)F)C3=CC=C(C=C3CO1)C(=O)N	https://envipath.org/package/521c547a-fd2a-491c-ad5b-7eaa1577fb65/pathway/19946451-7c56-4e92-9448-04326524386d/node/6bff73f8-45b7-48e9-93c8-cf61df71ca52	https://envipath.org/package/521c547a-fd2a-491c-ad5b-7eaa1577fb65/scenario/53d3e754-674a-4aec-a3e3-eb19f821b684	https://doi.org/10.1016/j.watres.2016.07.029	https://envipath.org/package/521c547a-fd2a-491c-ad5b-7eaa1577fb65/pathway/19946451-7c56-4e92-9448-04326524386d		aerob	{'end': 7.4, 'start': 6.6}	Athens (Greece)	amber glass bottle	aeration tank	stirring	sludge retention time	200.0	3.7	2000.0	spiking in solvent	{'end': 20.0, 'start': 20.0}	municipal WW						nitrification & denitrification & biological phosphorus removal						3.0		
CN(C)CCCC1(C2=CC=C(C=C2)F)C3=CC=C(C=C3CO1)C(=O)N	https://envipath.org/package/521c547a-fd2a-491c-ad5b-7eaa1577fb65/pathway/19946451-7c56-4e92-9448-04326524386d/node/6bff73f8-45b7-48e9-93c8-cf61df71ca52	https://envipath.org/package/521c547a-fd2a-491c-ad5b-7eaa1577fb65/scenario/2b5bdb6a-e89e-43c9-8c49-c19941a785a4	no description	https://envipath.org/package/521c547a-fd2a-491c-ad5b-7eaa1577fb65/pathway/19946451-7c56-4e92-9448-04326524386d	1																										major	
CN(C)CCCC1(C2=CC=C(C=C2)F)C3=CC=C(C=C3C(=O)O1)C#N	https://envipath.org/package/521c547a-fd2a-491c-ad5b-7eaa1577fb65/pathway/19946451-7c56-4e92-9448-04326524386d/node/d671dd67-5fec-41dd-a0b9-51d34fa43d35	https://envipath.org/package/521c547a-fd2a-491c-ad5b-7eaa1577fb65/scenario/9fc1f59d-a0e2-4877-96ac-4037e09c78c2	no description	https://envipath.org/package/521c547a-fd2a-491c-ad5b-7eaa1577fb65/pathway/19946451-7c56-4e92-9448-04326524386d	1																										major	
C[N+](C)(CCCC1(C2=CC=C(C=C2)F)C3=CC=C(C=C3CO1)C(=O)N)[O-]	https://envipath.org/package/521c547a-fd2a-491c-ad5b-7eaa1577fb65/pathway/19946451-7c56-4e92-9448-04326524386d/node/a3ffabd0-6d96-4eb7-9cf0-f4c6a1081950	https://envipath.org/package/521c547a-fd2a-491c-ad5b-7eaa1577fb65/scenario/523943b0-c1fb-453f-8010-c4b1baad8695	no description	https://envipath.org/package/521c547a-fd2a-491c-ad5b-7eaa1577fb65/pathway/19946451-7c56-4e92-9448-04326524386d	2																											
CNCCCC1(C2=CC=C(C=C2)F)C3=CC=C(C=C3CO1)C(=O)N	https://envipath.org/package/521c547a-fd2a-491c-ad5b-7eaa1577fb65/pathway/19946451-7c56-4e92-9448-04326524386d/node/c5eed641-d9ae-46ac-95de-50a3c6794c1c	https://envipath.org/package/521c547a-fd2a-491c-ad5b-7eaa1577fb65/scenario/fddf5dbc-4bfc-4cab-b3eb-2a76bf9a69e5	no description	https://envipath.org/package/521c547a-fd2a-491c-ad5b-7eaa1577fb65/pathway/19946451-7c56-4e92-9448-04326524386d	2																											
CNCCCC1(C2=CC=C(C=C2)F)C3=CC=C(C=C3CO1)C(=O)O	https://envipath.org/package/521c547a-fd2a-491c-ad5b-7eaa1577fb65/pathway/19946451-7c56-4e92-9448-04326524386d/node/5e9e1743-78f1-45e0-8226-781d74fb6ec6	https://envipath.org/package/521c547a-fd2a-491c-ad5b-7eaa1577fb65/scenario/cbe94774-d8e7-4c03-972f-23848b5f17ec	no description	https://envipath.org/package/521c547a-fd2a-491c-ad5b-7eaa1577fb65/pathway/19946451-7c56-4e92-9448-04326524386d	2																											
CN(C)CCCC1(C2=CC=C(C=C2)F)C3=CC=C(C=C3CO1)C#N	https://envipath.org/package/521c547a-fd2a-491c-ad5b-7eaa1577fb65/pathway/19946451-7c56-4e92-9448-04326524386d/node/da14c330-36b9-46bb-9fbd-881762d737c9	https://envipath.org/package/521c547a-fd2a-491c-ad5b-7eaa1577fb65/scenario/e658e48a-4a4e-4f17-a764-06601840fc48	no description	https://envipath.org/package/521c547a-fd2a-491c-ad5b-7eaa1577fb65/pathway/19946451-7c56-4e92-9448-04326524386d	1																											
C[N+](C)(CCCC1(C2=CC=C(C=C2)F)C3=CC=C(C=C3C(=O)O1)C#N)[O-]	https://envipath.org/package/521c547a-fd2a-491c-ad5b-7eaa1577fb65/pathway/19946451-7c56-4e92-9448-04326524386d/node/3f3af0aa-8833-467b-8bcc-d2379e8ec003	https://envipath.org/package/521c547a-fd2a-491c-ad5b-7eaa1577fb65/scenario/0debf9ef-29db-4f7b-a707-22ef1a0cdf93	no description	https://envipath.org/package/521c547a-fd2a-491c-ad5b-7eaa1577fb65/pathway/19946451-7c56-4e92-9448-04326524386d	2																											
CN(C)CCCC1(C2=CC=C(C=C2)F)C3=CC=C(C=C3C(=O)O1)C(=O)N	https://envipath.org/package/521c547a-fd2a-491c-ad5b-7eaa1577fb65/pathway/19946451-7c56-4e92-9448-04326524386d/node/454d1e50-32f6-47ea-ae41-7beae998e709	https://envipath.org/package/521c547a-fd2a-491c-ad5b-7eaa1577fb65/scenario/386bde15-0b78-41a5-b045-4a9b90560130	no description	https://envipath.org/package/521c547a-fd2a-491c-ad5b-7eaa1577fb65/pathway/19946451-7c56-4e92-9448-04326524386d	2																											
C[N+](C)(CCCC1(C2=CC=C(C=C2)F)C3=CC=C(C=C3CO1)C#N)[O-]	https://envipath.org/package/521c547a-fd2a-491c-ad5b-7eaa1577fb65/pathway/19946451-7c56-4e92-9448-04326524386d/node/70b60873-564d-4f46-807f-f7f5f85f452b	https://envipath.org/package/521c547a-fd2a-491c-ad5b-7eaa1577fb65/scenario/d7dec6e0-7548-4665-b449-b0c47faec8fe	no description	https://envipath.org/package/521c547a-fd2a-491c-ad5b-7eaa1577fb65/pathway/19946451-7c56-4e92-9448-04326524386d	2																										major	
CN(C)CC(CC1(C2=CC=C(C=C2)F)C3=CC=C(C=C3CO1)C(=O)O)O	https://envipath.org/package/521c547a-fd2a-491c-ad5b-7eaa1577fb65/pathway/19946451-7c56-4e92-9448-04326524386d/node/7e5701a7-940b-46af-bfb9-45252feede93	https://envipath.org/package/521c547a-fd2a-491c-ad5b-7eaa1577fb65/scenario/a65c1f22-2e60-47eb-8df5-52f1f9e5b030	no description	https://envipath.org/package/521c547a-fd2a-491c-ad5b-7eaa1577fb65/pathway/19946451-7c56-4e92-9448-04326524386d	3																											
CN(C)CC(CC1(C2=CC=C(C=C2)F)C3=CC=C(C=C3CO1)C(=O)N)O	https://envipath.org/package/521c547a-fd2a-491c-ad5b-7eaa1577fb65/pathway/19946451-7c56-4e92-9448-04326524386d/node/3bc0074c-4708-4f05-ac63-c3539a5c9522	https://envipath.org/package/521c547a-fd2a-491c-ad5b-7eaa1577fb65/scenario/0d42438d-5f3d-45a7-973b-c36ffc305f4d	no description	https://envipath.org/package/521c547a-fd2a-491c-ad5b-7eaa1577fb65/pathway/19946451-7c56-4e92-9448-04326524386d	3																											
C[N+](C)(CCCC1(C2=CC=C(C=C2)F)C3=CC=C(C=C3CO1)C(=O)O)[O-]	https://envipath.org/package/521c547a-fd2a-491c-ad5b-7eaa1577fb65/pathway/19946451-7c56-4e92-9448-04326524386d/node/fac82ecd-a461-469f-8fc2-a59cde93a6b3	https://envipath.org/package/521c547a-fd2a-491c-ad5b-7eaa1577fb65/scenario/72e1327a-dd29-4fab-a833-9d2eb934fdd8	no description	https://envipath.org/package/521c547a-fd2a-491c-ad5b-7eaa1577fb65/pathway/19946451-7c56-4e92-9448-04326524386d	2																											
CNCCCC1(C2=CC=C(C=C2)F)C3=CC=C(C=C3CO1)C#N	https://envipath.org/package/521c547a-fd2a-491c-ad5b-7eaa1577fb65/pathway/19946451-7c56-4e92-9448-04326524386d/node/15c83b05-2aa0-4966-b056-bea53d63422a	https://envipath.org/package/521c547a-fd2a-491c-ad5b-7eaa1577fb65/scenario/71985b33-df68-4208-be84-cbab28d5b7f0	no description	https://envipath.org/package/521c547a-fd2a-491c-ad5b-7eaa1577fb65/pathway/19946451-7c56-4e92-9448-04326524386d	1																										major	
CN(C)CCCC1(C2=CC=C(C=C2)F)C3=CC=C(C=C3CO1)C(=O)O	https://envipath.org/package/521c547a-fd2a-491c-ad5b-7eaa1577fb65/pathway/19946451-7c56-4e92-9448-04326524386d/node/ea0076d3-74fe-4299-aa7a-e69ea756dcbd	https://envipath.org/package/521c547a-fd2a-491c-ad5b-7eaa1577fb65/scenario/57bf72c2-78c2-44ed-9704-f9241b039027	no description	https://envipath.org/package/521c547a-fd2a-491c-ad5b-7eaa1577fb65/pathway/19946451-7c56-4e92-9448-04326524386d	1																										major	
C1=CN=C(N=C1)NS(=O)(=O)C2=CC=C(C=C2)NCC(=O)/C=N/C3=C(C(=O)NC(=N3)N)N	https://envipath.org/package/521c547a-fd2a-491c-ad5b-7eaa1577fb65/pathway/8146763e-c83a-4c3a-ac42-80adc4bc81ae/node/c1e11ccb-2060-4e45-8adc-d077b0163602	https://envipath.org/package/521c547a-fd2a-491c-ad5b-7eaa1577fb65/scenario/42e82321-fdbd-43ae-80e4-85d8169d9f87	no description	https://envipath.org/package/521c547a-fd2a-491c-ad5b-7eaa1577fb65/pathway/8146763e-c83a-4c3a-ac42-80adc4bc81ae	3																											
C1=CN=C(N=C1)NS(=O)(=O)C2=CC=C(C=C2)NC=O	https://envipath.org/package/521c547a-fd2a-491c-ad5b-7eaa1577fb65/pathway/8146763e-c83a-4c3a-ac42-80adc4bc81ae/node/7d7adf50-2583-489b-8159-f0fdc273cdc4	https://envipath.org/package/521c547a-fd2a-491c-ad5b-7eaa1577fb65/scenario/b01c64e9-7e34-4e18-886b-1ed27b1efa67	no description	https://envipath.org/package/521c547a-fd2a-491c-ad5b-7eaa1577fb65/pathway/8146763e-c83a-4c3a-ac42-80adc4bc81ae	2																											
C1=CN=C(N=C1)NS(=O)(=O)C2=CC=C(C=C2)NCC3=CN=C4C(=N3)C(=O)NC(=N4)N	https://envipath.org/package/521c547a-fd2a-491c-ad5b-7eaa1577fb65/pathway/8146763e-c83a-4c3a-ac42-80adc4bc81ae/node/c7931fd5-b60e-4481-97fb-50f931c9ad2b	https://envipath.org/package/521c547a-fd2a-491c-ad5b-7eaa1577fb65/scenario/45ec804f-69af-47a2-b0f2-1351353d8545	no description	https://envipath.org/package/521c547a-fd2a-491c-ad5b-7eaa1577fb65/pathway/8146763e-c83a-4c3a-ac42-80adc4bc81ae	2																											
C1=CN=C(N=C1)NS(=O)(=O)C2=CC=C(C=C2)N	https://envipath.org/package/521c547a-fd2a-491c-ad5b-7eaa1577fb65/pathway/8146763e-c83a-4c3a-ac42-80adc4bc81ae/node/29715ecf-800a-49b4-9528-3cc86b9e69b0	https://envipath.org/package/521c547a-fd2a-491c-ad5b-7eaa1577fb65/scenario/5bf79500-f105-4781-8e9f-5400ce6a697d	no description	https://envipath.org/package/521c547a-fd2a-491c-ad5b-7eaa1577fb65/pathway/8146763e-c83a-4c3a-ac42-80adc4bc81ae	1																											
C1=CN=C(N=C1)NS(=O)(=O)C2=CC=C(C=C2)NCC3=NC4=C(N=C3)NC(=O)NC4=O	https://envipath.org/package/521c547a-fd2a-491c-ad5b-7eaa1577fb65/pathway/8146763e-c83a-4c3a-ac42-80adc4bc81ae/node/cf0cec02-90ec-4623-91ca-c9e964059edd	https://envipath.org/package/521c547a-fd2a-491c-ad5b-7eaa1577fb65/scenario/db2706d4-a8bc-43c2-b466-fc089335498b	no description	https://envipath.org/package/521c547a-fd2a-491c-ad5b-7eaa1577fb65/pathway/8146763e-c83a-4c3a-ac42-80adc4bc81ae	2																											
CC(=O)NC1=CC=C(C=C1)S(=O)(=O)NC2=NC=CC=N2	https://envipath.org/package/521c547a-fd2a-491c-ad5b-7eaa1577fb65/pathway/8146763e-c83a-4c3a-ac42-80adc4bc81ae/node/ee593697-88d6-4e84-9444-5be1e536379a	https://envipath.org/package/521c547a-fd2a-491c-ad5b-7eaa1577fb65/scenario/6f006d4c-0711-4fd3-b473-a146beda8f84	no description	https://envipath.org/package/521c547a-fd2a-491c-ad5b-7eaa1577fb65/pathway/8146763e-c83a-4c3a-ac42-80adc4bc81ae	1																											
C1=CN=C(N=C1)NS(=O)(=O)C2=CC=C(C=C2)NCC(=O)O	https://envipath.org/package/521c547a-fd2a-491c-ad5b-7eaa1577fb65/pathway/8146763e-c83a-4c3a-ac42-80adc4bc81ae/node/f459eb96-3877-4a2d-ad91-d5af895e88c3	https://envipath.org/package/521c547a-fd2a-491c-ad5b-7eaa1577fb65/scenario/fce00b92-d1fb-4f13-be22-3e3c01b4b8fb	no description	https://envipath.org/package/521c547a-fd2a-491c-ad5b-7eaa1577fb65/pathway/8146763e-c83a-4c3a-ac42-80adc4bc81ae	3																											
CC(C)CC1=CC=C(C=C1)C(C)C(=O)O	https://envipath.org/package/521c547a-fd2a-491c-ad5b-7eaa1577fb65/pathway/65fbf409-90c3-42e1-a526-5fc66105566b/node/555192e8-0b00-402e-b7ef-9e06357ca350	https://envipath.org/package/521c547a-fd2a-491c-ad5b-7eaa1577fb65/scenario/f56c36f9-c050-43e7-967f-f8f20da1d76a	DOI 10.1007/s00216-001-1210-x	https://envipath.org/package/521c547a-fd2a-491c-ad5b-7eaa1577fb65/pathway/65fbf409-90c3-42e1-a526-5fc66105566b		anaerob			flask						177.0			municipal WW														150.0
CC(C)CC1=CC=C(C=C1)C(C)C(=O)O	https://envipath.org/package/521c547a-fd2a-491c-ad5b-7eaa1577fb65/pathway/65fbf409-90c3-42e1-a526-5fc66105566b/node/555192e8-0b00-402e-b7ef-9e06357ca350	https://envipath.org/package/521c547a-fd2a-491c-ad5b-7eaa1577fb65/scenario/985c2300-9403-490f-a8f3-808c01c8f007	 https://doi.org/10.1016/j.watres.2005.04.068	https://envipath.org/package/521c547a-fd2a-491c-ad5b-7eaa1577fb65/pathway/65fbf409-90c3-42e1-a526-5fc66105566b				Germany	glass bottle	membrane Bioreactor conducting a single step biological treatment		sludge retention time			5000.0			municipal WW			deionized water					50mg/L powdered milk added once a week						55.0
CC(C)CC1=CC=C(C=C1)C(C)C(=O)O	https://envipath.org/package/521c547a-fd2a-491c-ad5b-7eaa1577fb65/pathway/65fbf409-90c3-42e1-a526-5fc66105566b/node/555192e8-0b00-402e-b7ef-9e06357ca350	https://envipath.org/package/521c547a-fd2a-491c-ad5b-7eaa1577fb65/scenario/37a41055-3374-48a7-aafe-db4c9ece32e4	 https://doi.org/10.1016/j.watres.2005.04.068	https://envipath.org/package/521c547a-fd2a-491c-ad5b-7eaa1577fb65/pathway/65fbf409-90c3-42e1-a526-5fc66105566b				Germany	glass bottle	membrane Bioreactor conducting a single step biological treatment		sludge retention time			20000.0			municipal WW			deionized water											
CC(C)CC1=CC=C(C=C1)C(C)C(=O)O	https://envipath.org/package/521c547a-fd2a-491c-ad5b-7eaa1577fb65/pathway/65fbf409-90c3-42e1-a526-5fc66105566b/node/555192e8-0b00-402e-b7ef-9e06357ca350	https://envipath.org/package/521c547a-fd2a-491c-ad5b-7eaa1577fb65/scenario/0cda4dbb-04fd-4547-b4a4-e8c3c5fddc72	DOI 10.1007/s00216-001-1210-x	https://envipath.org/package/521c547a-fd2a-491c-ad5b-7eaa1577fb65/pathway/65fbf409-90c3-42e1-a526-5fc66105566b		oxic			flask		bubbling air				177.0			municipal WW		6.0												150.0
CC(C1=CC=C(C=C1)CC(C)(C)O)C(=O)O	https://envipath.org/package/521c547a-fd2a-491c-ad5b-7eaa1577fb65/pathway/65fbf409-90c3-42e1-a526-5fc66105566b/node/b28b21ae-31fd-4342-8f61-b7ed4bbd98ca	https://envipath.org/package/521c547a-fd2a-491c-ad5b-7eaa1577fb65/scenario/f56c36f9-c050-43e7-967f-f8f20da1d76a	DOI 10.1007/s00216-001-1210-x	https://envipath.org/package/521c547a-fd2a-491c-ad5b-7eaa1577fb65/pathway/65fbf409-90c3-42e1-a526-5fc66105566b		anaerob			flask						177.0			municipal WW														150.0
CC(C1=CC=C(C=C1)CC(C)(C)O)C(=O)O	https://envipath.org/package/521c547a-fd2a-491c-ad5b-7eaa1577fb65/pathway/65fbf409-90c3-42e1-a526-5fc66105566b/node/b28b21ae-31fd-4342-8f61-b7ed4bbd98ca	https://envipath.org/package/521c547a-fd2a-491c-ad5b-7eaa1577fb65/scenario/985c2300-9403-490f-a8f3-808c01c8f007	 https://doi.org/10.1016/j.watres.2005.04.068	https://envipath.org/package/521c547a-fd2a-491c-ad5b-7eaa1577fb65/pathway/65fbf409-90c3-42e1-a526-5fc66105566b				Germany	glass bottle	membrane Bioreactor conducting a single step biological treatment		sludge retention time			5000.0			municipal WW			deionized water					50mg/L powdered milk added once a week						55.0
CC(C1=CC=C(C=C1)CC(C)(C)O)C(=O)O	https://envipath.org/package/521c547a-fd2a-491c-ad5b-7eaa1577fb65/pathway/65fbf409-90c3-42e1-a526-5fc66105566b/node/b28b21ae-31fd-4342-8f61-b7ed4bbd98ca	https://envipath.org/package/521c547a-fd2a-491c-ad5b-7eaa1577fb65/scenario/0cda4dbb-04fd-4547-b4a4-e8c3c5fddc72	DOI 10.1007/s00216-001-1210-x	https://envipath.org/package/521c547a-fd2a-491c-ad5b-7eaa1577fb65/pathway/65fbf409-90c3-42e1-a526-5fc66105566b		oxic			flask		bubbling air				177.0			municipal WW		6.0												150.0
CC(CC1=CC=C(C=C1)C(C)C(=O)O)C(=O)O	https://envipath.org/package/521c547a-fd2a-491c-ad5b-7eaa1577fb65/pathway/65fbf409-90c3-42e1-a526-5fc66105566b/node/63f0fbc7-eba4-4ff7-8c10-50f84c40ba42	https://envipath.org/package/521c547a-fd2a-491c-ad5b-7eaa1577fb65/scenario/f56c36f9-c050-43e7-967f-f8f20da1d76a	DOI 10.1007/s00216-001-1210-x	https://envipath.org/package/521c547a-fd2a-491c-ad5b-7eaa1577fb65/pathway/65fbf409-90c3-42e1-a526-5fc66105566b		anaerob			flask						177.0			municipal WW														150.0
CC(CC1=CC=C(C=C1)C(C)C(=O)O)C(=O)O	https://envipath.org/package/521c547a-fd2a-491c-ad5b-7eaa1577fb65/pathway/65fbf409-90c3-42e1-a526-5fc66105566b/node/63f0fbc7-eba4-4ff7-8c10-50f84c40ba42	https://envipath.org/package/521c547a-fd2a-491c-ad5b-7eaa1577fb65/scenario/0cda4dbb-04fd-4547-b4a4-e8c3c5fddc72	DOI 10.1007/s00216-001-1210-x	https://envipath.org/package/521c547a-fd2a-491c-ad5b-7eaa1577fb65/pathway/65fbf409-90c3-42e1-a526-5fc66105566b		oxic			flask		bubbling air				177.0			municipal WW		6.0												150.0
CC(C1=CC=C(C=C1)C(=O)O)C(=O)O	https://envipath.org/package/521c547a-fd2a-491c-ad5b-7eaa1577fb65/pathway/65fbf409-90c3-42e1-a526-5fc66105566b/node/4dfd8f47-4597-4188-890a-f076bcf46830	https://envipath.org/package/521c547a-fd2a-491c-ad5b-7eaa1577fb65/scenario/f56c36f9-c050-43e7-967f-f8f20da1d76a	DOI 10.1007/s00216-001-1210-x	https://envipath.org/package/521c547a-fd2a-491c-ad5b-7eaa1577fb65/pathway/65fbf409-90c3-42e1-a526-5fc66105566b		anaerob			flask						177.0			municipal WW														150.0
CC(C1=CC=C(C=C1)C(=O)O)C(=O)O	https://envipath.org/package/521c547a-fd2a-491c-ad5b-7eaa1577fb65/pathway/65fbf409-90c3-42e1-a526-5fc66105566b/node/4dfd8f47-4597-4188-890a-f076bcf46830	https://envipath.org/package/521c547a-fd2a-491c-ad5b-7eaa1577fb65/scenario/0cda4dbb-04fd-4547-b4a4-e8c3c5fddc72	DOI 10.1007/s00216-001-1210-x	https://envipath.org/package/521c547a-fd2a-491c-ad5b-7eaa1577fb65/pathway/65fbf409-90c3-42e1-a526-5fc66105566b		oxic			flask		bubbling air				177.0			municipal WW		6.0												150.0
C1=C(C=CC(=C1)O)C(=O)O	https://envipath.org/package/521c547a-fd2a-491c-ad5b-7eaa1577fb65/pathway/95637bea-12e8-452d-b65f-c707a538d892/node/e2797c21-4863-4cfe-a239-c670cd89effe	https://envipath.org/package/521c547a-fd2a-491c-ad5b-7eaa1577fb65/scenario/3d17d756-b95e-4e84-aa55-dcd6f13e1a48	DOI: 10.1021/es100970m	https://envipath.org/package/521c547a-fd2a-491c-ad5b-7eaa1577fb65/pathway/95637bea-12e8-452d-b65f-c707a538d892		aerob	{'end': 6.2, 'start': 6.2}	pilot scale WWTP (membrane Bioreactor) Duebendorf, Switzerland	amber glass bottle		shaking	sludge age	49.95	3.0	100.0	spiking in solvent	{'end': 20.0, 'start': 20.0}	mixed WW (municipal & industrial)		7.9												
C1=C(C=CC(=C1)O)C(=O)O	https://envipath.org/package/521c547a-fd2a-491c-ad5b-7eaa1577fb65/pathway/95637bea-12e8-452d-b65f-c707a538d892/node/e2797c21-4863-4cfe-a239-c670cd89effe	https://envipath.org/package/521c547a-fd2a-491c-ad5b-7eaa1577fb65/scenario/ed79280d-e48b-46ad-8161-b4dd06773e45	DOI: 10.1021/es101035b	https://envipath.org/package/521c547a-fd2a-491c-ad5b-7eaa1577fb65/pathway/95637bea-12e8-452d-b65f-c707a538d892		aerob	{'end': 6.2, 'start': 6.2}	Duebendorf, Switzerland	amber glass		shaking		49.95	3.0	100.0	spiking in solvent	{'end': 20.0, 'start': 20.0}	mixed WW (municipal & industrial)			nanofiltered ps-MBR effluent											
CC(C)(C(=O)O)OC1=CC=C(C=C1)/C=C/NC(=O)C2=CC=C(C=C2)Cl	https://envipath.org/package/521c547a-fd2a-491c-ad5b-7eaa1577fb65/pathway/95637bea-12e8-452d-b65f-c707a538d892/node/e4421b52-89e8-406a-b031-586b4f8968ea	https://envipath.org/package/521c547a-fd2a-491c-ad5b-7eaa1577fb65/scenario/3d17d756-b95e-4e84-aa55-dcd6f13e1a48	DOI: 10.1021/es100970m	https://envipath.org/package/521c547a-fd2a-491c-ad5b-7eaa1577fb65/pathway/95637bea-12e8-452d-b65f-c707a538d892		aerob	{'end': 6.2, 'start': 6.2}	pilot scale WWTP (membrane Bioreactor) Duebendorf, Switzerland	amber glass bottle		shaking	sludge age	49.95	3.0	100.0	spiking in solvent	{'end': 20.0, 'start': 20.0}	mixed WW (municipal & industrial)		7.9												
CC(C)(C(=O)O)OC1=CC=C(C=C1)/C=C/NC(=O)C2=CC=C(C=C2)Cl	https://envipath.org/package/521c547a-fd2a-491c-ad5b-7eaa1577fb65/pathway/95637bea-12e8-452d-b65f-c707a538d892/node/e4421b52-89e8-406a-b031-586b4f8968ea	https://envipath.org/package/521c547a-fd2a-491c-ad5b-7eaa1577fb65/scenario/ed79280d-e48b-46ad-8161-b4dd06773e45	DOI: 10.1021/es101035b	https://envipath.org/package/521c547a-fd2a-491c-ad5b-7eaa1577fb65/pathway/95637bea-12e8-452d-b65f-c707a538d892		aerob	{'end': 6.2, 'start': 6.2}	Duebendorf, Switzerland	amber glass		shaking		49.95	3.0	100.0	spiking in solvent	{'end': 20.0, 'start': 20.0}	mixed WW (municipal & industrial)			nanofiltered ps-MBR effluent											
CC(C)(C(=O)O)OC1=CC=C(C=C1)CCN	https://envipath.org/package/521c547a-fd2a-491c-ad5b-7eaa1577fb65/pathway/95637bea-12e8-452d-b65f-c707a538d892/node/f374c296-97ec-47ef-87cd-1071fbc9ef63	https://envipath.org/package/521c547a-fd2a-491c-ad5b-7eaa1577fb65/scenario/3d17d756-b95e-4e84-aa55-dcd6f13e1a48	DOI: 10.1021/es100970m	https://envipath.org/package/521c547a-fd2a-491c-ad5b-7eaa1577fb65/pathway/95637bea-12e8-452d-b65f-c707a538d892		aerob	{'end': 6.2, 'start': 6.2}	pilot scale WWTP (membrane Bioreactor) Duebendorf, Switzerland	amber glass bottle		shaking	sludge age	49.95	3.0	100.0	spiking in solvent	{'end': 20.0, 'start': 20.0}	mixed WW (municipal & industrial)		7.9												
CC(C)(C(=O)O)OC1=CC=C(C=C1)CCN	https://envipath.org/package/521c547a-fd2a-491c-ad5b-7eaa1577fb65/pathway/95637bea-12e8-452d-b65f-c707a538d892/node/f374c296-97ec-47ef-87cd-1071fbc9ef63	https://envipath.org/package/521c547a-fd2a-491c-ad5b-7eaa1577fb65/scenario/ed79280d-e48b-46ad-8161-b4dd06773e45	DOI: 10.1021/es101035b	https://envipath.org/package/521c547a-fd2a-491c-ad5b-7eaa1577fb65/pathway/95637bea-12e8-452d-b65f-c707a538d892		aerob	{'end': 6.2, 'start': 6.2}	Duebendorf, Switzerland	amber glass		shaking		49.95	3.0	100.0	spiking in solvent	{'end': 20.0, 'start': 20.0}	mixed WW (municipal & industrial)			nanofiltered ps-MBR effluent											
CC(C)(C(=O)O)OC1=CC=C(CCN)C(=C1O)O	https://envipath.org/package/521c547a-fd2a-491c-ad5b-7eaa1577fb65/pathway/95637bea-12e8-452d-b65f-c707a538d892/node/80f98d1a-9350-4e80-b66f-ce0ef650ef93	https://envipath.org/package/521c547a-fd2a-491c-ad5b-7eaa1577fb65/scenario/3d17d756-b95e-4e84-aa55-dcd6f13e1a48	DOI: 10.1021/es100970m	https://envipath.org/package/521c547a-fd2a-491c-ad5b-7eaa1577fb65/pathway/95637bea-12e8-452d-b65f-c707a538d892		aerob	{'end': 6.2, 'start': 6.2}	pilot scale WWTP (membrane Bioreactor) Duebendorf, Switzerland	amber glass bottle		shaking	sludge age	49.95	3.0	100.0	spiking in solvent	{'end': 20.0, 'start': 20.0}	mixed WW (municipal & industrial)		7.9												
CC(C)(C(=O)O)OC1=CC=C(CCN)C(=C1O)O	https://envipath.org/package/521c547a-fd2a-491c-ad5b-7eaa1577fb65/pathway/95637bea-12e8-452d-b65f-c707a538d892/node/80f98d1a-9350-4e80-b66f-ce0ef650ef93	https://envipath.org/package/521c547a-fd2a-491c-ad5b-7eaa1577fb65/scenario/ed79280d-e48b-46ad-8161-b4dd06773e45	DOI: 10.1021/es101035b	https://envipath.org/package/521c547a-fd2a-491c-ad5b-7eaa1577fb65/pathway/95637bea-12e8-452d-b65f-c707a538d892		aerob	{'end': 6.2, 'start': 6.2}	Duebendorf, Switzerland	amber glass		shaking		49.95	3.0	100.0	spiking in solvent	{'end': 20.0, 'start': 20.0}	mixed WW (municipal & industrial)			nanofiltered ps-MBR effluent											
C1=C(C=CC(=C1)Cl)C(=O)O	https://envipath.org/package/521c547a-fd2a-491c-ad5b-7eaa1577fb65/pathway/95637bea-12e8-452d-b65f-c707a538d892/node/faa52b56-8056-4e46-8be4-216e6f321814	https://envipath.org/package/521c547a-fd2a-491c-ad5b-7eaa1577fb65/scenario/3d17d756-b95e-4e84-aa55-dcd6f13e1a48	DOI: 10.1021/es100970m	https://envipath.org/package/521c547a-fd2a-491c-ad5b-7eaa1577fb65/pathway/95637bea-12e8-452d-b65f-c707a538d892		aerob	{'end': 6.2, 'start': 6.2}	pilot scale WWTP (membrane Bioreactor) Duebendorf, Switzerland	amber glass bottle		shaking	sludge age	49.95	3.0	100.0	spiking in solvent	{'end': 20.0, 'start': 20.0}	mixed WW (municipal & industrial)		7.9												
C1=C(C=CC(=C1)Cl)C(=O)O	https://envipath.org/package/521c547a-fd2a-491c-ad5b-7eaa1577fb65/pathway/95637bea-12e8-452d-b65f-c707a538d892/node/faa52b56-8056-4e46-8be4-216e6f321814	https://envipath.org/package/521c547a-fd2a-491c-ad5b-7eaa1577fb65/scenario/ed79280d-e48b-46ad-8161-b4dd06773e45	DOI: 10.1021/es101035b	https://envipath.org/package/521c547a-fd2a-491c-ad5b-7eaa1577fb65/pathway/95637bea-12e8-452d-b65f-c707a538d892		aerob	{'end': 6.2, 'start': 6.2}	Duebendorf, Switzerland	amber glass		shaking		49.95	3.0	100.0	spiking in solvent	{'end': 20.0, 'start': 20.0}	mixed WW (municipal & industrial)			nanofiltered ps-MBR effluent											
C1=C(C=CC(=C1)Cl)C(=O)O	https://envipath.org/package/521c547a-fd2a-491c-ad5b-7eaa1577fb65/pathway/95637bea-12e8-452d-b65f-c707a538d892/node/faa52b56-8056-4e46-8be4-216e6f321814	https://envipath.org/package/521c547a-fd2a-491c-ad5b-7eaa1577fb65/scenario/985c2300-9403-490f-a8f3-808c01c8f007	 https://doi.org/10.1016/j.watres.2005.04.068	https://envipath.org/package/521c547a-fd2a-491c-ad5b-7eaa1577fb65/pathway/95637bea-12e8-452d-b65f-c707a538d892				Germany	glass bottle	membrane Bioreactor conducting a single step biological treatment		sludge retention time			5000.0			municipal WW			deionized water					50mg/L powdered milk added once a week						55.0
CC(C)(C(=O)O)OC1=CC=C(C=C1)CCNC(=O)C2=CC=C(C=C2)Cl	https://envipath.org/package/521c547a-fd2a-491c-ad5b-7eaa1577fb65/pathway/95637bea-12e8-452d-b65f-c707a538d892/node/0056db2a-3302-4864-ae3b-efa6b5a5886e	https://envipath.org/package/521c547a-fd2a-491c-ad5b-7eaa1577fb65/scenario/3d17d756-b95e-4e84-aa55-dcd6f13e1a48	DOI: 10.1021/es100970m	https://envipath.org/package/521c547a-fd2a-491c-ad5b-7eaa1577fb65/pathway/95637bea-12e8-452d-b65f-c707a538d892		aerob	{'end': 6.2, 'start': 6.2}	pilot scale WWTP (membrane Bioreactor) Duebendorf, Switzerland	amber glass bottle		shaking	sludge age	49.95	3.0	100.0	spiking in solvent	{'end': 20.0, 'start': 20.0}	mixed WW (municipal & industrial)		7.9												
CC(C)(C(=O)O)OC1=CC=C(C=C1)CCNC(=O)C2=CC=C(C=C2)Cl	https://envipath.org/package/521c547a-fd2a-491c-ad5b-7eaa1577fb65/pathway/95637bea-12e8-452d-b65f-c707a538d892/node/0056db2a-3302-4864-ae3b-efa6b5a5886e	https://envipath.org/package/521c547a-fd2a-491c-ad5b-7eaa1577fb65/scenario/985c2300-9403-490f-a8f3-808c01c8f007	 https://doi.org/10.1016/j.watres.2005.04.068	https://envipath.org/package/521c547a-fd2a-491c-ad5b-7eaa1577fb65/pathway/95637bea-12e8-452d-b65f-c707a538d892				Germany	glass bottle	membrane Bioreactor conducting a single step biological treatment		sludge retention time			5000.0			municipal WW			deionized water					50mg/L powdered milk added once a week						55.0
CC(C)(C(=O)O)OC1=CC=C(C=C1)CCNC(=O)C2=CC=C(C=C2)Cl	https://envipath.org/package/521c547a-fd2a-491c-ad5b-7eaa1577fb65/pathway/95637bea-12e8-452d-b65f-c707a538d892/node/0056db2a-3302-4864-ae3b-efa6b5a5886e	https://envipath.org/package/521c547a-fd2a-491c-ad5b-7eaa1577fb65/scenario/37a41055-3374-48a7-aafe-db4c9ece32e4	 https://doi.org/10.1016/j.watres.2005.04.068	https://envipath.org/package/521c547a-fd2a-491c-ad5b-7eaa1577fb65/pathway/95637bea-12e8-452d-b65f-c707a538d892				Germany	glass bottle	membrane Bioreactor conducting a single step biological treatment		sludge retention time			20000.0			municipal WW			deionized water											
CC(C)(C(=O)O)OC1=CC=C(C=C1)CCNC(=O)C2=CC=C(C=C2)Cl	https://envipath.org/package/521c547a-fd2a-491c-ad5b-7eaa1577fb65/pathway/95637bea-12e8-452d-b65f-c707a538d892/node/0056db2a-3302-4864-ae3b-efa6b5a5886e	https://envipath.org/package/521c547a-fd2a-491c-ad5b-7eaa1577fb65/scenario/937b0733-e7ba-4d3e-a887-6e97f0e4ca94	no description	https://envipath.org/package/521c547a-fd2a-491c-ad5b-7eaa1577fb65/pathway/95637bea-12e8-452d-b65f-c707a538d892																		sorption corrected & abiotic degradation corrected										
CC(C1=CC=CC(=C1)C(C(=O)/C=C\C=C(/C(=O)O)\O)O)C(=O)O	https://envipath.org/package/521c547a-fd2a-491c-ad5b-7eaa1577fb65/pathway/471b0539-0841-41ad-8e35-e41cab56d1de/node/d76e4e21-50a0-4834-874c-d73ff45ed9b7	https://envipath.org/package/521c547a-fd2a-491c-ad5b-7eaa1577fb65/scenario/18e34f35-e151-4b5b-acd7-05713b761802	no description	https://envipath.org/package/521c547a-fd2a-491c-ad5b-7eaa1577fb65/pathway/471b0539-0841-41ad-8e35-e41cab56d1de																		sorption corrected & abiotic degradation corrected										16.3
CC(C1=CC=CC(=C1)C(=O)C(=O)O)C(=O)O	https://envipath.org/package/521c547a-fd2a-491c-ad5b-7eaa1577fb65/pathway/471b0539-0841-41ad-8e35-e41cab56d1de/node/f2a0286b-cb53-4934-b3bb-22fafb10ded1	https://envipath.org/package/521c547a-fd2a-491c-ad5b-7eaa1577fb65/scenario/fe0c564a-562e-4f8b-9f81-8cd5501f1525	no description	https://envipath.org/package/521c547a-fd2a-491c-ad5b-7eaa1577fb65/pathway/471b0539-0841-41ad-8e35-e41cab56d1de																												16.3
CC(C1=CC=CC(=C1)C(=O)C2=CC=CC=C2)C(=O)O	https://envipath.org/package/521c547a-fd2a-491c-ad5b-7eaa1577fb65/pathway/471b0539-0841-41ad-8e35-e41cab56d1de/node/4ea83805-a09b-4d04-a435-1cbfed2205ca	https://envipath.org/package/521c547a-fd2a-491c-ad5b-7eaa1577fb65/scenario/6336cf16-d830-42c9-805c-dfaf8b844597	no description	https://envipath.org/package/521c547a-fd2a-491c-ad5b-7eaa1577fb65/pathway/471b0539-0841-41ad-8e35-e41cab56d1de																												16.3
CC(C1=CC=CC(=C1)C(=O)C2=CC=CC=C2)C(=O)O	https://envipath.org/package/521c547a-fd2a-491c-ad5b-7eaa1577fb65/pathway/471b0539-0841-41ad-8e35-e41cab56d1de/node/4ea83805-a09b-4d04-a435-1cbfed2205ca	https://envipath.org/package/521c547a-fd2a-491c-ad5b-7eaa1577fb65/scenario/985c2300-9403-490f-a8f3-808c01c8f007	 https://doi.org/10.1016/j.watres.2005.04.068	https://envipath.org/package/521c547a-fd2a-491c-ad5b-7eaa1577fb65/pathway/471b0539-0841-41ad-8e35-e41cab56d1de				Germany	glass bottle	membrane Bioreactor conducting a single step biological treatment		sludge retention time			5000.0			municipal WW			deionized water					50mg/L powdered milk added once a week						55.0
C=C/C=C(\C(=O)O)/O	https://envipath.org/package/521c547a-fd2a-491c-ad5b-7eaa1577fb65/pathway/471b0539-0841-41ad-8e35-e41cab56d1de/node/3a947d1d-bcd1-4ac9-a745-dd5656da0c67	https://envipath.org/package/521c547a-fd2a-491c-ad5b-7eaa1577fb65/scenario/82557de6-4e26-44be-a775-d1511171da43	no description	https://envipath.org/package/521c547a-fd2a-491c-ad5b-7eaa1577fb65/pathway/471b0539-0841-41ad-8e35-e41cab56d1de											5000.0																	16.3
CC(C1=CC=CC(=C1)C(C2=CC=CC=C2)O)C(=O)O	https://envipath.org/package/521c547a-fd2a-491c-ad5b-7eaa1577fb65/pathway/471b0539-0841-41ad-8e35-e41cab56d1de/node/b4d8c367-f8a7-4768-aaa5-41eb5e11debb	https://envipath.org/package/521c547a-fd2a-491c-ad5b-7eaa1577fb65/scenario/1c4fb66a-26bc-4038-8926-c4ca86308f2a	no description	https://envipath.org/package/521c547a-fd2a-491c-ad5b-7eaa1577fb65/pathway/471b0539-0841-41ad-8e35-e41cab56d1de																												16.3
CC(C1=CC=CC(=C1)C(C(=O)O)O)C(=O)O	https://envipath.org/package/521c547a-fd2a-491c-ad5b-7eaa1577fb65/pathway/471b0539-0841-41ad-8e35-e41cab56d1de/node/c59d62fd-a489-45c3-b64b-9693d595442d	https://envipath.org/package/521c547a-fd2a-491c-ad5b-7eaa1577fb65/scenario/c2c7d2f6-9ff6-43ee-b8cc-5dfd3af9b987	no description	https://envipath.org/package/521c547a-fd2a-491c-ad5b-7eaa1577fb65/pathway/471b0539-0841-41ad-8e35-e41cab56d1de																												16.3
CC(C1=CC=CC(=C1)C(C2=CC=CC(=C2O)O)O)C(=O)O	https://envipath.org/package/521c547a-fd2a-491c-ad5b-7eaa1577fb65/pathway/471b0539-0841-41ad-8e35-e41cab56d1de/node/824c8e5d-f719-40df-9499-6317778c3e76	https://envipath.org/package/521c547a-fd2a-491c-ad5b-7eaa1577fb65/scenario/01606d44-4ea8-4c61-8a77-6dd086e00394	no description	https://envipath.org/package/521c547a-fd2a-491c-ad5b-7eaa1577fb65/pathway/471b0539-0841-41ad-8e35-e41cab56d1de																												16.3
CC(C)C1=CC=C(C=C1)NC(=O)NC	https://envipath.org/package/521c547a-fd2a-491c-ad5b-7eaa1577fb65/pathway/4412974b-e029-4930-b5ef-474bcec85e06/node/7880e038-68d1-4953-a0ca-2a2c7d710b0e	https://envipath.org/package/521c547a-fd2a-491c-ad5b-7eaa1577fb65/scenario/f3cbcab2-c581-4a4a-853d-7724deaaa107	DOI: 10.1021/es3019012	https://envipath.org/package/521c547a-fd2a-491c-ad5b-7eaa1577fb65/pathway/4412974b-e029-4930-b5ef-474bcec85e06		aerob	{'end': 8.1, 'start': 8.1}	Switzerland (IND5)	amber glass Schott bottles (loosely capped)	activated sludge from biological aeration basin	shaking	sludge retention time	70.0	9.6	100.0	plating	{'end': 20.0, 'start': 20.0}	industrial WW			none (sludge only)						3000.0	100.0	22.0			
CC(C)C1=CC=C(C=C1)NC(=O)NC	https://envipath.org/package/521c547a-fd2a-491c-ad5b-7eaa1577fb65/pathway/4412974b-e029-4930-b5ef-474bcec85e06/node/7880e038-68d1-4953-a0ca-2a2c7d710b0e	https://envipath.org/package/521c547a-fd2a-491c-ad5b-7eaa1577fb65/scenario/6f3ab9e2-5bfb-4082-92b2-e46bfc6766eb	DOI: 10.1021/es3019012	https://envipath.org/package/521c547a-fd2a-491c-ad5b-7eaa1577fb65/pathway/4412974b-e029-4930-b5ef-474bcec85e06		aerob	{'end': 7.6, 'start': 7.6}	Switzerland (DOM1)	amber glass Schott bottles (loosely capped)	activated sludge from biological aeration basin	shaking	sludge retention time	70.0	3.0	100.0	plating	{'end': 20.0, 'start': 20.0}	municipal WW			none (sludge only)			nitrification			203.0	18.6	5.0			
CC(C)C1=CC=C(C=C1)NC(=O)NC	https://envipath.org/package/521c547a-fd2a-491c-ad5b-7eaa1577fb65/pathway/4412974b-e029-4930-b5ef-474bcec85e06/node/7880e038-68d1-4953-a0ca-2a2c7d710b0e	https://envipath.org/package/521c547a-fd2a-491c-ad5b-7eaa1577fb65/scenario/bdb3ab2f-46d6-4a20-941b-fd893d2798c9	DOI: 10.1021/es3019012	https://envipath.org/package/521c547a-fd2a-491c-ad5b-7eaa1577fb65/pathway/4412974b-e029-4930-b5ef-474bcec85e06		aerob	{'end': 7.3, 'start': 7.3}	Switzerland (IND2)	amber glass Schott bottles (loosely capped)	activated sludge from biological aeration basin	shaking	sludge retention time	70.0	4.7	100.0	plating	{'end': 20.0, 'start': 20.0}	industrial WW			none (sludge only)			nitrification & denitrification			820.0	86.0	6.0			
CC(C)C1=CC=C(C=C1)NC(=O)NC	https://envipath.org/package/521c547a-fd2a-491c-ad5b-7eaa1577fb65/pathway/4412974b-e029-4930-b5ef-474bcec85e06/node/7880e038-68d1-4953-a0ca-2a2c7d710b0e	https://envipath.org/package/521c547a-fd2a-491c-ad5b-7eaa1577fb65/scenario/be2d91cf-9c2f-4df3-8e2f-bb7fb8b6f5ca	DOI: 10.1021/es3019012	https://envipath.org/package/521c547a-fd2a-491c-ad5b-7eaa1577fb65/pathway/4412974b-e029-4930-b5ef-474bcec85e06		aerob	{'end': 8.1, 'start': 8.1}	Switzerland (DOM4)	amber glass Schott bottles (loosely capped)	activated sludge from biological aeration basin	shaking	sludge retention time	70.0	2.3	100.0	plating	{'end': 20.0, 'start': 20.0}	municipal WW			none (sludge only)						160.0	10.0	3.0			
CC(C)C1=CC=C(C=C1)NC(=O)NC	https://envipath.org/package/521c547a-fd2a-491c-ad5b-7eaa1577fb65/pathway/4412974b-e029-4930-b5ef-474bcec85e06/node/7880e038-68d1-4953-a0ca-2a2c7d710b0e	https://envipath.org/package/521c547a-fd2a-491c-ad5b-7eaa1577fb65/scenario/75bdaff9-0a46-4e1e-90f8-92a40af17e48	DOI: 10.1021/es3019012	https://envipath.org/package/521c547a-fd2a-491c-ad5b-7eaa1577fb65/pathway/4412974b-e029-4930-b5ef-474bcec85e06		aerob	{'end': 7.5, 'start': 7.5}	Switzerland (DOM3)	amber glass Schott bottles (loosely capped)	activated sludge from biological aeration basin	shaking	sludge retention time	70.0	12.4	100.0	plating	{'end': 20.0, 'start': 20.0}	municipal WW			none (sludge only)			nitrification & denitrification			320.0	24.9	9.0			
CC(C)C1=CC=C(C=C1)NC(=O)NC	https://envipath.org/package/521c547a-fd2a-491c-ad5b-7eaa1577fb65/pathway/4412974b-e029-4930-b5ef-474bcec85e06/node/7880e038-68d1-4953-a0ca-2a2c7d710b0e	https://envipath.org/package/521c547a-fd2a-491c-ad5b-7eaa1577fb65/scenario/1ce53c39-f91e-4dd8-b909-36b1400f6164	DOI: 10.1021/es3019012	https://envipath.org/package/521c547a-fd2a-491c-ad5b-7eaa1577fb65/pathway/4412974b-e029-4930-b5ef-474bcec85e06		aerob	{'end': 8.1, 'start': 8.1}	Switzerland (DOM5)	amber glass Schott bottles (loosely capped)	activated sludge from biological aeration basin	shaking	sludge retention time	70.0	2.2	100.0	plating	{'end': 20.0, 'start': 20.0}	municipal WW			none (sludge only)			nitrification & denitrification				26.2	5.0			
CC(C)C1=CC=C(C=C1)NC(=O)NC	https://envipath.org/package/521c547a-fd2a-491c-ad5b-7eaa1577fb65/pathway/4412974b-e029-4930-b5ef-474bcec85e06/node/7880e038-68d1-4953-a0ca-2a2c7d710b0e	https://envipath.org/package/521c547a-fd2a-491c-ad5b-7eaa1577fb65/scenario/e482e11f-2d22-406e-93e4-2633e7b99212	DOI: 10.1021/es3019012	https://envipath.org/package/521c547a-fd2a-491c-ad5b-7eaa1577fb65/pathway/4412974b-e029-4930-b5ef-474bcec85e06		aerob	{'end': 7.6, 'start': 7.6}	Switzerland (DOM2)	amber glass Schott bottles (loosely capped)	activated sludge from biological aeration basin	shaking	sludge retention time	70.0	3.0	100.0	plating	{'end': 20.0, 'start': 20.0}	municipal WW			none (sludge only)						54.0	3.3	2.0			
CC(C)C1=CC=C(C=C1)NC(=O)NC	https://envipath.org/package/521c547a-fd2a-491c-ad5b-7eaa1577fb65/pathway/4412974b-e029-4930-b5ef-474bcec85e06/node/7880e038-68d1-4953-a0ca-2a2c7d710b0e	https://envipath.org/package/521c547a-fd2a-491c-ad5b-7eaa1577fb65/scenario/dc5454bd-50a8-457b-90e1-9d39bb9b052a	DOI: 10.1021/es3019012	https://envipath.org/package/521c547a-fd2a-491c-ad5b-7eaa1577fb65/pathway/4412974b-e029-4930-b5ef-474bcec85e06		aerob	{'end': 7.0, 'start': 7.0}	Switzerland (IND4)	amber glass Schott bottles (loosely capped)	activated sludge from biological aeration basin	shaking	sludge retention time	70.0	6.0	100.0	plating	{'end': 20.0, 'start': 20.0}	industrial WW			none (sludge only)						650.0	86.2				
CC(C)C1=CC=C(C=C1)NC(=O)NC	https://envipath.org/package/521c547a-fd2a-491c-ad5b-7eaa1577fb65/pathway/4412974b-e029-4930-b5ef-474bcec85e06/node/7880e038-68d1-4953-a0ca-2a2c7d710b0e	https://envipath.org/package/521c547a-fd2a-491c-ad5b-7eaa1577fb65/scenario/408239a6-4e06-4b21-875a-326d967412dd	DOI: 10.1021/es3019012	https://envipath.org/package/521c547a-fd2a-491c-ad5b-7eaa1577fb65/pathway/4412974b-e029-4930-b5ef-474bcec85e06		aerob	{'end': 6.2, 'start': 6.2}	Switzerland (IND3)	amber glass Schott bottles (loosely capped)	activated sludge from biological aeration basin	shaking	sludge retention time	70.0	6.9	100.0	plating	{'end': 20.0, 'start': 20.0}	industrial WW			none (sludge only)			other			1892.0					
CC(C)C1=CC=C(C=C1)NC(=O)NC	https://envipath.org/package/521c547a-fd2a-491c-ad5b-7eaa1577fb65/pathway/4412974b-e029-4930-b5ef-474bcec85e06/node/7880e038-68d1-4953-a0ca-2a2c7d710b0e	https://envipath.org/package/521c547a-fd2a-491c-ad5b-7eaa1577fb65/scenario/20aab74e-ed9f-484d-b3b2-1d846aa49263	DOI: 10.1021/es3019012	https://envipath.org/package/521c547a-fd2a-491c-ad5b-7eaa1577fb65/pathway/4412974b-e029-4930-b5ef-474bcec85e06		aerob	{'end': 7.0, 'start': 7.0}	Switzerland (IND1)	amber glass Schott bottles (loosely capped)	activated sludge from biological aeration basin	shaking	sludge retention time	70.0	6.8	100.0	plating	{'end': 20.0, 'start': 20.0}	mixed WW (municipal & industrial)			none (sludge only)			nitrification & denitrification			500.0	23.0	3.0			
CC(C)C1=CC=C(C=C1)NC(=O)N	https://envipath.org/package/521c547a-fd2a-491c-ad5b-7eaa1577fb65/pathway/4412974b-e029-4930-b5ef-474bcec85e06/node/1151ea6d-4044-4ce8-bb62-d06340f1236a	https://envipath.org/package/521c547a-fd2a-491c-ad5b-7eaa1577fb65/scenario/f3cbcab2-c581-4a4a-853d-7724deaaa107	DOI: 10.1021/es3019012	https://envipath.org/package/521c547a-fd2a-491c-ad5b-7eaa1577fb65/pathway/4412974b-e029-4930-b5ef-474bcec85e06		aerob	{'end': 8.1, 'start': 8.1}	Switzerland (IND5)	amber glass Schott bottles (loosely capped)	activated sludge from biological aeration basin	shaking	sludge retention time	70.0	9.6	100.0	plating	{'end': 20.0, 'start': 20.0}	industrial WW			none (sludge only)						3000.0	100.0	22.0			
CC(C)C1=CC=C(C=C1)NC(=O)N	https://envipath.org/package/521c547a-fd2a-491c-ad5b-7eaa1577fb65/pathway/4412974b-e029-4930-b5ef-474bcec85e06/node/1151ea6d-4044-4ce8-bb62-d06340f1236a	https://envipath.org/package/521c547a-fd2a-491c-ad5b-7eaa1577fb65/scenario/6f3ab9e2-5bfb-4082-92b2-e46bfc6766eb	DOI: 10.1021/es3019012	https://envipath.org/package/521c547a-fd2a-491c-ad5b-7eaa1577fb65/pathway/4412974b-e029-4930-b5ef-474bcec85e06		aerob	{'end': 7.6, 'start': 7.6}	Switzerland (DOM1)	amber glass Schott bottles (loosely capped)	activated sludge from biological aeration basin	shaking	sludge retention time	70.0	3.0	100.0	plating	{'end': 20.0, 'start': 20.0}	municipal WW			none (sludge only)			nitrification			203.0	18.6	5.0			
CC(C)C1=CC=C(C=C1)NC(=O)N	https://envipath.org/package/521c547a-fd2a-491c-ad5b-7eaa1577fb65/pathway/4412974b-e029-4930-b5ef-474bcec85e06/node/1151ea6d-4044-4ce8-bb62-d06340f1236a	https://envipath.org/package/521c547a-fd2a-491c-ad5b-7eaa1577fb65/scenario/bdb3ab2f-46d6-4a20-941b-fd893d2798c9	DOI: 10.1021/es3019012	https://envipath.org/package/521c547a-fd2a-491c-ad5b-7eaa1577fb65/pathway/4412974b-e029-4930-b5ef-474bcec85e06		aerob	{'end': 7.3, 'start': 7.3}	Switzerland (IND2)	amber glass Schott bottles (loosely capped)	activated sludge from biological aeration basin	shaking	sludge retention time	70.0	4.7	100.0	plating	{'end': 20.0, 'start': 20.0}	industrial WW			none (sludge only)			nitrification & denitrification			820.0	86.0	6.0			
CC(C)C1=CC=C(C=C1)NC(=O)N	https://envipath.org/package/521c547a-fd2a-491c-ad5b-7eaa1577fb65/pathway/4412974b-e029-4930-b5ef-474bcec85e06/node/1151ea6d-4044-4ce8-bb62-d06340f1236a	https://envipath.org/package/521c547a-fd2a-491c-ad5b-7eaa1577fb65/scenario/be2d91cf-9c2f-4df3-8e2f-bb7fb8b6f5ca	DOI: 10.1021/es3019012	https://envipath.org/package/521c547a-fd2a-491c-ad5b-7eaa1577fb65/pathway/4412974b-e029-4930-b5ef-474bcec85e06		aerob	{'end': 8.1, 'start': 8.1}	Switzerland (DOM4)	amber glass Schott bottles (loosely capped)	activated sludge from biological aeration basin	shaking	sludge retention time	70.0	2.3	100.0	plating	{'end': 20.0, 'start': 20.0}	municipal WW			none (sludge only)						160.0	10.0	3.0			
CC(C)C1=CC=C(C=C1)NC(=O)N	https://envipath.org/package/521c547a-fd2a-491c-ad5b-7eaa1577fb65/pathway/4412974b-e029-4930-b5ef-474bcec85e06/node/1151ea6d-4044-4ce8-bb62-d06340f1236a	https://envipath.org/package/521c547a-fd2a-491c-ad5b-7eaa1577fb65/scenario/75bdaff9-0a46-4e1e-90f8-92a40af17e48	DOI: 10.1021/es3019012	https://envipath.org/package/521c547a-fd2a-491c-ad5b-7eaa1577fb65/pathway/4412974b-e029-4930-b5ef-474bcec85e06		aerob	{'end': 7.5, 'start': 7.5}	Switzerland (DOM3)	amber glass Schott bottles (loosely capped)	activated sludge from biological aeration basin	shaking	sludge retention time	70.0	12.4	100.0	plating	{'end': 20.0, 'start': 20.0}	municipal WW			none (sludge only)			nitrification & denitrification			320.0	24.9	9.0			
CC(C)C1=CC=C(C=C1)NC(=O)N	https://envipath.org/package/521c547a-fd2a-491c-ad5b-7eaa1577fb65/pathway/4412974b-e029-4930-b5ef-474bcec85e06/node/1151ea6d-4044-4ce8-bb62-d06340f1236a	https://envipath.org/package/521c547a-fd2a-491c-ad5b-7eaa1577fb65/scenario/1ce53c39-f91e-4dd8-b909-36b1400f6164	DOI: 10.1021/es3019012	https://envipath.org/package/521c547a-fd2a-491c-ad5b-7eaa1577fb65/pathway/4412974b-e029-4930-b5ef-474bcec85e06		aerob	{'end': 8.1, 'start': 8.1}	Switzerland (DOM5)	amber glass Schott bottles (loosely capped)	activated sludge from biological aeration basin	shaking	sludge retention time	70.0	2.2	100.0	plating	{'end': 20.0, 'start': 20.0}	municipal WW			none (sludge only)			nitrification & denitrification				26.2	5.0			
CC(C)C1=CC=C(C=C1)NC(=O)N	https://envipath.org/package/521c547a-fd2a-491c-ad5b-7eaa1577fb65/pathway/4412974b-e029-4930-b5ef-474bcec85e06/node/1151ea6d-4044-4ce8-bb62-d06340f1236a	https://envipath.org/package/521c547a-fd2a-491c-ad5b-7eaa1577fb65/scenario/e482e11f-2d22-406e-93e4-2633e7b99212	DOI: 10.1021/es3019012	https://envipath.org/package/521c547a-fd2a-491c-ad5b-7eaa1577fb65/pathway/4412974b-e029-4930-b5ef-474bcec85e06		aerob	{'end': 7.6, 'start': 7.6}	Switzerland (DOM2)	amber glass Schott bottles (loosely capped)	activated sludge from biological aeration basin	shaking	sludge retention time	70.0	3.0	100.0	plating	{'end': 20.0, 'start': 20.0}	municipal WW			none (sludge only)						54.0	3.3	2.0			
CC(C)C1=CC=C(C=C1)NC(=O)N	https://envipath.org/package/521c547a-fd2a-491c-ad5b-7eaa1577fb65/pathway/4412974b-e029-4930-b5ef-474bcec85e06/node/1151ea6d-4044-4ce8-bb62-d06340f1236a	https://envipath.org/package/521c547a-fd2a-491c-ad5b-7eaa1577fb65/scenario/dc5454bd-50a8-457b-90e1-9d39bb9b052a	DOI: 10.1021/es3019012	https://envipath.org/package/521c547a-fd2a-491c-ad5b-7eaa1577fb65/pathway/4412974b-e029-4930-b5ef-474bcec85e06		aerob	{'end': 7.0, 'start': 7.0}	Switzerland (IND4)	amber glass Schott bottles (loosely capped)	activated sludge from biological aeration basin	shaking	sludge retention time	70.0	6.0	100.0	plating	{'end': 20.0, 'start': 20.0}	industrial WW			none (sludge only)						650.0	86.2				
CC(C)C1=CC=C(C=C1)NC(=O)N	https://envipath.org/package/521c547a-fd2a-491c-ad5b-7eaa1577fb65/pathway/4412974b-e029-4930-b5ef-474bcec85e06/node/1151ea6d-4044-4ce8-bb62-d06340f1236a	https://envipath.org/package/521c547a-fd2a-491c-ad5b-7eaa1577fb65/scenario/408239a6-4e06-4b21-875a-326d967412dd	DOI: 10.1021/es3019012	https://envipath.org/package/521c547a-fd2a-491c-ad5b-7eaa1577fb65/pathway/4412974b-e029-4930-b5ef-474bcec85e06		aerob	{'end': 6.2, 'start': 6.2}	Switzerland (IND3)	amber glass Schott bottles (loosely capped)	activated sludge from biological aeration basin	shaking	sludge retention time	70.0	6.9	100.0	plating	{'end': 20.0, 'start': 20.0}	industrial WW			none (sludge only)			other			1892.0					
CC(C)C1=CC=C(C=C1)NC(=O)N	https://envipath.org/package/521c547a-fd2a-491c-ad5b-7eaa1577fb65/pathway/4412974b-e029-4930-b5ef-474bcec85e06/node/1151ea6d-4044-4ce8-bb62-d06340f1236a	https://envipath.org/package/521c547a-fd2a-491c-ad5b-7eaa1577fb65/scenario/20aab74e-ed9f-484d-b3b2-1d846aa49263	DOI: 10.1021/es3019012	https://envipath.org/package/521c547a-fd2a-491c-ad5b-7eaa1577fb65/pathway/4412974b-e029-4930-b5ef-474bcec85e06		aerob	{'end': 7.0, 'start': 7.0}	Switzerland (IND1)	amber glass Schott bottles (loosely capped)	activated sludge from biological aeration basin	shaking	sludge retention time	70.0	6.8	100.0	plating	{'end': 20.0, 'start': 20.0}	mixed WW (municipal & industrial)			none (sludge only)			nitrification & denitrification			500.0	23.0	3.0			
CC(C)C1=CC=C(C=C1)NC(=O)N(C)C	https://envipath.org/package/521c547a-fd2a-491c-ad5b-7eaa1577fb65/pathway/4412974b-e029-4930-b5ef-474bcec85e06/node/1788af76-638e-4ab2-842d-d2badd018c8b	https://envipath.org/package/521c547a-fd2a-491c-ad5b-7eaa1577fb65/scenario/2320ba66-889d-4cb0-8e66-7a45f668d41a	no description	https://envipath.org/package/521c547a-fd2a-491c-ad5b-7eaa1577fb65/pathway/4412974b-e029-4930-b5ef-474bcec85e06																		sorption corrected & abiotic degradation corrected										
CC(C)C1=CC=C(C=C1)NC(=O)N(C)C	https://envipath.org/package/521c547a-fd2a-491c-ad5b-7eaa1577fb65/pathway/4412974b-e029-4930-b5ef-474bcec85e06/node/1788af76-638e-4ab2-842d-d2badd018c8b	https://envipath.org/package/521c547a-fd2a-491c-ad5b-7eaa1577fb65/scenario/3a5f67f6-4a33-4522-b920-e6a65efe51e1	no description	https://envipath.org/package/521c547a-fd2a-491c-ad5b-7eaa1577fb65/pathway/4412974b-e029-4930-b5ef-474bcec85e06																		sorption corrected & abiotic degradation corrected										
CC(C)C1=CC=C(C=C1)NC(=O)N(C)C	https://envipath.org/package/521c547a-fd2a-491c-ad5b-7eaa1577fb65/pathway/4412974b-e029-4930-b5ef-474bcec85e06/node/1788af76-638e-4ab2-842d-d2badd018c8b	https://envipath.org/package/521c547a-fd2a-491c-ad5b-7eaa1577fb65/scenario/d9ca36f1-4926-4228-8c15-d4d38dc63b68	no description	https://envipath.org/package/521c547a-fd2a-491c-ad5b-7eaa1577fb65/pathway/4412974b-e029-4930-b5ef-474bcec85e06																		sorption corrected & abiotic degradation corrected										
CC(C)C1=CC=C(C=C1)NC(=O)N(C)C	https://envipath.org/package/521c547a-fd2a-491c-ad5b-7eaa1577fb65/pathway/4412974b-e029-4930-b5ef-474bcec85e06/node/1788af76-638e-4ab2-842d-d2badd018c8b	https://envipath.org/package/521c547a-fd2a-491c-ad5b-7eaa1577fb65/scenario/07135634-8469-4d8b-97ab-35508b572edc	no description	https://envipath.org/package/521c547a-fd2a-491c-ad5b-7eaa1577fb65/pathway/4412974b-e029-4930-b5ef-474bcec85e06																					no comment							
CC(C)C1=CC=C(C=C1)NC(=O)N(C)C	https://envipath.org/package/521c547a-fd2a-491c-ad5b-7eaa1577fb65/pathway/4412974b-e029-4930-b5ef-474bcec85e06/node/1788af76-638e-4ab2-842d-d2badd018c8b	https://envipath.org/package/521c547a-fd2a-491c-ad5b-7eaa1577fb65/scenario/c5a32492-38c8-49ba-a9d8-01832648b4c2	no description	https://envipath.org/package/521c547a-fd2a-491c-ad5b-7eaa1577fb65/pathway/4412974b-e029-4930-b5ef-474bcec85e06																		sorption corrected & abiotic degradation corrected										
CC(C)C1=CC=C(C=C1)NC(=O)N(C)C	https://envipath.org/package/521c547a-fd2a-491c-ad5b-7eaa1577fb65/pathway/4412974b-e029-4930-b5ef-474bcec85e06/node/1788af76-638e-4ab2-842d-d2badd018c8b	https://envipath.org/package/521c547a-fd2a-491c-ad5b-7eaa1577fb65/scenario/6408fa25-858f-4bdb-a488-19da22f4d7f0	no description	https://envipath.org/package/521c547a-fd2a-491c-ad5b-7eaa1577fb65/pathway/4412974b-e029-4930-b5ef-474bcec85e06																		sorption corrected & abiotic degradation corrected										
CC(C)C1=CC=C(C=C1)NC(=O)N(C)C	https://envipath.org/package/521c547a-fd2a-491c-ad5b-7eaa1577fb65/pathway/4412974b-e029-4930-b5ef-474bcec85e06/node/1788af76-638e-4ab2-842d-d2badd018c8b	https://envipath.org/package/521c547a-fd2a-491c-ad5b-7eaa1577fb65/scenario/e340a8bc-3a9c-43bf-8212-8c6968c15c3a	no description	https://envipath.org/package/521c547a-fd2a-491c-ad5b-7eaa1577fb65/pathway/4412974b-e029-4930-b5ef-474bcec85e06																					>							
CC(C)C1=CC=C(C=C1)NC(=O)N(C)C	https://envipath.org/package/521c547a-fd2a-491c-ad5b-7eaa1577fb65/pathway/4412974b-e029-4930-b5ef-474bcec85e06/node/1788af76-638e-4ab2-842d-d2badd018c8b	https://envipath.org/package/521c547a-fd2a-491c-ad5b-7eaa1577fb65/scenario/4e4bfea9-42d1-4551-ab74-ed2c2b907029	no description	https://envipath.org/package/521c547a-fd2a-491c-ad5b-7eaa1577fb65/pathway/4412974b-e029-4930-b5ef-474bcec85e06																		sorption corrected & abiotic degradation corrected										
CC(C)C1=CC=C(C=C1)NC(=O)N(C)C	https://envipath.org/package/521c547a-fd2a-491c-ad5b-7eaa1577fb65/pathway/4412974b-e029-4930-b5ef-474bcec85e06/node/1788af76-638e-4ab2-842d-d2badd018c8b	https://envipath.org/package/521c547a-fd2a-491c-ad5b-7eaa1577fb65/scenario/4c7cfe6a-f9bb-4b10-ac85-e12b0064a0c6	no description	https://envipath.org/package/521c547a-fd2a-491c-ad5b-7eaa1577fb65/pathway/4412974b-e029-4930-b5ef-474bcec85e06																		sorption corrected & abiotic degradation corrected										
CC(C)C1=CC=C(C=C1)NC(=O)N(C)C	https://envipath.org/package/521c547a-fd2a-491c-ad5b-7eaa1577fb65/pathway/4412974b-e029-4930-b5ef-474bcec85e06/node/1788af76-638e-4ab2-842d-d2badd018c8b	https://envipath.org/package/521c547a-fd2a-491c-ad5b-7eaa1577fb65/scenario/8fc51f00-83b5-46f3-beca-398c3efaad2b	no description	https://envipath.org/package/521c547a-fd2a-491c-ad5b-7eaa1577fb65/pathway/4412974b-e029-4930-b5ef-474bcec85e06																					no comment							
CC(C)C1=CC=C(C=C1)NC(=O)N(C)C	https://envipath.org/package/521c547a-fd2a-491c-ad5b-7eaa1577fb65/pathway/4412974b-e029-4930-b5ef-474bcec85e06/node/1788af76-638e-4ab2-842d-d2badd018c8b	https://envipath.org/package/521c547a-fd2a-491c-ad5b-7eaa1577fb65/scenario/ada11b59-2a7b-4a39-b4b7-be7e98acdc9e	no description	https://envipath.org/package/521c547a-fd2a-491c-ad5b-7eaa1577fb65/pathway/4412974b-e029-4930-b5ef-474bcec85e06																		sorption corrected & abiotic degradation corrected										
CC(C)C1=CC=C(C=C1)NC(=O)N(C)C	https://envipath.org/package/521c547a-fd2a-491c-ad5b-7eaa1577fb65/pathway/4412974b-e029-4930-b5ef-474bcec85e06/node/1788af76-638e-4ab2-842d-d2badd018c8b	https://envipath.org/package/521c547a-fd2a-491c-ad5b-7eaa1577fb65/scenario/367aa8d9-8232-4460-9aa6-e342e7bd5305	no description	https://envipath.org/package/521c547a-fd2a-491c-ad5b-7eaa1577fb65/pathway/4412974b-e029-4930-b5ef-474bcec85e06																		sorption corrected & abiotic degradation corrected										
CC(C)C1=CC=C(C=C1)NC(=O)N(C)C	https://envipath.org/package/521c547a-fd2a-491c-ad5b-7eaa1577fb65/pathway/4412974b-e029-4930-b5ef-474bcec85e06/node/1788af76-638e-4ab2-842d-d2badd018c8b	https://envipath.org/package/521c547a-fd2a-491c-ad5b-7eaa1577fb65/scenario/6fc3ce13-4250-478a-b7c1-9a090a2abf90	no description	https://envipath.org/package/521c547a-fd2a-491c-ad5b-7eaa1577fb65/pathway/4412974b-e029-4930-b5ef-474bcec85e06																		sorption corrected & abiotic degradation corrected										
CC(C)C1=CC=C(C=C1)NC(=O)N(C)C	https://envipath.org/package/521c547a-fd2a-491c-ad5b-7eaa1577fb65/pathway/4412974b-e029-4930-b5ef-474bcec85e06/node/1788af76-638e-4ab2-842d-d2badd018c8b	https://envipath.org/package/521c547a-fd2a-491c-ad5b-7eaa1577fb65/scenario/816beec7-a3ec-4fad-8d77-109b5470a3d6	no description	https://envipath.org/package/521c547a-fd2a-491c-ad5b-7eaa1577fb65/pathway/4412974b-e029-4930-b5ef-474bcec85e06																		sorption corrected & abiotic degradation corrected										
CC(C)C1=CC=C(C=C1)NC(=O)N(C)C	https://envipath.org/package/521c547a-fd2a-491c-ad5b-7eaa1577fb65/pathway/4412974b-e029-4930-b5ef-474bcec85e06/node/1788af76-638e-4ab2-842d-d2badd018c8b	https://envipath.org/package/521c547a-fd2a-491c-ad5b-7eaa1577fb65/scenario/91ad2994-6c1c-47d8-af90-35e4cefbe96d	no description	https://envipath.org/package/521c547a-fd2a-491c-ad5b-7eaa1577fb65/pathway/4412974b-e029-4930-b5ef-474bcec85e06																		sorption corrected & abiotic degradation corrected										
CC(C)C1=CC=C(C=C1)NC(=O)N(C)C	https://envipath.org/package/521c547a-fd2a-491c-ad5b-7eaa1577fb65/pathway/4412974b-e029-4930-b5ef-474bcec85e06/node/1788af76-638e-4ab2-842d-d2badd018c8b	https://envipath.org/package/521c547a-fd2a-491c-ad5b-7eaa1577fb65/scenario/fc65e8a3-0271-4ed2-9791-7242acfdb46d	no description	https://envipath.org/package/521c547a-fd2a-491c-ad5b-7eaa1577fb65/pathway/4412974b-e029-4930-b5ef-474bcec85e06																		sorption corrected & abiotic degradation corrected										
CC(C)C1=CC=C(C=C1)NC(=O)N(C)C	https://envipath.org/package/521c547a-fd2a-491c-ad5b-7eaa1577fb65/pathway/4412974b-e029-4930-b5ef-474bcec85e06/node/1788af76-638e-4ab2-842d-d2badd018c8b	https://envipath.org/package/521c547a-fd2a-491c-ad5b-7eaa1577fb65/scenario/a084561a-1338-4315-9442-1554c49530f0	no description	https://envipath.org/package/521c547a-fd2a-491c-ad5b-7eaa1577fb65/pathway/4412974b-e029-4930-b5ef-474bcec85e06																		sorption corrected & abiotic degradation corrected										
CC(C)C1=CC=C(C=C1)NC(=O)N(C)C	https://envipath.org/package/521c547a-fd2a-491c-ad5b-7eaa1577fb65/pathway/4412974b-e029-4930-b5ef-474bcec85e06/node/1788af76-638e-4ab2-842d-d2badd018c8b	https://envipath.org/package/521c547a-fd2a-491c-ad5b-7eaa1577fb65/scenario/2f4d6eaf-01de-4c73-b1dc-b6bad2051b0e	no description	https://envipath.org/package/521c547a-fd2a-491c-ad5b-7eaa1577fb65/pathway/4412974b-e029-4930-b5ef-474bcec85e06																					>							
CC1=CC=C(C=C1Cl)NC(=O)N(C)C	https://envipath.org/package/521c547a-fd2a-491c-ad5b-7eaa1577fb65/pathway/f26781f9-8da2-41d0-9685-8da529f72544/node/f5f3d1b3-0f48-472d-8429-f1f2a99160ea	https://envipath.org/package/521c547a-fd2a-491c-ad5b-7eaa1577fb65/scenario/46325884-a888-42b3-ad08-5a63fe3f184b	no description	https://envipath.org/package/521c547a-fd2a-491c-ad5b-7eaa1577fb65/pathway/f26781f9-8da2-41d0-9685-8da529f72544																		sorption corrected & abiotic degradation corrected										
CCC1=CC=CC(=C1N(CCOC)C(=O)CCl)CC	https://envipath.org/package/521c547a-fd2a-491c-ad5b-7eaa1577fb65/pathway/d700c3e4-52e2-4c46-b69b-f4349c6b40ad/node/65df8546-a4e3-4cd3-bd87-c6544eeaaa23	https://envipath.org/package/521c547a-fd2a-491c-ad5b-7eaa1577fb65/scenario/e5c0a03e-3055-431d-87eb-719311c29904	no description	https://envipath.org/package/521c547a-fd2a-491c-ad5b-7eaa1577fb65/pathway/d700c3e4-52e2-4c46-b69b-f4349c6b40ad																		sorption corrected & abiotic degradation corrected										
CN(C)C(=O)NC1=CC=C(C(=C1)Cl)Cl	https://envipath.org/package/521c547a-fd2a-491c-ad5b-7eaa1577fb65/pathway/fa0d684e-6722-4a34-b087-a7875194a80c/node/af2a50fa-7076-4f3c-88a3-90148c2e08b3	https://envipath.org/package/521c547a-fd2a-491c-ad5b-7eaa1577fb65/scenario/697a2665-ece0-4595-aba0-b4af0b8fc7aa	no description	https://envipath.org/package/521c547a-fd2a-491c-ad5b-7eaa1577fb65/pathway/fa0d684e-6722-4a34-b087-a7875194a80c																					no comment							
CN(C)C(=O)NC1=CC=C(C(=C1)Cl)Cl	https://envipath.org/package/521c547a-fd2a-491c-ad5b-7eaa1577fb65/pathway/fa0d684e-6722-4a34-b087-a7875194a80c/node/af2a50fa-7076-4f3c-88a3-90148c2e08b3	https://envipath.org/package/521c547a-fd2a-491c-ad5b-7eaa1577fb65/scenario/e3a3deb9-57a3-4ada-a3bc-3c13d370aa3e	no description	https://envipath.org/package/521c547a-fd2a-491c-ad5b-7eaa1577fb65/pathway/fa0d684e-6722-4a34-b087-a7875194a80c																					no comment							
CN(C)C(=O)NC1=CC=C(C(=C1)Cl)Cl	https://envipath.org/package/521c547a-fd2a-491c-ad5b-7eaa1577fb65/pathway/fa0d684e-6722-4a34-b087-a7875194a80c/node/af2a50fa-7076-4f3c-88a3-90148c2e08b3	https://envipath.org/package/521c547a-fd2a-491c-ad5b-7eaa1577fb65/scenario/70778f35-de70-445f-a138-ca51b1b912b5	no description	https://envipath.org/package/521c547a-fd2a-491c-ad5b-7eaa1577fb65/pathway/fa0d684e-6722-4a34-b087-a7875194a80c																					no comment							
CN(C)C(=O)NC1=CC=C(C(=C1)Cl)Cl	https://envipath.org/package/521c547a-fd2a-491c-ad5b-7eaa1577fb65/pathway/fa0d684e-6722-4a34-b087-a7875194a80c/node/af2a50fa-7076-4f3c-88a3-90148c2e08b3	https://envipath.org/package/521c547a-fd2a-491c-ad5b-7eaa1577fb65/scenario/92ede034-39da-48dc-be72-f03e0113c2fb	no description	https://envipath.org/package/521c547a-fd2a-491c-ad5b-7eaa1577fb65/pathway/fa0d684e-6722-4a34-b087-a7875194a80c																					>							
CN(C)C(=O)NC1=CC=C(C(=C1)Cl)Cl	https://envipath.org/package/521c547a-fd2a-491c-ad5b-7eaa1577fb65/pathway/fa0d684e-6722-4a34-b087-a7875194a80c/node/af2a50fa-7076-4f3c-88a3-90148c2e08b3	https://envipath.org/package/521c547a-fd2a-491c-ad5b-7eaa1577fb65/scenario/7cbb4611-bb8a-4880-8273-cdc86172e5b6	no description	https://envipath.org/package/521c547a-fd2a-491c-ad5b-7eaa1577fb65/pathway/fa0d684e-6722-4a34-b087-a7875194a80c																					>							
CN(C)C(=O)NC1=CC=C(C(=C1)Cl)Cl	https://envipath.org/package/521c547a-fd2a-491c-ad5b-7eaa1577fb65/pathway/fa0d684e-6722-4a34-b087-a7875194a80c/node/af2a50fa-7076-4f3c-88a3-90148c2e08b3	https://envipath.org/package/521c547a-fd2a-491c-ad5b-7eaa1577fb65/scenario/b2c3a6c6-ded6-4ea7-bfae-422411be07e8	no description	https://envipath.org/package/521c547a-fd2a-491c-ad5b-7eaa1577fb65/pathway/fa0d684e-6722-4a34-b087-a7875194a80c																												
C1=C(C=C(C(=C1)Cl)Cl)NC(=O)N	https://envipath.org/package/521c547a-fd2a-491c-ad5b-7eaa1577fb65/pathway/fa0d684e-6722-4a34-b087-a7875194a80c/node/090aeea3-9039-4f92-b3c5-fdbb357d9ddf	https://envipath.org/package/521c547a-fd2a-491c-ad5b-7eaa1577fb65/scenario/27e1cca2-2094-4a7f-b0c5-eadc819e58ee	no description	https://envipath.org/package/521c547a-fd2a-491c-ad5b-7eaa1577fb65/pathway/fa0d684e-6722-4a34-b087-a7875194a80c																											major	
C1=C(C=C(C(=C1)Cl)Cl)NC(=O)N	https://envipath.org/package/521c547a-fd2a-491c-ad5b-7eaa1577fb65/pathway/fa0d684e-6722-4a34-b087-a7875194a80c/node/090aeea3-9039-4f92-b3c5-fdbb357d9ddf	https://envipath.org/package/521c547a-fd2a-491c-ad5b-7eaa1577fb65/scenario/dc77d0d2-412c-4548-95a7-3119f8e4fa5f	no description	https://envipath.org/package/521c547a-fd2a-491c-ad5b-7eaa1577fb65/pathway/fa0d684e-6722-4a34-b087-a7875194a80c																												
CNC(=O)NC1=CC=C(C(=C1)Cl)Cl	https://envipath.org/package/521c547a-fd2a-491c-ad5b-7eaa1577fb65/pathway/fa0d684e-6722-4a34-b087-a7875194a80c/node/c10e5d3b-14c5-4ccd-8deb-8d316902c406	https://envipath.org/package/521c547a-fd2a-491c-ad5b-7eaa1577fb65/scenario/35c3f604-47aa-4774-8d90-3427460ffcbb	https://doi.org/10.1016/j.watres.2008.12.040	https://envipath.org/package/521c547a-fd2a-491c-ad5b-7eaa1577fb65/pathway/fa0d684e-6722-4a34-b087-a7875194a80c		anaerob	{'end': 7.33, 'start': 7.33}	WWTP of the University of Aegean, Lesvos --> 4 parallel laboratory-scale sequencing batch reactors (SBR) 	stoppered	activated sludge from a laboratory scale sequencing batch reactor	bubbling air	sludge retention time	400.0	1.3	70.0		{'end': 22.0, 'start': 22.0}	municipal WW			Influent WWTP											
CNC(=O)NC1=CC=C(C(=C1)Cl)Cl	https://envipath.org/package/521c547a-fd2a-491c-ad5b-7eaa1577fb65/pathway/fa0d684e-6722-4a34-b087-a7875194a80c/node/c10e5d3b-14c5-4ccd-8deb-8d316902c406	https://envipath.org/package/521c547a-fd2a-491c-ad5b-7eaa1577fb65/scenario/1c29fa2b-a1b3-47fc-b3df-701f26dc1fae	no description	https://envipath.org/package/521c547a-fd2a-491c-ad5b-7eaa1577fb65/pathway/fa0d684e-6722-4a34-b087-a7875194a80c																												
C1=C(C=C(C(=C1)Cl)Cl)N	https://envipath.org/package/521c547a-fd2a-491c-ad5b-7eaa1577fb65/pathway/fa0d684e-6722-4a34-b087-a7875194a80c/node/e2dda3b1-2302-4ee1-95dd-96f9390beaee	https://envipath.org/package/521c547a-fd2a-491c-ad5b-7eaa1577fb65/scenario/35c3f604-47aa-4774-8d90-3427460ffcbb	https://doi.org/10.1016/j.watres.2008.12.040	https://envipath.org/package/521c547a-fd2a-491c-ad5b-7eaa1577fb65/pathway/fa0d684e-6722-4a34-b087-a7875194a80c		anaerob	{'end': 7.33, 'start': 7.33}	WWTP of the University of Aegean, Lesvos --> 4 parallel laboratory-scale sequencing batch reactors (SBR) 	stoppered	activated sludge from a laboratory scale sequencing batch reactor	bubbling air	sludge retention time	400.0	1.3	70.0		{'end': 22.0, 'start': 22.0}	municipal WW			Influent WWTP											
C1=C(C=C(C(=C1)Cl)Cl)N	https://envipath.org/package/521c547a-fd2a-491c-ad5b-7eaa1577fb65/pathway/fa0d684e-6722-4a34-b087-a7875194a80c/node/e2dda3b1-2302-4ee1-95dd-96f9390beaee	https://envipath.org/package/521c547a-fd2a-491c-ad5b-7eaa1577fb65/scenario/ff465660-7f94-4f73-af32-083ce97d9179	no description	https://envipath.org/package/521c547a-fd2a-491c-ad5b-7eaa1577fb65/pathway/fa0d684e-6722-4a34-b087-a7875194a80c																												
CC1=NC(=NC(=C1)C)NS(=O)(=O)C2=CC(=CC=C2)NCC(=O)O	https://envipath.org/package/521c547a-fd2a-491c-ad5b-7eaa1577fb65/pathway/e6652f0d-9c0a-44d4-b7d7-a3efefe0d18b/node/f01c44bb-cb7a-46f0-9e51-e87edd156ea6	https://envipath.org/package/521c547a-fd2a-491c-ad5b-7eaa1577fb65/scenario/43368a93-8d6b-45b1-a4e0-f1fdc4527365	no description	https://envipath.org/package/521c547a-fd2a-491c-ad5b-7eaa1577fb65/pathway/e6652f0d-9c0a-44d4-b7d7-a3efefe0d18b	3																											
CC1=NC(=NC(=C1)C)NS(=O)(=O)C2=CC=C(C=C2)NC(=O)C	https://envipath.org/package/521c547a-fd2a-491c-ad5b-7eaa1577fb65/pathway/e6652f0d-9c0a-44d4-b7d7-a3efefe0d18b/node/41c8fcf7-9b74-42b1-b7b0-a67874bd441b	https://envipath.org/package/521c547a-fd2a-491c-ad5b-7eaa1577fb65/scenario/ba419d4f-a193-40e5-996a-1d43fd418765	no description	https://envipath.org/package/521c547a-fd2a-491c-ad5b-7eaa1577fb65/pathway/e6652f0d-9c0a-44d4-b7d7-a3efefe0d18b	1																											
CC1=NC(=NC(=C1)C)NS(=O)(=O)C2=CC=C(C=C2)NC=O	https://envipath.org/package/521c547a-fd2a-491c-ad5b-7eaa1577fb65/pathway/e6652f0d-9c0a-44d4-b7d7-a3efefe0d18b/node/80c966d2-6150-4586-970f-7c9d1f298693	https://envipath.org/package/521c547a-fd2a-491c-ad5b-7eaa1577fb65/scenario/647ca799-726b-4154-978c-9a8ecf8a6e31	no description	https://envipath.org/package/521c547a-fd2a-491c-ad5b-7eaa1577fb65/pathway/e6652f0d-9c0a-44d4-b7d7-a3efefe0d18b	2																											
CC1=NC(=NC(=C1)C)NS(=O)(=O)C2=CC=C(C=C2)NCC3=CN=C4C(=N3)C(=C)NC(=N4)N	https://envipath.org/package/521c547a-fd2a-491c-ad5b-7eaa1577fb65/pathway/e6652f0d-9c0a-44d4-b7d7-a3efefe0d18b/node/9aaf921f-4d9c-4ea8-98dc-813a25cefc4f	https://envipath.org/package/521c547a-fd2a-491c-ad5b-7eaa1577fb65/scenario/bf2b9250-1499-4774-ba60-399de42222f8	no description	https://envipath.org/package/521c547a-fd2a-491c-ad5b-7eaa1577fb65/pathway/e6652f0d-9c0a-44d4-b7d7-a3efefe0d18b	2																											
CC1=NC(=NC(=C1)C)NS(=O)(=O)C2=CC=C(C=C2)N	https://envipath.org/package/521c547a-fd2a-491c-ad5b-7eaa1577fb65/pathway/e6652f0d-9c0a-44d4-b7d7-a3efefe0d18b/node/2d0cdb35-b118-4e2e-9129-54c733e15ada	https://envipath.org/package/521c547a-fd2a-491c-ad5b-7eaa1577fb65/scenario/90a05a8e-4845-4931-8518-7978fd601fe0	no description	https://envipath.org/package/521c547a-fd2a-491c-ad5b-7eaa1577fb65/pathway/e6652f0d-9c0a-44d4-b7d7-a3efefe0d18b	1																											
CC1=NC(=NC(=C1)C)N	https://envipath.org/package/521c547a-fd2a-491c-ad5b-7eaa1577fb65/pathway/e6652f0d-9c0a-44d4-b7d7-a3efefe0d18b/node/b5280700-28a6-40bb-922f-3fe9328e4c08	https://envipath.org/package/521c547a-fd2a-491c-ad5b-7eaa1577fb65/scenario/86179c38-611a-4c15-8819-56c67e50420c	no description	https://envipath.org/package/521c547a-fd2a-491c-ad5b-7eaa1577fb65/pathway/e6652f0d-9c0a-44d4-b7d7-a3efefe0d18b	2																											
CC1=CC(=NO1)NS(=O)(=O)C2=CC=C(C=C2)NCC3=NC4=C(N=C3)NC(=O)NC4=O	https://envipath.org/package/521c547a-fd2a-491c-ad5b-7eaa1577fb65/pathway/e6652f0d-9c0a-44d4-b7d7-a3efefe0d18b/node/14608394-13c1-4073-9bbe-c9fa890101d4	https://envipath.org/package/521c547a-fd2a-491c-ad5b-7eaa1577fb65/scenario/bd8ce446-5161-41f6-9bb0-6214dee85638	no description	https://envipath.org/package/521c547a-fd2a-491c-ad5b-7eaa1577fb65/pathway/e6652f0d-9c0a-44d4-b7d7-a3efefe0d18b	2																											
C1=C(C=CC(=C1)S(=O)(=O)NC2=NC=CS2)NCC3=NC4=C(N=C3)NC(=O)NC4=O	https://envipath.org/package/521c547a-fd2a-491c-ad5b-7eaa1577fb65/pathway/879d4f7e-c287-4477-b831-193166fc4a57/node/b3ffcb5b-5b52-44f4-832c-7e668f5d5a2f	https://envipath.org/package/521c547a-fd2a-491c-ad5b-7eaa1577fb65/scenario/adda3c7a-0f9a-4f51-8071-72713d30b16e	no description	https://envipath.org/package/521c547a-fd2a-491c-ad5b-7eaa1577fb65/pathway/879d4f7e-c287-4477-b831-193166fc4a57	3																											
C1=C(C=CC(=C1)S(=O)(=O)NC2=NC=CS2)N	https://envipath.org/package/521c547a-fd2a-491c-ad5b-7eaa1577fb65/pathway/879d4f7e-c287-4477-b831-193166fc4a57/node/70eb11c8-cf69-445a-a039-54e6cc7a8e9c	https://envipath.org/package/521c547a-fd2a-491c-ad5b-7eaa1577fb65/scenario/184bbd8b-2b5b-4c73-a7c9-0a277a695405	no description	https://envipath.org/package/521c547a-fd2a-491c-ad5b-7eaa1577fb65/pathway/879d4f7e-c287-4477-b831-193166fc4a57																		sorption corrected & abiotic degradation corrected										
C1=C(C=CC(=C1)S(=O)(=O)NC2=NC=CS2)N	https://envipath.org/package/521c547a-fd2a-491c-ad5b-7eaa1577fb65/pathway/879d4f7e-c287-4477-b831-193166fc4a57/node/70eb11c8-cf69-445a-a039-54e6cc7a8e9c	https://envipath.org/package/521c547a-fd2a-491c-ad5b-7eaa1577fb65/scenario/b6f85515-dd13-42c2-833a-ead38f7fa5b4	no description	https://envipath.org/package/521c547a-fd2a-491c-ad5b-7eaa1577fb65/pathway/879d4f7e-c287-4477-b831-193166fc4a57	1																											
C1=C(C=CC(=C1)S(=O)(=O)NC2=NC=CS2)NCC(=O)O	https://envipath.org/package/521c547a-fd2a-491c-ad5b-7eaa1577fb65/pathway/879d4f7e-c287-4477-b831-193166fc4a57/node/d53d71d5-16f3-4fc7-845e-da2c682631e8	https://envipath.org/package/521c547a-fd2a-491c-ad5b-7eaa1577fb65/scenario/fbd0ade1-cc49-4944-a295-c3b261db1361	no description	https://envipath.org/package/521c547a-fd2a-491c-ad5b-7eaa1577fb65/pathway/879d4f7e-c287-4477-b831-193166fc4a57	3																											
C1=C(C=CC(=C1)S(=O)(=O)NC2=NC=CS2)NCC3=CN=C4C(=N3)C(=O)NC(=N4)N	https://envipath.org/package/521c547a-fd2a-491c-ad5b-7eaa1577fb65/pathway/879d4f7e-c287-4477-b831-193166fc4a57/node/5b262768-2259-4290-bdb2-23d9ecb2541f	https://envipath.org/package/521c547a-fd2a-491c-ad5b-7eaa1577fb65/scenario/8ccb2735-66d9-4295-a781-1083f249255a	no description	https://envipath.org/package/521c547a-fd2a-491c-ad5b-7eaa1577fb65/pathway/879d4f7e-c287-4477-b831-193166fc4a57	1																											
C1=C(C=CC(=C1)S(=O)(=O)NC2=NC=CS2)NC=O	https://envipath.org/package/521c547a-fd2a-491c-ad5b-7eaa1577fb65/pathway/879d4f7e-c287-4477-b831-193166fc4a57/node/396c7deb-578d-4238-ae14-f13051d2c973	https://envipath.org/package/521c547a-fd2a-491c-ad5b-7eaa1577fb65/scenario/bf377b87-02c5-4594-9b73-1cdb33c88110	no description	https://envipath.org/package/521c547a-fd2a-491c-ad5b-7eaa1577fb65/pathway/879d4f7e-c287-4477-b831-193166fc4a57	2																											
C1=CC(=NC=C1)NS(=O)(=O)C2=CC=C(C=C2)NCC(=O)O	https://envipath.org/package/521c547a-fd2a-491c-ad5b-7eaa1577fb65/pathway/36d50f2b-5f64-4dfd-abac-4497c4b54b34/node/b3346152-a393-4190-b793-279b586d1579	https://envipath.org/package/521c547a-fd2a-491c-ad5b-7eaa1577fb65/scenario/63e547b7-53e7-437d-862a-aac09b8ed786	no description	https://envipath.org/package/521c547a-fd2a-491c-ad5b-7eaa1577fb65/pathway/36d50f2b-5f64-4dfd-abac-4497c4b54b34	3																											
C1=CC(=NC=C1)NS(=O)(=O)C2=CC=C(C=C2)NC=O	https://envipath.org/package/521c547a-fd2a-491c-ad5b-7eaa1577fb65/pathway/36d50f2b-5f64-4dfd-abac-4497c4b54b34/node/f0ec673c-2874-46d4-b9b2-1a3d82efade2	https://envipath.org/package/521c547a-fd2a-491c-ad5b-7eaa1577fb65/scenario/abfb6562-c2b2-43f9-a853-04f075eb8324	no description	https://envipath.org/package/521c547a-fd2a-491c-ad5b-7eaa1577fb65/pathway/36d50f2b-5f64-4dfd-abac-4497c4b54b34	2																											
C1=CC(=NC=C1)NS(=O)(=O)C2=CC=C(C=C2)NCC3=CN=C4C(=N3)C(=O)NC(=N4)N	https://envipath.org/package/521c547a-fd2a-491c-ad5b-7eaa1577fb65/pathway/36d50f2b-5f64-4dfd-abac-4497c4b54b34/node/e3758e49-3c4e-4cb3-9275-d6b2ada769bb	https://envipath.org/package/521c547a-fd2a-491c-ad5b-7eaa1577fb65/scenario/c32c0519-e497-4d56-a304-fc6f5dc3fc7b	no description	https://envipath.org/package/521c547a-fd2a-491c-ad5b-7eaa1577fb65/pathway/36d50f2b-5f64-4dfd-abac-4497c4b54b34	3																											
C1=CC(=NC=C1)NS(=O)(=O)C2=CC=C(C=C2)NCC3=NC4=C(N=C3)NC(=O)NC4=O	https://envipath.org/package/521c547a-fd2a-491c-ad5b-7eaa1577fb65/pathway/36d50f2b-5f64-4dfd-abac-4497c4b54b34/node/09581040-cd50-4672-b37b-f4edb75a71c3	https://envipath.org/package/521c547a-fd2a-491c-ad5b-7eaa1577fb65/scenario/51356018-f1b6-4016-84c8-80d93dcc50e5	no description	https://envipath.org/package/521c547a-fd2a-491c-ad5b-7eaa1577fb65/pathway/36d50f2b-5f64-4dfd-abac-4497c4b54b34	3																											
C1=CC(=NC=C1)NS(=O)(=O)C2=CC=C(C=C2)N	https://envipath.org/package/521c547a-fd2a-491c-ad5b-7eaa1577fb65/pathway/36d50f2b-5f64-4dfd-abac-4497c4b54b34/node/a830bd6d-0dc5-4e86-959f-757938091dae	https://envipath.org/package/521c547a-fd2a-491c-ad5b-7eaa1577fb65/scenario/83e1c6db-60d5-4651-9a70-9236669bc46f	no description	https://envipath.org/package/521c547a-fd2a-491c-ad5b-7eaa1577fb65/pathway/36d50f2b-5f64-4dfd-abac-4497c4b54b34	1																											
CC(=O)NC1=CC=C(C=C1)S(=O)(=O)NC2=NC=CC=C2	https://envipath.org/package/521c547a-fd2a-491c-ad5b-7eaa1577fb65/pathway/36d50f2b-5f64-4dfd-abac-4497c4b54b34/node/655974d4-f65e-43bd-904b-dbdfa522ec57	https://envipath.org/package/521c547a-fd2a-491c-ad5b-7eaa1577fb65/scenario/e95a6830-a1a8-4d3c-8591-c93fcfa4bfa3	no description	https://envipath.org/package/521c547a-fd2a-491c-ad5b-7eaa1577fb65/pathway/36d50f2b-5f64-4dfd-abac-4497c4b54b34	1																											
COC1=CC(=CC(=C1O)OC)CC2=C(N)N=C(N)N=C2	https://envipath.org/package/521c547a-fd2a-491c-ad5b-7eaa1577fb65/pathway/5ec919f8-f3ea-499c-bf54-2e5ac7351835/node/d1826103-5700-4652-a7c8-70caee95d8e5	https://envipath.org/package/521c547a-fd2a-491c-ad5b-7eaa1577fb65/scenario/2993a872-48b4-4215-8e81-74693fbb14c3	https://doi.org/10.1016/j.watres.2015.10.026	https://envipath.org/package/521c547a-fd2a-491c-ad5b-7eaa1577fb65/pathway/5ec919f8-f3ea-499c-bf54-2e5ac7351835		aerob	{'end': 7.5, 'start': 6.5}		light-protected vessels	nitrifying activated sludge from an ps SBR		sludge retention time	200.0	3.1	5.0	spiking in solvent	{'end': 25.0, 'start': 15.0}	municipal WW			effluent		stirred and aerated with a regulated mixture of air and CO2 via a diffuser									
COC1=CC(=CC(=C1O)OC)CC2=C(N)N=C(N)N=C2	https://envipath.org/package/521c547a-fd2a-491c-ad5b-7eaa1577fb65/pathway/5ec919f8-f3ea-499c-bf54-2e5ac7351835/node/d1826103-5700-4652-a7c8-70caee95d8e5	https://envipath.org/package/521c547a-fd2a-491c-ad5b-7eaa1577fb65/scenario/2bb736bb-6f8d-4267-9166-646cef7d8a1a	https://doi.org/10.1016/j.watres.2015.10.026	https://envipath.org/package/521c547a-fd2a-491c-ad5b-7eaa1577fb65/pathway/5ec919f8-f3ea-499c-bf54-2e5ac7351835		aerob	{'end': 7.5, 'start': 6.5}		light-protected vessels	nitrifying activated sludge from an ps SBR		sludge retention time	20.0	3.1	5.0	spiking in solvent	{'end': 25.0, 'start': 15.0}	municipal WW			effluent		stirred and aerated with a regulated mixture of air and CO2 via a diffuser									
COC1=CC(=CC(=C1O)OC)CC2=C(N)N=C(N)N=C2	https://envipath.org/package/521c547a-fd2a-491c-ad5b-7eaa1577fb65/pathway/5ec919f8-f3ea-499c-bf54-2e5ac7351835/node/d1826103-5700-4652-a7c8-70caee95d8e5	https://envipath.org/package/521c547a-fd2a-491c-ad5b-7eaa1577fb65/scenario/c571e883-2498-4b7f-96c9-e1d0667e5df4	https://doi.org/10.1016/j.watres.2015.10.026	https://envipath.org/package/521c547a-fd2a-491c-ad5b-7eaa1577fb65/pathway/5ec919f8-f3ea-499c-bf54-2e5ac7351835		aerob	{'end': 7.5, 'start': 6.5}		light-protected vessels	nitrifying activated sludge from an ps SBR		sludge retention time	200.0	3.1	5.0	spiking in solvent	{'end': 25.0, 'start': 15.0}	municipal WW			influent		stirred and aerated with a regulated mixture of air and CO2 via a diffuser									
COC1=CC(=CC(=C1O)OC)C(=O)C2=C(N)N=C(N)N=C2	https://envipath.org/package/521c547a-fd2a-491c-ad5b-7eaa1577fb65/pathway/5ec919f8-f3ea-499c-bf54-2e5ac7351835/node/7be7ea12-c248-4495-8780-7b904f6e98da	https://envipath.org/package/521c547a-fd2a-491c-ad5b-7eaa1577fb65/scenario/2993a872-48b4-4215-8e81-74693fbb14c3	https://doi.org/10.1016/j.watres.2015.10.026	https://envipath.org/package/521c547a-fd2a-491c-ad5b-7eaa1577fb65/pathway/5ec919f8-f3ea-499c-bf54-2e5ac7351835		aerob	{'end': 7.5, 'start': 6.5}		light-protected vessels	nitrifying activated sludge from an ps SBR		sludge retention time	200.0	3.1	5.0	spiking in solvent	{'end': 25.0, 'start': 15.0}	municipal WW			effluent		stirred and aerated with a regulated mixture of air and CO2 via a diffuser									
COC1=CC(=CC(=C1O)OC)C(=O)C2=C(N)N=C(N)N=C2	https://envipath.org/package/521c547a-fd2a-491c-ad5b-7eaa1577fb65/pathway/5ec919f8-f3ea-499c-bf54-2e5ac7351835/node/7be7ea12-c248-4495-8780-7b904f6e98da	https://envipath.org/package/521c547a-fd2a-491c-ad5b-7eaa1577fb65/scenario/2bb736bb-6f8d-4267-9166-646cef7d8a1a	https://doi.org/10.1016/j.watres.2015.10.026	https://envipath.org/package/521c547a-fd2a-491c-ad5b-7eaa1577fb65/pathway/5ec919f8-f3ea-499c-bf54-2e5ac7351835		aerob	{'end': 7.5, 'start': 6.5}		light-protected vessels	nitrifying activated sludge from an ps SBR		sludge retention time	20.0	3.1	5.0	spiking in solvent	{'end': 25.0, 'start': 15.0}	municipal WW			effluent		stirred and aerated with a regulated mixture of air and CO2 via a diffuser									
COC1=CC(=CC(=C1O)OC)C(=O)C2=C(N)N=C(N)N=C2	https://envipath.org/package/521c547a-fd2a-491c-ad5b-7eaa1577fb65/pathway/5ec919f8-f3ea-499c-bf54-2e5ac7351835/node/7be7ea12-c248-4495-8780-7b904f6e98da	https://envipath.org/package/521c547a-fd2a-491c-ad5b-7eaa1577fb65/scenario/c571e883-2498-4b7f-96c9-e1d0667e5df4	https://doi.org/10.1016/j.watres.2015.10.026	https://envipath.org/package/521c547a-fd2a-491c-ad5b-7eaa1577fb65/pathway/5ec919f8-f3ea-499c-bf54-2e5ac7351835		aerob	{'end': 7.5, 'start': 6.5}		light-protected vessels	nitrifying activated sludge from an ps SBR		sludge retention time	200.0	3.1	5.0	spiking in solvent	{'end': 25.0, 'start': 15.0}	municipal WW			influent		stirred and aerated with a regulated mixture of air and CO2 via a diffuser									
COC1=CC(=CC(=C1O)OC)C(C2=C(N)N=C(N)N=C2)O	https://envipath.org/package/521c547a-fd2a-491c-ad5b-7eaa1577fb65/pathway/5ec919f8-f3ea-499c-bf54-2e5ac7351835/node/30b473f5-75ba-4c96-80d6-00eb9c181e25	https://envipath.org/package/521c547a-fd2a-491c-ad5b-7eaa1577fb65/scenario/2993a872-48b4-4215-8e81-74693fbb14c3	https://doi.org/10.1016/j.watres.2015.10.026	https://envipath.org/package/521c547a-fd2a-491c-ad5b-7eaa1577fb65/pathway/5ec919f8-f3ea-499c-bf54-2e5ac7351835		aerob	{'end': 7.5, 'start': 6.5}		light-protected vessels	nitrifying activated sludge from an ps SBR		sludge retention time	200.0	3.1	5.0	spiking in solvent	{'end': 25.0, 'start': 15.0}	municipal WW			effluent		stirred and aerated with a regulated mixture of air and CO2 via a diffuser									
COC1=CC(=CC(=C1O)OC)C(C2=C(N)N=C(N)N=C2)O	https://envipath.org/package/521c547a-fd2a-491c-ad5b-7eaa1577fb65/pathway/5ec919f8-f3ea-499c-bf54-2e5ac7351835/node/30b473f5-75ba-4c96-80d6-00eb9c181e25	https://envipath.org/package/521c547a-fd2a-491c-ad5b-7eaa1577fb65/scenario/2bb736bb-6f8d-4267-9166-646cef7d8a1a	https://doi.org/10.1016/j.watres.2015.10.026	https://envipath.org/package/521c547a-fd2a-491c-ad5b-7eaa1577fb65/pathway/5ec919f8-f3ea-499c-bf54-2e5ac7351835		aerob	{'end': 7.5, 'start': 6.5}		light-protected vessels	nitrifying activated sludge from an ps SBR		sludge retention time	20.0	3.1	5.0	spiking in solvent	{'end': 25.0, 'start': 15.0}	municipal WW			effluent		stirred and aerated with a regulated mixture of air and CO2 via a diffuser									
COC1=CC(=CC(=C1O)OC)C(C2=C(N)N=C(N)N=C2)O	https://envipath.org/package/521c547a-fd2a-491c-ad5b-7eaa1577fb65/pathway/5ec919f8-f3ea-499c-bf54-2e5ac7351835/node/30b473f5-75ba-4c96-80d6-00eb9c181e25	https://envipath.org/package/521c547a-fd2a-491c-ad5b-7eaa1577fb65/scenario/c571e883-2498-4b7f-96c9-e1d0667e5df4	https://doi.org/10.1016/j.watres.2015.10.026	https://envipath.org/package/521c547a-fd2a-491c-ad5b-7eaa1577fb65/pathway/5ec919f8-f3ea-499c-bf54-2e5ac7351835		aerob	{'end': 7.5, 'start': 6.5}		light-protected vessels	nitrifying activated sludge from an ps SBR		sludge retention time	200.0	3.1	5.0	spiking in solvent	{'end': 25.0, 'start': 15.0}	municipal WW			influent		stirred and aerated with a regulated mixture of air and CO2 via a diffuser									
C1=NC(=NC(=C1C(=O)O)N)N	https://envipath.org/package/521c547a-fd2a-491c-ad5b-7eaa1577fb65/pathway/5ec919f8-f3ea-499c-bf54-2e5ac7351835/node/7a921b1b-afb0-454f-b31f-2cd0e1d40142	https://envipath.org/package/521c547a-fd2a-491c-ad5b-7eaa1577fb65/scenario/2993a872-48b4-4215-8e81-74693fbb14c3	https://doi.org/10.1016/j.watres.2015.10.026	https://envipath.org/package/521c547a-fd2a-491c-ad5b-7eaa1577fb65/pathway/5ec919f8-f3ea-499c-bf54-2e5ac7351835		aerob	{'end': 7.5, 'start': 6.5}		light-protected vessels	nitrifying activated sludge from an ps SBR		sludge retention time	200.0	3.1	5.0	spiking in solvent	{'end': 25.0, 'start': 15.0}	municipal WW			effluent		stirred and aerated with a regulated mixture of air and CO2 via a diffuser									
C1=NC(=NC(=C1C(=O)O)N)N	https://envipath.org/package/521c547a-fd2a-491c-ad5b-7eaa1577fb65/pathway/5ec919f8-f3ea-499c-bf54-2e5ac7351835/node/7a921b1b-afb0-454f-b31f-2cd0e1d40142	https://envipath.org/package/521c547a-fd2a-491c-ad5b-7eaa1577fb65/scenario/2bb736bb-6f8d-4267-9166-646cef7d8a1a	https://doi.org/10.1016/j.watres.2015.10.026	https://envipath.org/package/521c547a-fd2a-491c-ad5b-7eaa1577fb65/pathway/5ec919f8-f3ea-499c-bf54-2e5ac7351835		aerob	{'end': 7.5, 'start': 6.5}		light-protected vessels	nitrifying activated sludge from an ps SBR		sludge retention time	20.0	3.1	5.0	spiking in solvent	{'end': 25.0, 'start': 15.0}	municipal WW			effluent		stirred and aerated with a regulated mixture of air and CO2 via a diffuser									
C1=NC(=NC(=C1C(=O)O)N)N	https://envipath.org/package/521c547a-fd2a-491c-ad5b-7eaa1577fb65/pathway/5ec919f8-f3ea-499c-bf54-2e5ac7351835/node/7a921b1b-afb0-454f-b31f-2cd0e1d40142	https://envipath.org/package/521c547a-fd2a-491c-ad5b-7eaa1577fb65/scenario/c571e883-2498-4b7f-96c9-e1d0667e5df4	https://doi.org/10.1016/j.watres.2015.10.026	https://envipath.org/package/521c547a-fd2a-491c-ad5b-7eaa1577fb65/pathway/5ec919f8-f3ea-499c-bf54-2e5ac7351835		aerob	{'end': 7.5, 'start': 6.5}		light-protected vessels	nitrifying activated sludge from an ps SBR		sludge retention time	200.0	3.1	5.0	spiking in solvent	{'end': 25.0, 'start': 15.0}	municipal WW			influent		stirred and aerated with a regulated mixture of air and CO2 via a diffuser									
COC1=CC(=CC(=C1OC)OC)CC2(C=NC(N)N=C2N)O	https://envipath.org/package/521c547a-fd2a-491c-ad5b-7eaa1577fb65/pathway/5ec919f8-f3ea-499c-bf54-2e5ac7351835/node/2f997b13-bbc4-480b-8f91-582f607f5c77	https://envipath.org/package/521c547a-fd2a-491c-ad5b-7eaa1577fb65/scenario/56a993d4-d292-4e0e-833a-a485ca9100b1	DOI: 10.2166/wst.2012.917 	https://envipath.org/package/521c547a-fd2a-491c-ad5b-7eaa1577fb65/pathway/5ec919f8-f3ea-499c-bf54-2e5ac7351835		aerob	{'end': 8.5, 'start': 7.5}		nitrifying bioreactor: continuous flow stirred tank reactors operated in series with a secondary clarifier	mixed liquor from a 4.6 MDG treatment plant	bubbling air				300.0	other	{'end': 24.0, 'start': 24.0}							nitrification		100mg/L ammonia as food source, further the influent also contained: MgSO4 40mg/L; KH2PO4 83.3mg/L; CaCl2 34mg/L; CuSO4 0.2mg/L; NaHCO3 1500mg/L; FeCl3 0.4mg/L						
CO/C=C/C(/C=C(\C(=O)O)/OC)CC1(C=NC(N)N=C1N)O	https://envipath.org/package/521c547a-fd2a-491c-ad5b-7eaa1577fb65/pathway/5ec919f8-f3ea-499c-bf54-2e5ac7351835/node/14e1a211-8ae2-4cd8-a516-568df2f4baa6	https://envipath.org/package/521c547a-fd2a-491c-ad5b-7eaa1577fb65/scenario/56a993d4-d292-4e0e-833a-a485ca9100b1	DOI: 10.2166/wst.2012.917 	https://envipath.org/package/521c547a-fd2a-491c-ad5b-7eaa1577fb65/pathway/5ec919f8-f3ea-499c-bf54-2e5ac7351835		aerob	{'end': 8.5, 'start': 7.5}		nitrifying bioreactor: continuous flow stirred tank reactors operated in series with a secondary clarifier	mixed liquor from a 4.6 MDG treatment plant	bubbling air				300.0	other	{'end': 24.0, 'start': 24.0}							nitrification		100mg/L ammonia as food source, further the influent also contained: MgSO4 40mg/L; KH2PO4 83.3mg/L; CaCl2 34mg/L; CuSO4 0.2mg/L; NaHCO3 1500mg/L; FeCl3 0.4mg/L						
COC1=CC(=CC(=C1OC)OC)CC2=C(N)N=C(N)N=C2	https://envipath.org/package/521c547a-fd2a-491c-ad5b-7eaa1577fb65/pathway/5ec919f8-f3ea-499c-bf54-2e5ac7351835/node/0e124a14-3fae-4d0e-a25a-2285a31bc0e8	https://envipath.org/package/521c547a-fd2a-491c-ad5b-7eaa1577fb65/scenario/4ea5c74a-4bed-4fe5-9d08-3141699a08bd	no description	https://envipath.org/package/521c547a-fd2a-491c-ad5b-7eaa1577fb65/pathway/5ec919f8-f3ea-499c-bf54-2e5ac7351835																		abiotic degradation corrected			no comment							
COC1=CC(=CC(=C1OC)OC)CC2=C(N)N=C(N)N=C2	https://envipath.org/package/521c547a-fd2a-491c-ad5b-7eaa1577fb65/pathway/5ec919f8-f3ea-499c-bf54-2e5ac7351835/node/0e124a14-3fae-4d0e-a25a-2285a31bc0e8	https://envipath.org/package/521c547a-fd2a-491c-ad5b-7eaa1577fb65/scenario/3eb92772-85c6-4412-ac62-73dc049f9632	DOI: 10.1021/ac050141p	https://envipath.org/package/521c547a-fd2a-491c-ad5b-7eaa1577fb65/pathway/5ec919f8-f3ea-499c-bf54-2e5ac7351835		aerob	{'end': 7.2, 'start': 4.8}	Amherst, NY, USA	amber glass bottle	nitrification tank	bubbling air		4000.0		20.0			municipal WW					bubbling air									
COC1=CC(=CC(=C1OC)OC)CC2=C(N)N=C(N)N=C2	https://envipath.org/package/521c547a-fd2a-491c-ad5b-7eaa1577fb65/pathway/5ec919f8-f3ea-499c-bf54-2e5ac7351835/node/0e124a14-3fae-4d0e-a25a-2285a31bc0e8	https://envipath.org/package/521c547a-fd2a-491c-ad5b-7eaa1577fb65/scenario/829219e8-9e68-4921-ae09-0bb9e8e0a742	DOI: 10.1021/es060835v	https://envipath.org/package/521c547a-fd2a-491c-ad5b-7eaa1577fb65/pathway/5ec919f8-f3ea-499c-bf54-2e5ac7351835																					no comment							
COC1=CC(=CC(=C1OC)OC)CC2=C(N)N=C(N)N=C2	https://envipath.org/package/521c547a-fd2a-491c-ad5b-7eaa1577fb65/pathway/5ec919f8-f3ea-499c-bf54-2e5ac7351835/node/0e124a14-3fae-4d0e-a25a-2285a31bc0e8	https://envipath.org/package/521c547a-fd2a-491c-ad5b-7eaa1577fb65/scenario/587cd643-c878-48d4-a556-8fdc46e202b4	DOI: 10.1021/ac050141p	https://envipath.org/package/521c547a-fd2a-491c-ad5b-7eaa1577fb65/pathway/5ec919f8-f3ea-499c-bf54-2e5ac7351835		aerob	{'end': 7.2, 'start': 4.8}	Amherst, NY, USA	amber glass bottle	nitrification tank	bubbling air		4000.0		2000.0			municipal WW					bubbling air									
COC1=CC(=CC(=C1OC)OC)CC2=C(N)N=C(N)N=C2	https://envipath.org/package/521c547a-fd2a-491c-ad5b-7eaa1577fb65/pathway/5ec919f8-f3ea-499c-bf54-2e5ac7351835/node/0e124a14-3fae-4d0e-a25a-2285a31bc0e8	https://envipath.org/package/521c547a-fd2a-491c-ad5b-7eaa1577fb65/scenario/a3645ac0-6ddd-4705-a574-234b7921c343	no description	https://envipath.org/package/521c547a-fd2a-491c-ad5b-7eaa1577fb65/pathway/5ec919f8-f3ea-499c-bf54-2e5ac7351835																		abiotic degradation corrected			no comment							
COC1=CC(=CC(=C1OC)OC)CC2=C(N)N=C(N)N=C2	https://envipath.org/package/521c547a-fd2a-491c-ad5b-7eaa1577fb65/pathway/5ec919f8-f3ea-499c-bf54-2e5ac7351835/node/0e124a14-3fae-4d0e-a25a-2285a31bc0e8	https://envipath.org/package/521c547a-fd2a-491c-ad5b-7eaa1577fb65/scenario/157556d9-cce9-405e-a18c-ef1ca0ec07c8	no description	https://envipath.org/package/521c547a-fd2a-491c-ad5b-7eaa1577fb65/pathway/5ec919f8-f3ea-499c-bf54-2e5ac7351835																		abiotic degradation corrected			no comment							
COC1=CC(=CC(=C1OC)OC)CC2=C(N)N=C(N)N=C2	https://envipath.org/package/521c547a-fd2a-491c-ad5b-7eaa1577fb65/pathway/5ec919f8-f3ea-499c-bf54-2e5ac7351835/node/0e124a14-3fae-4d0e-a25a-2285a31bc0e8	https://envipath.org/package/521c547a-fd2a-491c-ad5b-7eaa1577fb65/scenario/6260e140-7924-4875-8c7b-c4170f54bad6	no description	https://envipath.org/package/521c547a-fd2a-491c-ad5b-7eaa1577fb65/pathway/5ec919f8-f3ea-499c-bf54-2e5ac7351835																		abiotic degradation corrected			no comment							
COC1=CC(=CC(=C1OC)OC)CC2=C(N)N=C(N)N=C2	https://envipath.org/package/521c547a-fd2a-491c-ad5b-7eaa1577fb65/pathway/5ec919f8-f3ea-499c-bf54-2e5ac7351835/node/0e124a14-3fae-4d0e-a25a-2285a31bc0e8	https://envipath.org/package/521c547a-fd2a-491c-ad5b-7eaa1577fb65/scenario/56a993d4-d292-4e0e-833a-a485ca9100b1	DOI: 10.2166/wst.2012.917 	https://envipath.org/package/521c547a-fd2a-491c-ad5b-7eaa1577fb65/pathway/5ec919f8-f3ea-499c-bf54-2e5ac7351835		aerob	{'end': 8.5, 'start': 7.5}		nitrifying bioreactor: continuous flow stirred tank reactors operated in series with a secondary clarifier	mixed liquor from a 4.6 MDG treatment plant	bubbling air				300.0	other	{'end': 24.0, 'start': 24.0}							nitrification		100mg/L ammonia as food source, further the influent also contained: MgSO4 40mg/L; KH2PO4 83.3mg/L; CaCl2 34mg/L; CuSO4 0.2mg/L; NaHCO3 1500mg/L; FeCl3 0.4mg/L						
COC1=CC(=CC(=C1OC)OC)CC2=C(N)N=C(N)N=C2	https://envipath.org/package/521c547a-fd2a-491c-ad5b-7eaa1577fb65/pathway/5ec919f8-f3ea-499c-bf54-2e5ac7351835/node/0e124a14-3fae-4d0e-a25a-2285a31bc0e8	https://envipath.org/package/521c547a-fd2a-491c-ad5b-7eaa1577fb65/scenario/001e2787-7901-4d50-afe0-cec15b06a50b	DOI: 10.1021/es060835v	https://envipath.org/package/521c547a-fd2a-491c-ad5b-7eaa1577fb65/pathway/5ec919f8-f3ea-499c-bf54-2e5ac7351835																					no comment							
COC1=CC(=CC(=C1OC)OC)CC2=C(N)N=C(N)N=C2	https://envipath.org/package/521c547a-fd2a-491c-ad5b-7eaa1577fb65/pathway/5ec919f8-f3ea-499c-bf54-2e5ac7351835/node/0e124a14-3fae-4d0e-a25a-2285a31bc0e8	https://envipath.org/package/521c547a-fd2a-491c-ad5b-7eaa1577fb65/scenario/d3eef883-b947-4c62-bfb9-28de69e47c33	no description	https://envipath.org/package/521c547a-fd2a-491c-ad5b-7eaa1577fb65/pathway/5ec919f8-f3ea-499c-bf54-2e5ac7351835																		abiotic degradation corrected			> 14 d							
COC1=CC(=CC(=C1OC)OC)C(C2=C(N)N=C(N)N=C2)O	https://envipath.org/package/521c547a-fd2a-491c-ad5b-7eaa1577fb65/pathway/5ec919f8-f3ea-499c-bf54-2e5ac7351835/node/7a470cf5-ee2f-4016-9ba3-09ab54c8006b	https://envipath.org/package/521c547a-fd2a-491c-ad5b-7eaa1577fb65/scenario/3eb92772-85c6-4412-ac62-73dc049f9632	DOI: 10.1021/ac050141p	https://envipath.org/package/521c547a-fd2a-491c-ad5b-7eaa1577fb65/pathway/5ec919f8-f3ea-499c-bf54-2e5ac7351835		aerob	{'end': 7.2, 'start': 4.8}	Amherst, NY, USA	amber glass bottle	nitrification tank	bubbling air		4000.0		20.0			municipal WW					bubbling air									
COC1=CC(=CC(=C1OC)OC)C(C2=C(N)N=C(N)N=C2)O	https://envipath.org/package/521c547a-fd2a-491c-ad5b-7eaa1577fb65/pathway/5ec919f8-f3ea-499c-bf54-2e5ac7351835/node/7a470cf5-ee2f-4016-9ba3-09ab54c8006b	https://envipath.org/package/521c547a-fd2a-491c-ad5b-7eaa1577fb65/scenario/587cd643-c878-48d4-a556-8fdc46e202b4	DOI: 10.1021/ac050141p	https://envipath.org/package/521c547a-fd2a-491c-ad5b-7eaa1577fb65/pathway/5ec919f8-f3ea-499c-bf54-2e5ac7351835		aerob	{'end': 7.2, 'start': 4.8}	Amherst, NY, USA	amber glass bottle	nitrification tank	bubbling air		4000.0		2000.0			municipal WW					bubbling air									
COC1=CC(=CC(=C1OC)OC)C(C2=C(N)N=C(N)N=C2)O	https://envipath.org/package/521c547a-fd2a-491c-ad5b-7eaa1577fb65/pathway/5ec919f8-f3ea-499c-bf54-2e5ac7351835/node/7a470cf5-ee2f-4016-9ba3-09ab54c8006b	https://envipath.org/package/521c547a-fd2a-491c-ad5b-7eaa1577fb65/scenario/e50252c7-5ba2-4b67-8e14-616ac97ff72b	https://doi.org/10.1016/j.watres.2015.10.026	https://envipath.org/package/521c547a-fd2a-491c-ad5b-7eaa1577fb65/pathway/5ec919f8-f3ea-499c-bf54-2e5ac7351835		aerob	{'end': 7.5, 'start': 6.5}		light-protected vessels	nitrifying activated sludge from an ps SBR		sludge retention time	20.0	3.1	500.0	spiking in solvent	{'end': 25.0, 'start': 15.0}	municipal WW			effluent		stirred and aerated with a regulated mixture of air and CO2 via a diffuser									
COC1=CC(=CC(=C1OC)OC)C(C2=C(N)N=C(N)N=C2)O	https://envipath.org/package/521c547a-fd2a-491c-ad5b-7eaa1577fb65/pathway/5ec919f8-f3ea-499c-bf54-2e5ac7351835/node/7a470cf5-ee2f-4016-9ba3-09ab54c8006b	https://envipath.org/package/521c547a-fd2a-491c-ad5b-7eaa1577fb65/scenario/ba31957e-9871-4d4e-8e1d-1edcff26c84f	https://doi.org/10.1016/j.watres.2015.10.026	https://envipath.org/package/521c547a-fd2a-491c-ad5b-7eaa1577fb65/pathway/5ec919f8-f3ea-499c-bf54-2e5ac7351835		aerob	{'end': 7.5, 'start': 6.5}		light-protected vessels	nitrifying activated sludge from an ps SBRinfluent		sludge retention time	200.0	3.1	500.0	spiking in solvent	{'end': 25.0, 'start': 15.0}	municipal WW			influent		stirred and aerated with a regulated mixture of air and CO2 via a diffuser									
COC1=CC(=CC(=C1OC)OC)CC2(C(N)NC(=NC2=O)N)O	https://envipath.org/package/521c547a-fd2a-491c-ad5b-7eaa1577fb65/pathway/5ec919f8-f3ea-499c-bf54-2e5ac7351835/node/41bddd64-a861-44b9-a9e5-bfac8ba8b9e1	https://envipath.org/package/521c547a-fd2a-491c-ad5b-7eaa1577fb65/scenario/3eb92772-85c6-4412-ac62-73dc049f9632	DOI: 10.1021/ac050141p	https://envipath.org/package/521c547a-fd2a-491c-ad5b-7eaa1577fb65/pathway/5ec919f8-f3ea-499c-bf54-2e5ac7351835		aerob	{'end': 7.2, 'start': 4.8}	Amherst, NY, USA	amber glass bottle	nitrification tank	bubbling air		4000.0		20.0			municipal WW					bubbling air									
COC1=CC(=CC(=C1OC)OC)CC2(C(N)NC(=NC2=O)N)O	https://envipath.org/package/521c547a-fd2a-491c-ad5b-7eaa1577fb65/pathway/5ec919f8-f3ea-499c-bf54-2e5ac7351835/node/41bddd64-a861-44b9-a9e5-bfac8ba8b9e1	https://envipath.org/package/521c547a-fd2a-491c-ad5b-7eaa1577fb65/scenario/587cd643-c878-48d4-a556-8fdc46e202b4	DOI: 10.1021/ac050141p	https://envipath.org/package/521c547a-fd2a-491c-ad5b-7eaa1577fb65/pathway/5ec919f8-f3ea-499c-bf54-2e5ac7351835		aerob	{'end': 7.2, 'start': 4.8}	Amherst, NY, USA	amber glass bottle	nitrification tank	bubbling air		4000.0		2000.0			municipal WW					bubbling air									
COC1=CC(=CC(=C1OC)OC)CC2(C(N)NC(=NC2=O)N)O	https://envipath.org/package/521c547a-fd2a-491c-ad5b-7eaa1577fb65/pathway/5ec919f8-f3ea-499c-bf54-2e5ac7351835/node/41bddd64-a861-44b9-a9e5-bfac8ba8b9e1	https://envipath.org/package/521c547a-fd2a-491c-ad5b-7eaa1577fb65/scenario/e50252c7-5ba2-4b67-8e14-616ac97ff72b	https://doi.org/10.1016/j.watres.2015.10.026	https://envipath.org/package/521c547a-fd2a-491c-ad5b-7eaa1577fb65/pathway/5ec919f8-f3ea-499c-bf54-2e5ac7351835		aerob	{'end': 7.5, 'start': 6.5}		light-protected vessels	nitrifying activated sludge from an ps SBR		sludge retention time	20.0	3.1	500.0	spiking in solvent	{'end': 25.0, 'start': 15.0}	municipal WW			effluent		stirred and aerated with a regulated mixture of air and CO2 via a diffuser									
COC1=CC(=CC(=C1OC)OC)CC2(C(N)NC(=NC2=O)N)O	https://envipath.org/package/521c547a-fd2a-491c-ad5b-7eaa1577fb65/pathway/5ec919f8-f3ea-499c-bf54-2e5ac7351835/node/41bddd64-a861-44b9-a9e5-bfac8ba8b9e1	https://envipath.org/package/521c547a-fd2a-491c-ad5b-7eaa1577fb65/scenario/2993a872-48b4-4215-8e81-74693fbb14c3	https://doi.org/10.1016/j.watres.2015.10.026	https://envipath.org/package/521c547a-fd2a-491c-ad5b-7eaa1577fb65/pathway/5ec919f8-f3ea-499c-bf54-2e5ac7351835		aerob	{'end': 7.5, 'start': 6.5}		light-protected vessels	nitrifying activated sludge from an ps SBR		sludge retention time	200.0	3.1	5.0	spiking in solvent	{'end': 25.0, 'start': 15.0}	municipal WW			effluent		stirred and aerated with a regulated mixture of air and CO2 via a diffuser									
COC1=CC(=CC(=C1OC)OC)CC2(C(N)NC(=NC2=O)N)O	https://envipath.org/package/521c547a-fd2a-491c-ad5b-7eaa1577fb65/pathway/5ec919f8-f3ea-499c-bf54-2e5ac7351835/node/41bddd64-a861-44b9-a9e5-bfac8ba8b9e1	https://envipath.org/package/521c547a-fd2a-491c-ad5b-7eaa1577fb65/scenario/ba31957e-9871-4d4e-8e1d-1edcff26c84f	https://doi.org/10.1016/j.watres.2015.10.026	https://envipath.org/package/521c547a-fd2a-491c-ad5b-7eaa1577fb65/pathway/5ec919f8-f3ea-499c-bf54-2e5ac7351835		aerob	{'end': 7.5, 'start': 6.5}		light-protected vessels	nitrifying activated sludge from an ps SBRinfluent		sludge retention time	200.0	3.1	500.0	spiking in solvent	{'end': 25.0, 'start': 15.0}	municipal WW			influent		stirred and aerated with a regulated mixture of air and CO2 via a diffuser									
COC1=CC(=CC(=C1OC)OC)CC2(C(N)NC(=NC2=O)N)O	https://envipath.org/package/521c547a-fd2a-491c-ad5b-7eaa1577fb65/pathway/5ec919f8-f3ea-499c-bf54-2e5ac7351835/node/41bddd64-a861-44b9-a9e5-bfac8ba8b9e1	https://envipath.org/package/521c547a-fd2a-491c-ad5b-7eaa1577fb65/scenario/2bb736bb-6f8d-4267-9166-646cef7d8a1a	https://doi.org/10.1016/j.watres.2015.10.026	https://envipath.org/package/521c547a-fd2a-491c-ad5b-7eaa1577fb65/pathway/5ec919f8-f3ea-499c-bf54-2e5ac7351835		aerob	{'end': 7.5, 'start': 6.5}		light-protected vessels	nitrifying activated sludge from an ps SBR		sludge retention time	20.0	3.1	5.0	spiking in solvent	{'end': 25.0, 'start': 15.0}	municipal WW			effluent		stirred and aerated with a regulated mixture of air and CO2 via a diffuser									
COC1=CC(=CC(=C1OC)OC)CC2(C(N)NC(=NC2=O)N)O	https://envipath.org/package/521c547a-fd2a-491c-ad5b-7eaa1577fb65/pathway/5ec919f8-f3ea-499c-bf54-2e5ac7351835/node/41bddd64-a861-44b9-a9e5-bfac8ba8b9e1	https://envipath.org/package/521c547a-fd2a-491c-ad5b-7eaa1577fb65/scenario/c571e883-2498-4b7f-96c9-e1d0667e5df4	https://doi.org/10.1016/j.watres.2015.10.026	https://envipath.org/package/521c547a-fd2a-491c-ad5b-7eaa1577fb65/pathway/5ec919f8-f3ea-499c-bf54-2e5ac7351835		aerob	{'end': 7.5, 'start': 6.5}		light-protected vessels	nitrifying activated sludge from an ps SBR		sludge retention time	200.0	3.1	5.0	spiking in solvent	{'end': 25.0, 'start': 15.0}	municipal WW			influent		stirred and aerated with a regulated mixture of air and CO2 via a diffuser									
CN(CCCO)C(=O)C1=C(C(=C(C(=C1I)NC(=O)COC)I)C(=O)NCCCO)I	https://envipath.org/package/521c547a-fd2a-491c-ad5b-7eaa1577fb65/pathway/c8a085c9-4f9d-44a1-beb0-e3a65e8fed72/node/2c4ee02f-31f4-4f53-8acb-31383bf43670	https://envipath.org/package/521c547a-fd2a-491c-ad5b-7eaa1577fb65/scenario/727119e6-7106-485e-a1c2-32848818fce3	DOI: 10.1021/ac0518809	https://envipath.org/package/521c547a-fd2a-491c-ad5b-7eaa1577fb65/pathway/c8a085c9-4f9d-44a1-beb0-e3a65e8fed72		aerob	{'end': 8.0, 'start': 7.0}	Amherst (NY), USA	amber glass bottle	nitrifying activated sludge form aeration tank	bubbling air		1000.0		10000.0			municipal WW								NH3 / NaHCO3 to maintain stable pH conditions						
CN(CCCO)C(=O)C1=C(C(=C(C(=C1I)NC(=O)COC)I)C(=O)NCCCO)I	https://envipath.org/package/521c547a-fd2a-491c-ad5b-7eaa1577fb65/pathway/c8a085c9-4f9d-44a1-beb0-e3a65e8fed72/node/2c4ee02f-31f4-4f53-8acb-31383bf43670	https://envipath.org/package/521c547a-fd2a-491c-ad5b-7eaa1577fb65/scenario/05f9801d-9725-42a1-93ec-7e698ed26f3f	DOI: 10.1021/ac0518809	https://envipath.org/package/521c547a-fd2a-491c-ad5b-7eaa1577fb65/pathway/c8a085c9-4f9d-44a1-beb0-e3a65e8fed72		aerob	{'end': 8.0, 'start': 7.0}	Amherst (NY), USA	amber glass bottle	nitrifying activated sludge form aeration tank	bubbling air		1000.0		100.0			municipal WW								NH3 / NaHCO3 to maintain stable pH conditions						
CN(CCCO)C(=O)C1=C(C(=C(C(=C1I)NC(=O)COC)I)C(=O)NCCCO)I	https://envipath.org/package/521c547a-fd2a-491c-ad5b-7eaa1577fb65/pathway/c8a085c9-4f9d-44a1-beb0-e3a65e8fed72/node/2c4ee02f-31f4-4f53-8acb-31383bf43670	https://envipath.org/package/521c547a-fd2a-491c-ad5b-7eaa1577fb65/scenario/5b4e2929-014a-4845-9fb3-1f96a7b764c1	DOI: 10.1021/es060835v	https://envipath.org/package/521c547a-fd2a-491c-ad5b-7eaa1577fb65/pathway/c8a085c9-4f9d-44a1-beb0-e3a65e8fed72		aerob	{'end': 8.2, 'start': 6.1}	Amherst (NY), USA	glass flasks wrapped in aluminium foil	nitrification aeration bassin	stirring	sludge retention time	5000.0	3.3	250.0			municipal WW						nitrification		no allylthiourea		50.0				
CN(CC(C(=O)O)O)C(=O)C1=C(C(=C(C(=C1I)NC(=O)COC)I)C(=O)NCC(CO)O)I	https://envipath.org/package/521c547a-fd2a-491c-ad5b-7eaa1577fb65/pathway/c8a085c9-4f9d-44a1-beb0-e3a65e8fed72/node/6b3c4c07-9b75-4bc3-9301-f3bdd7111676	https://envipath.org/package/521c547a-fd2a-491c-ad5b-7eaa1577fb65/scenario/798029b2-f5b2-4fe3-b019-d20d75579568	DOI: 10.1021/ac0518809	https://envipath.org/package/521c547a-fd2a-491c-ad5b-7eaa1577fb65/pathway/c8a085c9-4f9d-44a1-beb0-e3a65e8fed72		aerob		Amherst (NY), USA	amber glass bottle	conventional activated sludge form aeration tank	bubbling air		1000.0		10000.0			municipal WW														
CN(CC(C(=O)O)O)C(=O)C1=C(C(=C(C(=C1I)NC(=O)COC)I)C(=O)NCC(CO)O)I	https://envipath.org/package/521c547a-fd2a-491c-ad5b-7eaa1577fb65/pathway/c8a085c9-4f9d-44a1-beb0-e3a65e8fed72/node/6b3c4c07-9b75-4bc3-9301-f3bdd7111676	https://envipath.org/package/521c547a-fd2a-491c-ad5b-7eaa1577fb65/scenario/99d5c898-8a31-470a-8ac3-6b0f011e19ae	DOI: 10.1021/ac0518809	https://envipath.org/package/521c547a-fd2a-491c-ad5b-7eaa1577fb65/pathway/c8a085c9-4f9d-44a1-beb0-e3a65e8fed72		aerob		Amherst (NY), USA	amber glass bottle	conventional activated sludge form aeration tank	bubbling air		1000.0		100.0			municipal WW														
CN(CC(C(=O)O)O)C(=O)C1=C(C(=C(C(=C1I)NC(=O)COC)I)C(=O)NCC(C(=O)O)O)I	https://envipath.org/package/521c547a-fd2a-491c-ad5b-7eaa1577fb65/pathway/c8a085c9-4f9d-44a1-beb0-e3a65e8fed72/node/4ca8c73c-b6c2-4148-b6a7-3f369b55660b	https://envipath.org/package/521c547a-fd2a-491c-ad5b-7eaa1577fb65/scenario/798029b2-f5b2-4fe3-b019-d20d75579568	DOI: 10.1021/ac0518809	https://envipath.org/package/521c547a-fd2a-491c-ad5b-7eaa1577fb65/pathway/c8a085c9-4f9d-44a1-beb0-e3a65e8fed72		aerob		Amherst (NY), USA	amber glass bottle	conventional activated sludge form aeration tank	bubbling air		1000.0		10000.0			municipal WW														
CN(CC(C(=O)O)O)C(=O)C1=C(C(=C(C(=C1I)NC(=O)COC)I)C(=O)NCC(C(=O)O)O)I	https://envipath.org/package/521c547a-fd2a-491c-ad5b-7eaa1577fb65/pathway/c8a085c9-4f9d-44a1-beb0-e3a65e8fed72/node/4ca8c73c-b6c2-4148-b6a7-3f369b55660b	https://envipath.org/package/521c547a-fd2a-491c-ad5b-7eaa1577fb65/scenario/99d5c898-8a31-470a-8ac3-6b0f011e19ae	DOI: 10.1021/ac0518809	https://envipath.org/package/521c547a-fd2a-491c-ad5b-7eaa1577fb65/pathway/c8a085c9-4f9d-44a1-beb0-e3a65e8fed72		aerob		Amherst (NY), USA	amber glass bottle	conventional activated sludge form aeration tank	bubbling air		1000.0		100.0			municipal WW														
CN(CC(CO)O)C(=O)C1=C(C(=C(C(=C1I)NC(=O)COC)I)C(=O)NCC(CO)O)I	https://envipath.org/package/521c547a-fd2a-491c-ad5b-7eaa1577fb65/pathway/c8a085c9-4f9d-44a1-beb0-e3a65e8fed72/node/d4ef56c4-2aed-4b30-b809-2c3d370b690d	https://envipath.org/package/521c547a-fd2a-491c-ad5b-7eaa1577fb65/scenario/b418d843-04c7-4ac3-b7c6-c3717c9b0d33	DOI: 10.1021/es060835v	https://envipath.org/package/521c547a-fd2a-491c-ad5b-7eaa1577fb65/pathway/c8a085c9-4f9d-44a1-beb0-e3a65e8fed72																					no comment							
CN(CC(CO)O)C(=O)C1=C(C(=C(C(=C1I)NC(=O)COC)I)C(=O)NCC(CO)O)I	https://envipath.org/package/521c547a-fd2a-491c-ad5b-7eaa1577fb65/pathway/c8a085c9-4f9d-44a1-beb0-e3a65e8fed72/node/d4ef56c4-2aed-4b30-b809-2c3d370b690d	https://envipath.org/package/521c547a-fd2a-491c-ad5b-7eaa1577fb65/scenario/798029b2-f5b2-4fe3-b019-d20d75579568	DOI: 10.1021/ac0518809	https://envipath.org/package/521c547a-fd2a-491c-ad5b-7eaa1577fb65/pathway/c8a085c9-4f9d-44a1-beb0-e3a65e8fed72		aerob		Amherst (NY), USA	amber glass bottle	conventional activated sludge form aeration tank	bubbling air		1000.0		10000.0			municipal WW														
CN(CC(CO)O)C(=O)C1=C(C(=C(C(=C1I)NC(=O)COC)I)C(=O)NCC(CO)O)I	https://envipath.org/package/521c547a-fd2a-491c-ad5b-7eaa1577fb65/pathway/c8a085c9-4f9d-44a1-beb0-e3a65e8fed72/node/d4ef56c4-2aed-4b30-b809-2c3d370b690d	https://envipath.org/package/521c547a-fd2a-491c-ad5b-7eaa1577fb65/scenario/37a34887-295c-4664-a3d5-cc2172fd5750	DOI: 10.1021/es060835v	https://envipath.org/package/521c547a-fd2a-491c-ad5b-7eaa1577fb65/pathway/c8a085c9-4f9d-44a1-beb0-e3a65e8fed72																					no comment							
CN(CC(CO)O)C(=O)C1=C(C(=C(C(=C1I)NC(=O)COC)I)C(=O)NCC(CO)O)I	https://envipath.org/package/521c547a-fd2a-491c-ad5b-7eaa1577fb65/pathway/c8a085c9-4f9d-44a1-beb0-e3a65e8fed72/node/d4ef56c4-2aed-4b30-b809-2c3d370b690d	https://envipath.org/package/521c547a-fd2a-491c-ad5b-7eaa1577fb65/scenario/727119e6-7106-485e-a1c2-32848818fce3	DOI: 10.1021/ac0518809	https://envipath.org/package/521c547a-fd2a-491c-ad5b-7eaa1577fb65/pathway/c8a085c9-4f9d-44a1-beb0-e3a65e8fed72		aerob	{'end': 8.0, 'start': 7.0}	Amherst (NY), USA	amber glass bottle	nitrifying activated sludge form aeration tank	bubbling air		1000.0		10000.0			municipal WW								NH3 / NaHCO3 to maintain stable pH conditions						
CN(CC(CO)O)C(=O)C1=C(C(=C(C(=C1I)NC(=O)COC)I)C(=O)NCC(CO)O)I	https://envipath.org/package/521c547a-fd2a-491c-ad5b-7eaa1577fb65/pathway/c8a085c9-4f9d-44a1-beb0-e3a65e8fed72/node/d4ef56c4-2aed-4b30-b809-2c3d370b690d	https://envipath.org/package/521c547a-fd2a-491c-ad5b-7eaa1577fb65/scenario/05f9801d-9725-42a1-93ec-7e698ed26f3f	DOI: 10.1021/ac0518809	https://envipath.org/package/521c547a-fd2a-491c-ad5b-7eaa1577fb65/pathway/c8a085c9-4f9d-44a1-beb0-e3a65e8fed72		aerob	{'end': 8.0, 'start': 7.0}	Amherst (NY), USA	amber glass bottle	nitrifying activated sludge form aeration tank	bubbling air		1000.0		100.0			municipal WW								NH3 / NaHCO3 to maintain stable pH conditions						
CN(CC(CO)O)C(=O)C1=C(C(=C(C(=C1I)NC(=O)COC)I)C(=O)NCC(CO)O)I	https://envipath.org/package/521c547a-fd2a-491c-ad5b-7eaa1577fb65/pathway/c8a085c9-4f9d-44a1-beb0-e3a65e8fed72/node/d4ef56c4-2aed-4b30-b809-2c3d370b690d	https://envipath.org/package/521c547a-fd2a-491c-ad5b-7eaa1577fb65/scenario/99d5c898-8a31-470a-8ac3-6b0f011e19ae	DOI: 10.1021/ac0518809	https://envipath.org/package/521c547a-fd2a-491c-ad5b-7eaa1577fb65/pathway/c8a085c9-4f9d-44a1-beb0-e3a65e8fed72		aerob		Amherst (NY), USA	amber glass bottle	conventional activated sludge form aeration tank	bubbling air		1000.0		100.0			municipal WW														
CN(CC(CO)O)C(=O)C1=C(C(=C(C(=C1I)NC(=O)COC)I)C(=O)NCC(C(=O)O)O)I	https://envipath.org/package/521c547a-fd2a-491c-ad5b-7eaa1577fb65/pathway/c8a085c9-4f9d-44a1-beb0-e3a65e8fed72/node/ee113563-9bf9-4ecf-a331-f69f803bac6c	https://envipath.org/package/521c547a-fd2a-491c-ad5b-7eaa1577fb65/scenario/798029b2-f5b2-4fe3-b019-d20d75579568	DOI: 10.1021/ac0518809	https://envipath.org/package/521c547a-fd2a-491c-ad5b-7eaa1577fb65/pathway/c8a085c9-4f9d-44a1-beb0-e3a65e8fed72		aerob		Amherst (NY), USA	amber glass bottle	conventional activated sludge form aeration tank	bubbling air		1000.0		10000.0			municipal WW														
CN(CC(CO)O)C(=O)C1=C(C(=C(C(=C1I)NC(=O)COC)I)C(=O)NCC(C(=O)O)O)I	https://envipath.org/package/521c547a-fd2a-491c-ad5b-7eaa1577fb65/pathway/c8a085c9-4f9d-44a1-beb0-e3a65e8fed72/node/ee113563-9bf9-4ecf-a331-f69f803bac6c	https://envipath.org/package/521c547a-fd2a-491c-ad5b-7eaa1577fb65/scenario/62afd7bd-dffa-4933-a0da-96449e85ac02	DOI: 10.1021/es060835v	https://envipath.org/package/521c547a-fd2a-491c-ad5b-7eaa1577fb65/pathway/c8a085c9-4f9d-44a1-beb0-e3a65e8fed72		aerob	{'end': 8.2, 'start': 7.7}	Amherst (NY), USA	glass flasks wrapped in aluminium foil	nitrification aeration bassin	stirring	sludge retention time	5000.0	3.3	250.0			municipal WW						nitrification		addition of allylthiourea: 5 mg/L final concentration; added to inhibit nitrification by the ammonia oxidizing bacteria		50.0				
CN(CC(CO)O)C(=O)C1=C(C(=C(C(=C1I)NC(=O)COC)I)C(=O)NCC(C(=O)O)O)I	https://envipath.org/package/521c547a-fd2a-491c-ad5b-7eaa1577fb65/pathway/c8a085c9-4f9d-44a1-beb0-e3a65e8fed72/node/ee113563-9bf9-4ecf-a331-f69f803bac6c	https://envipath.org/package/521c547a-fd2a-491c-ad5b-7eaa1577fb65/scenario/99d5c898-8a31-470a-8ac3-6b0f011e19ae	DOI: 10.1021/ac0518809	https://envipath.org/package/521c547a-fd2a-491c-ad5b-7eaa1577fb65/pathway/c8a085c9-4f9d-44a1-beb0-e3a65e8fed72		aerob		Amherst (NY), USA	amber glass bottle	conventional activated sludge form aeration tank	bubbling air		1000.0		100.0			municipal WW														
C(C(=O)O)OCN1C=NC2=C1NC(=NC2=O)N	https://envipath.org/package/521c547a-fd2a-491c-ad5b-7eaa1577fb65/pathway/198d9d02-62b5-4604-961d-f39b8cf1b933/node/9cc27beb-887a-4443-80a4-b85e42e293e3	https://envipath.org/package/521c547a-fd2a-491c-ad5b-7eaa1577fb65/scenario/9c199cb0-90f5-4623-8864-635d01937ef4	DOI: 10.1021/es103732y	https://envipath.org/package/521c547a-fd2a-491c-ad5b-7eaa1577fb65/pathway/198d9d02-62b5-4604-961d-f39b8cf1b933		aerob	{'end': 7.0, 'start': 7.0}		amber glass bottle	nitrification zone of activated slude unit	bubbling air and stirring	sludge retention time	31.0		150000.0	spiking in solvent	{'end': 22.0, 'start': 22.0}	municipal WW			pristine groundwater			nitrification & denitrification								
C(COCN1C=NC2=C1NC(=NC2=O)N)O	https://envipath.org/package/521c547a-fd2a-491c-ad5b-7eaa1577fb65/pathway/198d9d02-62b5-4604-961d-f39b8cf1b933/node/a9db32f3-f7b1-4914-ae49-c5128937944f	https://envipath.org/package/521c547a-fd2a-491c-ad5b-7eaa1577fb65/scenario/0c4fa581-8247-487c-8f30-461339e2d837	no description	https://envipath.org/package/521c547a-fd2a-491c-ad5b-7eaa1577fb65/pathway/198d9d02-62b5-4604-961d-f39b8cf1b933																		sorption corrected			no comment							
C(COCN1C=NC2=C1NC(=NC2=O)N)O	https://envipath.org/package/521c547a-fd2a-491c-ad5b-7eaa1577fb65/pathway/198d9d02-62b5-4604-961d-f39b8cf1b933/node/a9db32f3-f7b1-4914-ae49-c5128937944f	https://envipath.org/package/521c547a-fd2a-491c-ad5b-7eaa1577fb65/scenario/9c199cb0-90f5-4623-8864-635d01937ef4	DOI: 10.1021/es103732y	https://envipath.org/package/521c547a-fd2a-491c-ad5b-7eaa1577fb65/pathway/198d9d02-62b5-4604-961d-f39b8cf1b933		aerob	{'end': 7.0, 'start': 7.0}		amber glass bottle	nitrification zone of activated slude unit	bubbling air and stirring	sludge retention time	31.0		150000.0	spiking in solvent	{'end': 22.0, 'start': 22.0}	municipal WW			pristine groundwater			nitrification & denitrification								
C=C(CCN1C=NC2=C1NC(=NC2=O)N)C(=O)O	https://envipath.org/package/521c547a-fd2a-491c-ad5b-7eaa1577fb65/pathway/8f40c588-c855-4e2d-a4a2-d7edf1be928b/node/782399c0-11b9-47b1-9073-bdad08c3d467	https://envipath.org/package/521c547a-fd2a-491c-ad5b-7eaa1577fb65/scenario/9c199cb0-90f5-4623-8864-635d01937ef4	DOI: 10.1021/es103732y	https://envipath.org/package/521c547a-fd2a-491c-ad5b-7eaa1577fb65/pathway/8f40c588-c855-4e2d-a4a2-d7edf1be928b		aerob	{'end': 7.0, 'start': 7.0}		amber glass bottle	nitrification zone of activated slude unit	bubbling air and stirring	sludge retention time	31.0		150000.0	spiking in solvent	{'end': 22.0, 'start': 22.0}	municipal WW			pristine groundwater			nitrification & denitrification								
C(C(=O)O)N1C=NC2=C1NC(=NC2=O)N	https://envipath.org/package/521c547a-fd2a-491c-ad5b-7eaa1577fb65/pathway/8f40c588-c855-4e2d-a4a2-d7edf1be928b/node/b25a877e-a804-4921-b6f4-a8fe1c2bd63e	https://envipath.org/package/521c547a-fd2a-491c-ad5b-7eaa1577fb65/scenario/9c199cb0-90f5-4623-8864-635d01937ef4	DOI: 10.1021/es103732y	https://envipath.org/package/521c547a-fd2a-491c-ad5b-7eaa1577fb65/pathway/8f40c588-c855-4e2d-a4a2-d7edf1be928b		aerob	{'end': 7.0, 'start': 7.0}		amber glass bottle	nitrification zone of activated slude unit	bubbling air and stirring	sludge retention time	31.0		150000.0	spiking in solvent	{'end': 22.0, 'start': 22.0}	municipal WW			pristine groundwater			nitrification & denitrification								
C(CN1C=NC2=C1NC(=NC2=O)N)C(CO)C(=O)O	https://envipath.org/package/521c547a-fd2a-491c-ad5b-7eaa1577fb65/pathway/8f40c588-c855-4e2d-a4a2-d7edf1be928b/node/c37f614a-93ee-4d49-88b1-206bb11dedb8	https://envipath.org/package/521c547a-fd2a-491c-ad5b-7eaa1577fb65/scenario/9c199cb0-90f5-4623-8864-635d01937ef4	DOI: 10.1021/es103732y	https://envipath.org/package/521c547a-fd2a-491c-ad5b-7eaa1577fb65/pathway/8f40c588-c855-4e2d-a4a2-d7edf1be928b		aerob	{'end': 7.0, 'start': 7.0}		amber glass bottle	nitrification zone of activated slude unit	bubbling air and stirring	sludge retention time	31.0		150000.0	spiking in solvent	{'end': 22.0, 'start': 22.0}	municipal WW			pristine groundwater			nitrification & denitrification								
CC(CCN1C=NC2=C1NC(=NC2=O)N)(C=O)O	https://envipath.org/package/521c547a-fd2a-491c-ad5b-7eaa1577fb65/pathway/8f40c588-c855-4e2d-a4a2-d7edf1be928b/node/5b9853ab-ae3e-4f45-ab8a-fceec751b056	https://envipath.org/package/521c547a-fd2a-491c-ad5b-7eaa1577fb65/scenario/9c199cb0-90f5-4623-8864-635d01937ef4	DOI: 10.1021/es103732y	https://envipath.org/package/521c547a-fd2a-491c-ad5b-7eaa1577fb65/pathway/8f40c588-c855-4e2d-a4a2-d7edf1be928b		aerob	{'end': 7.0, 'start': 7.0}		amber glass bottle	nitrification zone of activated slude unit	bubbling air and stirring	sludge retention time	31.0		150000.0	spiking in solvent	{'end': 22.0, 'start': 22.0}	municipal WW			pristine groundwater			nitrification & denitrification								
C=C(CCN1C=NC2=C1NC(=NC2=O)N)C=O	https://envipath.org/package/521c547a-fd2a-491c-ad5b-7eaa1577fb65/pathway/8f40c588-c855-4e2d-a4a2-d7edf1be928b/node/4878e812-cf3a-4ccb-8f51-48163c31b900	https://envipath.org/package/521c547a-fd2a-491c-ad5b-7eaa1577fb65/scenario/9c199cb0-90f5-4623-8864-635d01937ef4	DOI: 10.1021/es103732y	https://envipath.org/package/521c547a-fd2a-491c-ad5b-7eaa1577fb65/pathway/8f40c588-c855-4e2d-a4a2-d7edf1be928b		aerob	{'end': 7.0, 'start': 7.0}		amber glass bottle	nitrification zone of activated slude unit	bubbling air and stirring	sludge retention time	31.0		150000.0	spiking in solvent	{'end': 22.0, 'start': 22.0}	municipal WW			pristine groundwater			nitrification & denitrification								
C(CN1C=NC2=C1NC(=NC2=O)N)C(C=O)C=O	https://envipath.org/package/521c547a-fd2a-491c-ad5b-7eaa1577fb65/pathway/8f40c588-c855-4e2d-a4a2-d7edf1be928b/node/f87a8577-ccb5-4e8a-b3c2-75210ff68aed	https://envipath.org/package/521c547a-fd2a-491c-ad5b-7eaa1577fb65/scenario/9c199cb0-90f5-4623-8864-635d01937ef4	DOI: 10.1021/es103732y	https://envipath.org/package/521c547a-fd2a-491c-ad5b-7eaa1577fb65/pathway/8f40c588-c855-4e2d-a4a2-d7edf1be928b		aerob	{'end': 7.0, 'start': 7.0}		amber glass bottle	nitrification zone of activated slude unit	bubbling air and stirring	sludge retention time	31.0		150000.0	spiking in solvent	{'end': 22.0, 'start': 22.0}	municipal WW			pristine groundwater			nitrification & denitrification								
C(CC(=O)O)CN1C=NC2=C1NC(=NC2=O)N	https://envipath.org/package/521c547a-fd2a-491c-ad5b-7eaa1577fb65/pathway/8f40c588-c855-4e2d-a4a2-d7edf1be928b/node/f537ccde-fa0c-4df7-97e7-af0351cfeb31	https://envipath.org/package/521c547a-fd2a-491c-ad5b-7eaa1577fb65/scenario/9c199cb0-90f5-4623-8864-635d01937ef4	DOI: 10.1021/es103732y	https://envipath.org/package/521c547a-fd2a-491c-ad5b-7eaa1577fb65/pathway/8f40c588-c855-4e2d-a4a2-d7edf1be928b		aerob	{'end': 7.0, 'start': 7.0}		amber glass bottle	nitrification zone of activated slude unit	bubbling air and stirring	sludge retention time	31.0		150000.0	spiking in solvent	{'end': 22.0, 'start': 22.0}	municipal WW			pristine groundwater			nitrification & denitrification								
C(CN1C=NC2=C1NC(=NC2=O)N)C(C(=O)O)C(=O)O	https://envipath.org/package/521c547a-fd2a-491c-ad5b-7eaa1577fb65/pathway/8f40c588-c855-4e2d-a4a2-d7edf1be928b/node/7515ff52-5905-4e23-9757-6872e168c97d	https://envipath.org/package/521c547a-fd2a-491c-ad5b-7eaa1577fb65/scenario/9c199cb0-90f5-4623-8864-635d01937ef4	DOI: 10.1021/es103732y	https://envipath.org/package/521c547a-fd2a-491c-ad5b-7eaa1577fb65/pathway/8f40c588-c855-4e2d-a4a2-d7edf1be928b		aerob	{'end': 7.0, 'start': 7.0}		amber glass bottle	nitrification zone of activated slude unit	bubbling air and stirring	sludge retention time	31.0		150000.0	spiking in solvent	{'end': 22.0, 'start': 22.0}	municipal WW			pristine groundwater			nitrification & denitrification								
C(CN1C=NC2=C1NC(=NC2=O)N)C(CO)CO	https://envipath.org/package/521c547a-fd2a-491c-ad5b-7eaa1577fb65/pathway/8f40c588-c855-4e2d-a4a2-d7edf1be928b/node/34f637cf-4df6-4ce2-aed3-c4375b723bd1	https://envipath.org/package/521c547a-fd2a-491c-ad5b-7eaa1577fb65/scenario/e4b6e0ad-73d2-4c91-bbec-ea1725d3153e	no description	https://envipath.org/package/521c547a-fd2a-491c-ad5b-7eaa1577fb65/pathway/8f40c588-c855-4e2d-a4a2-d7edf1be928b																		sorption corrected			no comment							
C(CN1C=NC2=C1NC(=NC2=O)N)C(CO)CO	https://envipath.org/package/521c547a-fd2a-491c-ad5b-7eaa1577fb65/pathway/8f40c588-c855-4e2d-a4a2-d7edf1be928b/node/34f637cf-4df6-4ce2-aed3-c4375b723bd1	https://envipath.org/package/521c547a-fd2a-491c-ad5b-7eaa1577fb65/scenario/9c199cb0-90f5-4623-8864-635d01937ef4	DOI: 10.1021/es103732y	https://envipath.org/package/521c547a-fd2a-491c-ad5b-7eaa1577fb65/pathway/8f40c588-c855-4e2d-a4a2-d7edf1be928b		aerob	{'end': 7.0, 'start': 7.0}		amber glass bottle	nitrification zone of activated slude unit	bubbling air and stirring	sludge retention time	31.0		150000.0	spiking in solvent	{'end': 22.0, 'start': 22.0}	municipal WW			pristine groundwater			nitrification & denitrification								
CC(C1=CC2=CC=C(C=C2C=C1)OC)O	https://envipath.org/package/521c547a-fd2a-491c-ad5b-7eaa1577fb65/pathway/483b1d67-87ad-43a7-85ac-60c3df7c7a6b/node/4c3d9607-7959-4996-b720-50df19b971f6	https://envipath.org/package/521c547a-fd2a-491c-ad5b-7eaa1577fb65/scenario/ee0e59a2-3284-4bd6-a5b2-a0fcd1512bbc	https://doi.org/10.1016/j.jhydrol.2009.04.006	https://envipath.org/package/521c547a-fd2a-491c-ad5b-7eaa1577fb65/pathway/483b1d67-87ad-43a7-85ac-60c3df7c7a6b		aerob	{'end': 7.7, 'start': 7.3}	Slovenia	pilot WWTP reactor		bubbling air				50.0	other	{'end': 22.0, 'start': 22.0}	municipal WW			artificial WW		standard aquarium aerators (membrane pump with porous stone)									
CC(C1=CC2=CC=C(C=C2C=C1)OC)O	https://envipath.org/package/521c547a-fd2a-491c-ad5b-7eaa1577fb65/pathway/483b1d67-87ad-43a7-85ac-60c3df7c7a6b/node/4c3d9607-7959-4996-b720-50df19b971f6	https://envipath.org/package/521c547a-fd2a-491c-ad5b-7eaa1577fb65/scenario/efdce5e3-1d68-40e1-8254-99472efb9920	https://doi.org/10.1016/j.jhydrol.2009.04.006	https://envipath.org/package/521c547a-fd2a-491c-ad5b-7eaa1577fb65/pathway/483b1d67-87ad-43a7-85ac-60c3df7c7a6b		aerob	{'end': 7.7, 'start': 7.3}	Slovenia	pilot WWTP reactor		bubbling air				5.0	other	{'end': 22.0, 'start': 22.0}	municipal WW			artificial WW		standard aquarium aerators (membrane pump with porous stone)									
CC(C1=CC2=CC=C(C=C2C=C1)O)C(=O)O	https://envipath.org/package/521c547a-fd2a-491c-ad5b-7eaa1577fb65/pathway/483b1d67-87ad-43a7-85ac-60c3df7c7a6b/node/6f269379-f477-4271-b9e9-0f10a0e00aa4	https://envipath.org/package/521c547a-fd2a-491c-ad5b-7eaa1577fb65/scenario/eabb854d-765b-4fa1-8757-f2c9098585b6	no description	https://envipath.org/package/521c547a-fd2a-491c-ad5b-7eaa1577fb65/pathway/483b1d67-87ad-43a7-85ac-60c3df7c7a6b	2																											
CC(C1=CC2=CC=C(C=C2C=C1)O)C(=O)O	https://envipath.org/package/521c547a-fd2a-491c-ad5b-7eaa1577fb65/pathway/483b1d67-87ad-43a7-85ac-60c3df7c7a6b/node/6f269379-f477-4271-b9e9-0f10a0e00aa4	https://envipath.org/package/521c547a-fd2a-491c-ad5b-7eaa1577fb65/scenario/84a95a80-f52e-411e-bdd7-23c4dbf68703	no description	https://envipath.org/package/521c547a-fd2a-491c-ad5b-7eaa1577fb65/pathway/483b1d67-87ad-43a7-85ac-60c3df7c7a6b	2																											
CC(C1=CC2=CC=C(C=C2C=C1)O)C(=O)O	https://envipath.org/package/521c547a-fd2a-491c-ad5b-7eaa1577fb65/pathway/483b1d67-87ad-43a7-85ac-60c3df7c7a6b/node/6f269379-f477-4271-b9e9-0f10a0e00aa4	https://envipath.org/package/521c547a-fd2a-491c-ad5b-7eaa1577fb65/scenario/985c2300-9403-490f-a8f3-808c01c8f007	 https://doi.org/10.1016/j.watres.2005.04.068	https://envipath.org/package/521c547a-fd2a-491c-ad5b-7eaa1577fb65/pathway/483b1d67-87ad-43a7-85ac-60c3df7c7a6b				Germany	glass bottle	membrane Bioreactor conducting a single step biological treatment		sludge retention time			5000.0			municipal WW			deionized water					50mg/L powdered milk added once a week						55.0
CC(C1=CC2=CC=C(C=C2C=C1)O)C(=O)O	https://envipath.org/package/521c547a-fd2a-491c-ad5b-7eaa1577fb65/pathway/483b1d67-87ad-43a7-85ac-60c3df7c7a6b/node/6f269379-f477-4271-b9e9-0f10a0e00aa4	https://envipath.org/package/521c547a-fd2a-491c-ad5b-7eaa1577fb65/scenario/ae61f8b2-cea1-4b0e-a7e4-ea4ea1db7c70	no description	https://envipath.org/package/521c547a-fd2a-491c-ad5b-7eaa1577fb65/pathway/483b1d67-87ad-43a7-85ac-60c3df7c7a6b	2																											
CC(C1=CC2=CC=C(C=C2C=C1)OC)C(=O)O	https://envipath.org/package/521c547a-fd2a-491c-ad5b-7eaa1577fb65/pathway/483b1d67-87ad-43a7-85ac-60c3df7c7a6b/node/640b5a41-7a23-4fa4-9459-23bdfa3e5195	https://envipath.org/package/521c547a-fd2a-491c-ad5b-7eaa1577fb65/scenario/6efdd63e-d7c7-4cce-9c6e-cbf8161c1575	no description	https://envipath.org/package/521c547a-fd2a-491c-ad5b-7eaa1577fb65/pathway/483b1d67-87ad-43a7-85ac-60c3df7c7a6b	1																	sorption corrected & abiotic degradation corrected										
CC(C1=CC2=CC=C(C=C2C=C1)OC)C(=O)O	https://envipath.org/package/521c547a-fd2a-491c-ad5b-7eaa1577fb65/pathway/483b1d67-87ad-43a7-85ac-60c3df7c7a6b/node/640b5a41-7a23-4fa4-9459-23bdfa3e5195	https://envipath.org/package/521c547a-fd2a-491c-ad5b-7eaa1577fb65/scenario/ee0e59a2-3284-4bd6-a5b2-a0fcd1512bbc	https://doi.org/10.1016/j.jhydrol.2009.04.006	https://envipath.org/package/521c547a-fd2a-491c-ad5b-7eaa1577fb65/pathway/483b1d67-87ad-43a7-85ac-60c3df7c7a6b		aerob	{'end': 7.7, 'start': 7.3}	Slovenia	pilot WWTP reactor		bubbling air				50.0	other	{'end': 22.0, 'start': 22.0}	municipal WW			artificial WW		standard aquarium aerators (membrane pump with porous stone)									
CC(C1=CC2=CC=C(C=C2C=C1)OC)C(=O)O	https://envipath.org/package/521c547a-fd2a-491c-ad5b-7eaa1577fb65/pathway/483b1d67-87ad-43a7-85ac-60c3df7c7a6b/node/640b5a41-7a23-4fa4-9459-23bdfa3e5195	https://envipath.org/package/521c547a-fd2a-491c-ad5b-7eaa1577fb65/scenario/d72fb8c6-9978-42d0-a9d6-83d2ff70035b	no description	https://envipath.org/package/521c547a-fd2a-491c-ad5b-7eaa1577fb65/pathway/483b1d67-87ad-43a7-85ac-60c3df7c7a6b	1																	sorption corrected & abiotic degradation corrected										
CC(C1=CC2=CC=C(C=C2C=C1)OC)C(=O)O	https://envipath.org/package/521c547a-fd2a-491c-ad5b-7eaa1577fb65/pathway/483b1d67-87ad-43a7-85ac-60c3df7c7a6b/node/640b5a41-7a23-4fa4-9459-23bdfa3e5195	https://envipath.org/package/521c547a-fd2a-491c-ad5b-7eaa1577fb65/scenario/efdce5e3-1d68-40e1-8254-99472efb9920	https://doi.org/10.1016/j.jhydrol.2009.04.006	https://envipath.org/package/521c547a-fd2a-491c-ad5b-7eaa1577fb65/pathway/483b1d67-87ad-43a7-85ac-60c3df7c7a6b		aerob	{'end': 7.7, 'start': 7.3}	Slovenia	pilot WWTP reactor		bubbling air				5.0	other	{'end': 22.0, 'start': 22.0}	municipal WW			artificial WW		standard aquarium aerators (membrane pump with porous stone)									
CC(C1=CC2=CC=C(C=C2C=C1)OC)C(=O)O	https://envipath.org/package/521c547a-fd2a-491c-ad5b-7eaa1577fb65/pathway/483b1d67-87ad-43a7-85ac-60c3df7c7a6b/node/640b5a41-7a23-4fa4-9459-23bdfa3e5195	https://envipath.org/package/521c547a-fd2a-491c-ad5b-7eaa1577fb65/scenario/9b4e5986-7533-4849-8208-071941b821c3	no description	https://envipath.org/package/521c547a-fd2a-491c-ad5b-7eaa1577fb65/pathway/483b1d67-87ad-43a7-85ac-60c3df7c7a6b	1																	sorption corrected & abiotic degradation corrected										
CC(C1=CC2=CC=C(C=C2C=C1)OC)C(=O)O	https://envipath.org/package/521c547a-fd2a-491c-ad5b-7eaa1577fb65/pathway/483b1d67-87ad-43a7-85ac-60c3df7c7a6b/node/640b5a41-7a23-4fa4-9459-23bdfa3e5195	https://envipath.org/package/521c547a-fd2a-491c-ad5b-7eaa1577fb65/scenario/985c2300-9403-490f-a8f3-808c01c8f007	 https://doi.org/10.1016/j.watres.2005.04.068	https://envipath.org/package/521c547a-fd2a-491c-ad5b-7eaa1577fb65/pathway/483b1d67-87ad-43a7-85ac-60c3df7c7a6b				Germany	glass bottle	membrane Bioreactor conducting a single step biological treatment		sludge retention time			5000.0			municipal WW			deionized water					50mg/L powdered milk added once a week						55.0
CC(C1=CC2=CC=C(C=C2C=C1)OC)C(=O)O	https://envipath.org/package/521c547a-fd2a-491c-ad5b-7eaa1577fb65/pathway/483b1d67-87ad-43a7-85ac-60c3df7c7a6b/node/640b5a41-7a23-4fa4-9459-23bdfa3e5195	https://envipath.org/package/521c547a-fd2a-491c-ad5b-7eaa1577fb65/scenario/37a41055-3374-48a7-aafe-db4c9ece32e4	 https://doi.org/10.1016/j.watres.2005.04.068	https://envipath.org/package/521c547a-fd2a-491c-ad5b-7eaa1577fb65/pathway/483b1d67-87ad-43a7-85ac-60c3df7c7a6b				Germany	glass bottle	membrane Bioreactor conducting a single step biological treatment		sludge retention time			20000.0			municipal WW			deionized water											
CC(C1=CC2=CC=C(C=C2C=C1)OC)C(=O)O	https://envipath.org/package/521c547a-fd2a-491c-ad5b-7eaa1577fb65/pathway/483b1d67-87ad-43a7-85ac-60c3df7c7a6b/node/640b5a41-7a23-4fa4-9459-23bdfa3e5195	https://envipath.org/package/521c547a-fd2a-491c-ad5b-7eaa1577fb65/scenario/60659a69-e633-463e-9e7d-2998096a91a1	no description	https://envipath.org/package/521c547a-fd2a-491c-ad5b-7eaa1577fb65/pathway/483b1d67-87ad-43a7-85ac-60c3df7c7a6b																		sorption corrected & abiotic degradation corrected										
CC(C1=C(C(=C2C=C(C=CC2=C1)OC)O)O)C(=O)O	https://envipath.org/package/521c547a-fd2a-491c-ad5b-7eaa1577fb65/pathway/483b1d67-87ad-43a7-85ac-60c3df7c7a6b/node/e57b0229-e0be-44c2-9eae-9741cc46ffe4	https://envipath.org/package/521c547a-fd2a-491c-ad5b-7eaa1577fb65/scenario/37a4d1e9-0b01-4294-9541-3d450e7b879e	no description	https://envipath.org/package/521c547a-fd2a-491c-ad5b-7eaa1577fb65/pathway/483b1d67-87ad-43a7-85ac-60c3df7c7a6b	2																											
CC(C1=C(C(=C2C=C(C=CC2=C1)OC)O)O)C(=O)O	https://envipath.org/package/521c547a-fd2a-491c-ad5b-7eaa1577fb65/pathway/483b1d67-87ad-43a7-85ac-60c3df7c7a6b/node/e57b0229-e0be-44c2-9eae-9741cc46ffe4	https://envipath.org/package/521c547a-fd2a-491c-ad5b-7eaa1577fb65/scenario/a1dd039b-5368-437c-a639-53052ee6d94e	no description	https://envipath.org/package/521c547a-fd2a-491c-ad5b-7eaa1577fb65/pathway/483b1d67-87ad-43a7-85ac-60c3df7c7a6b	2																											
CC(C1=C(C(=C2C=C(C=CC2=C1)OC)O)O)C(=O)O	https://envipath.org/package/521c547a-fd2a-491c-ad5b-7eaa1577fb65/pathway/483b1d67-87ad-43a7-85ac-60c3df7c7a6b/node/e57b0229-e0be-44c2-9eae-9741cc46ffe4	https://envipath.org/package/521c547a-fd2a-491c-ad5b-7eaa1577fb65/scenario/1f478012-14c2-4c4d-9dde-5bcf5d812dcd	no description	https://envipath.org/package/521c547a-fd2a-491c-ad5b-7eaa1577fb65/pathway/483b1d67-87ad-43a7-85ac-60c3df7c7a6b	2																											
COCC1=C(C=CC=C1)NC2=C(C=CC=C2Cl)Cl	https://envipath.org/package/521c547a-fd2a-491c-ad5b-7eaa1577fb65/pathway/0edf2afb-7c2e-4aca-9900-209f1bd86207/node/dc1deb85-ce29-4f41-bf2d-9e2479745d11	https://envipath.org/package/521c547a-fd2a-491c-ad5b-7eaa1577fb65/scenario/ee0e59a2-3284-4bd6-a5b2-a0fcd1512bbc	https://doi.org/10.1016/j.jhydrol.2009.04.006	https://envipath.org/package/521c547a-fd2a-491c-ad5b-7eaa1577fb65/pathway/0edf2afb-7c2e-4aca-9900-209f1bd86207		aerob	{'end': 7.7, 'start': 7.3}	Slovenia	pilot WWTP reactor		bubbling air				50.0	other	{'end': 22.0, 'start': 22.0}	municipal WW			artificial WW		standard aquarium aerators (membrane pump with porous stone)									
COCC1=C(C=CC=C1)NC2=C(C=CC=C2Cl)Cl	https://envipath.org/package/521c547a-fd2a-491c-ad5b-7eaa1577fb65/pathway/0edf2afb-7c2e-4aca-9900-209f1bd86207/node/dc1deb85-ce29-4f41-bf2d-9e2479745d11	https://envipath.org/package/521c547a-fd2a-491c-ad5b-7eaa1577fb65/scenario/efdce5e3-1d68-40e1-8254-99472efb9920	https://doi.org/10.1016/j.jhydrol.2009.04.006	https://envipath.org/package/521c547a-fd2a-491c-ad5b-7eaa1577fb65/pathway/0edf2afb-7c2e-4aca-9900-209f1bd86207		aerob	{'end': 7.7, 'start': 7.3}	Slovenia	pilot WWTP reactor		bubbling air				5.0	other	{'end': 22.0, 'start': 22.0}	municipal WW			artificial WW		standard aquarium aerators (membrane pump with porous stone)									
C1=CC(=C(C=C1)NC2=C(C=CC=C2Cl)Cl)CO	https://envipath.org/package/521c547a-fd2a-491c-ad5b-7eaa1577fb65/pathway/0edf2afb-7c2e-4aca-9900-209f1bd86207/node/3fade3cc-9a72-429d-a78c-3c576cca4752	https://envipath.org/package/521c547a-fd2a-491c-ad5b-7eaa1577fb65/scenario/ee0e59a2-3284-4bd6-a5b2-a0fcd1512bbc	https://doi.org/10.1016/j.jhydrol.2009.04.006	https://envipath.org/package/521c547a-fd2a-491c-ad5b-7eaa1577fb65/pathway/0edf2afb-7c2e-4aca-9900-209f1bd86207		aerob	{'end': 7.7, 'start': 7.3}	Slovenia	pilot WWTP reactor		bubbling air				50.0	other	{'end': 22.0, 'start': 22.0}	municipal WW			artificial WW		standard aquarium aerators (membrane pump with porous stone)									
C1=CC(=C(C=C1)NC2=C(C=CC=C2Cl)Cl)CO	https://envipath.org/package/521c547a-fd2a-491c-ad5b-7eaa1577fb65/pathway/0edf2afb-7c2e-4aca-9900-209f1bd86207/node/3fade3cc-9a72-429d-a78c-3c576cca4752	https://envipath.org/package/521c547a-fd2a-491c-ad5b-7eaa1577fb65/scenario/efdce5e3-1d68-40e1-8254-99472efb9920	https://doi.org/10.1016/j.jhydrol.2009.04.006	https://envipath.org/package/521c547a-fd2a-491c-ad5b-7eaa1577fb65/pathway/0edf2afb-7c2e-4aca-9900-209f1bd86207		aerob	{'end': 7.7, 'start': 7.3}	Slovenia	pilot WWTP reactor		bubbling air				5.0	other	{'end': 22.0, 'start': 22.0}	municipal WW			artificial WW		standard aquarium aerators (membrane pump with porous stone)									
C1=CC(=C(C=C1)NC2=C(C=CC=C2Cl)Cl)CC(=O)O	https://envipath.org/package/521c547a-fd2a-491c-ad5b-7eaa1577fb65/pathway/0edf2afb-7c2e-4aca-9900-209f1bd86207/node/d9351f11-d98a-48d4-bcdc-b07d62899ce6	https://envipath.org/package/521c547a-fd2a-491c-ad5b-7eaa1577fb65/scenario/02800353-f2b5-4fc5-a05a-7fefd647a6c5	https://doi.org/10.1016/j.jhydrol.2009.04.006	https://envipath.org/package/521c547a-fd2a-491c-ad5b-7eaa1577fb65/pathway/0edf2afb-7c2e-4aca-9900-209f1bd86207		aerob		Slovenia	flow through bioreactor (pilot WWTP reactor)		bubbling air				50.0	other	{'end': 19.0, 'start': 19.0}	municipal WW			artificial WW		standard aquarium aerators (membrane pump with porous stone)									
C1=CC(=C(C=C1)NC2=C(C=CC=C2Cl)Cl)CC(=O)O	https://envipath.org/package/521c547a-fd2a-491c-ad5b-7eaa1577fb65/pathway/0edf2afb-7c2e-4aca-9900-209f1bd86207/node/d9351f11-d98a-48d4-bcdc-b07d62899ce6	https://envipath.org/package/521c547a-fd2a-491c-ad5b-7eaa1577fb65/scenario/ee0e59a2-3284-4bd6-a5b2-a0fcd1512bbc	https://doi.org/10.1016/j.jhydrol.2009.04.006	https://envipath.org/package/521c547a-fd2a-491c-ad5b-7eaa1577fb65/pathway/0edf2afb-7c2e-4aca-9900-209f1bd86207		aerob	{'end': 7.7, 'start': 7.3}	Slovenia	pilot WWTP reactor		bubbling air				50.0	other	{'end': 22.0, 'start': 22.0}	municipal WW			artificial WW		standard aquarium aerators (membrane pump with porous stone)									
C1=CC(=C(C=C1)NC2=C(C=CC=C2Cl)Cl)CC(=O)O	https://envipath.org/package/521c547a-fd2a-491c-ad5b-7eaa1577fb65/pathway/0edf2afb-7c2e-4aca-9900-209f1bd86207/node/d9351f11-d98a-48d4-bcdc-b07d62899ce6	https://envipath.org/package/521c547a-fd2a-491c-ad5b-7eaa1577fb65/scenario/f8a5c196-8df8-43fe-a61a-37c61a370211	https://doi.org/10.1016/j.jhydrol.2009.04.006	https://envipath.org/package/521c547a-fd2a-491c-ad5b-7eaa1577fb65/pathway/0edf2afb-7c2e-4aca-9900-209f1bd86207		aerob		Slovenia	flow through bioreactor (pilot WWTP reactor)		bubbling air				200.0	other	{'end': 19.0, 'start': 19.0}	municipal WW			artificial WW		standard aquarium aerators (membrane pump with porous stone)									
C1=CC(=C(C=C1)NC2=C(C=CC=C2Cl)Cl)CC(=O)O	https://envipath.org/package/521c547a-fd2a-491c-ad5b-7eaa1577fb65/pathway/0edf2afb-7c2e-4aca-9900-209f1bd86207/node/d9351f11-d98a-48d4-bcdc-b07d62899ce6	https://envipath.org/package/521c547a-fd2a-491c-ad5b-7eaa1577fb65/scenario/efdce5e3-1d68-40e1-8254-99472efb9920	https://doi.org/10.1016/j.jhydrol.2009.04.006	https://envipath.org/package/521c547a-fd2a-491c-ad5b-7eaa1577fb65/pathway/0edf2afb-7c2e-4aca-9900-209f1bd86207		aerob	{'end': 7.7, 'start': 7.3}	Slovenia	pilot WWTP reactor		bubbling air				5.0	other	{'end': 22.0, 'start': 22.0}	municipal WW			artificial WW		standard aquarium aerators (membrane pump with porous stone)									
C1=CC(=C(C=C1)NC2=C(C=CC=C2Cl)Cl)CC(=O)O	https://envipath.org/package/521c547a-fd2a-491c-ad5b-7eaa1577fb65/pathway/0edf2afb-7c2e-4aca-9900-209f1bd86207/node/d9351f11-d98a-48d4-bcdc-b07d62899ce6	https://envipath.org/package/521c547a-fd2a-491c-ad5b-7eaa1577fb65/scenario/7a2eb3bb-02e8-4275-ade4-ee1948bbaf7c	https://doi.org/10.1016/j.jhydrol.2009.04.006	https://envipath.org/package/521c547a-fd2a-491c-ad5b-7eaa1577fb65/pathway/0edf2afb-7c2e-4aca-9900-209f1bd86207		aerob		Slovenia	flow through bioreactor (pilot WWTP reactor)		bubbling air				500.0	other	{'end': 19.0, 'start': 19.0}	municipal WW			artificial WW		standard aquarium aerators (membrane pump with porous stone)									
C1=CC(=C(C=C1)NC2=C(C=CC=C2Cl)Cl)CC(=O)O	https://envipath.org/package/521c547a-fd2a-491c-ad5b-7eaa1577fb65/pathway/0edf2afb-7c2e-4aca-9900-209f1bd86207/node/d9351f11-d98a-48d4-bcdc-b07d62899ce6	https://envipath.org/package/521c547a-fd2a-491c-ad5b-7eaa1577fb65/scenario/36bd208c-2ad6-428a-8000-fc4687695bdb	https://doi.org/10.1016/j.jhydrol.2009.04.006	https://envipath.org/package/521c547a-fd2a-491c-ad5b-7eaa1577fb65/pathway/0edf2afb-7c2e-4aca-9900-209f1bd86207		aerob		Slovenia	flow through bioreactor (pilot WWTP reactor)		bubbling air				5.0	other	{'end': 19.0, 'start': 19.0}	municipal WW			artificial WW		standard aquarium aerators (membrane pump with porous stone)									
C1=CC(=C(C=C1)NC2=C(C=CC=C2Cl)Cl)CC(=O)O	https://envipath.org/package/521c547a-fd2a-491c-ad5b-7eaa1577fb65/pathway/0edf2afb-7c2e-4aca-9900-209f1bd86207/node/d9351f11-d98a-48d4-bcdc-b07d62899ce6	https://envipath.org/package/521c547a-fd2a-491c-ad5b-7eaa1577fb65/scenario/985c2300-9403-490f-a8f3-808c01c8f007	 https://doi.org/10.1016/j.watres.2005.04.068	https://envipath.org/package/521c547a-fd2a-491c-ad5b-7eaa1577fb65/pathway/0edf2afb-7c2e-4aca-9900-209f1bd86207				Germany	glass bottle	membrane Bioreactor conducting a single step biological treatment		sludge retention time			5000.0			municipal WW			deionized water					50mg/L powdered milk added once a week						55.0
C1=CC(=C(C=C1)NC2=C(C=CC=C2Cl)Cl)CC(=O)O	https://envipath.org/package/521c547a-fd2a-491c-ad5b-7eaa1577fb65/pathway/0edf2afb-7c2e-4aca-9900-209f1bd86207/node/d9351f11-d98a-48d4-bcdc-b07d62899ce6	https://envipath.org/package/521c547a-fd2a-491c-ad5b-7eaa1577fb65/scenario/37a41055-3374-48a7-aafe-db4c9ece32e4	 https://doi.org/10.1016/j.watres.2005.04.068	https://envipath.org/package/521c547a-fd2a-491c-ad5b-7eaa1577fb65/pathway/0edf2afb-7c2e-4aca-9900-209f1bd86207				Germany	glass bottle	membrane Bioreactor conducting a single step biological treatment		sludge retention time			20000.0			municipal WW			deionized water											
C1=CC2=C(C=C1)N(C(=O)C2)C3=C(C=CC=C3Cl)Cl	https://envipath.org/package/521c547a-fd2a-491c-ad5b-7eaa1577fb65/pathway/0edf2afb-7c2e-4aca-9900-209f1bd86207/node/625d26b6-63b0-4c4d-9ec1-142056916b5f	https://envipath.org/package/521c547a-fd2a-491c-ad5b-7eaa1577fb65/scenario/02800353-f2b5-4fc5-a05a-7fefd647a6c5	https://doi.org/10.1016/j.jhydrol.2009.04.006	https://envipath.org/package/521c547a-fd2a-491c-ad5b-7eaa1577fb65/pathway/0edf2afb-7c2e-4aca-9900-209f1bd86207		aerob		Slovenia	flow through bioreactor (pilot WWTP reactor)		bubbling air				50.0	other	{'end': 19.0, 'start': 19.0}	municipal WW			artificial WW		standard aquarium aerators (membrane pump with porous stone)									
C1=CC2=C(C=C1)N(C(=O)C2)C3=C(C=CC=C3Cl)Cl	https://envipath.org/package/521c547a-fd2a-491c-ad5b-7eaa1577fb65/pathway/0edf2afb-7c2e-4aca-9900-209f1bd86207/node/625d26b6-63b0-4c4d-9ec1-142056916b5f	https://envipath.org/package/521c547a-fd2a-491c-ad5b-7eaa1577fb65/scenario/ee0e59a2-3284-4bd6-a5b2-a0fcd1512bbc	https://doi.org/10.1016/j.jhydrol.2009.04.006	https://envipath.org/package/521c547a-fd2a-491c-ad5b-7eaa1577fb65/pathway/0edf2afb-7c2e-4aca-9900-209f1bd86207		aerob	{'end': 7.7, 'start': 7.3}	Slovenia	pilot WWTP reactor		bubbling air				50.0	other	{'end': 22.0, 'start': 22.0}	municipal WW			artificial WW		standard aquarium aerators (membrane pump with porous stone)									
C1=CC2=C(C=C1)N(C(=O)C2)C3=C(C=CC=C3Cl)Cl	https://envipath.org/package/521c547a-fd2a-491c-ad5b-7eaa1577fb65/pathway/0edf2afb-7c2e-4aca-9900-209f1bd86207/node/625d26b6-63b0-4c4d-9ec1-142056916b5f	https://envipath.org/package/521c547a-fd2a-491c-ad5b-7eaa1577fb65/scenario/f8a5c196-8df8-43fe-a61a-37c61a370211	https://doi.org/10.1016/j.jhydrol.2009.04.006	https://envipath.org/package/521c547a-fd2a-491c-ad5b-7eaa1577fb65/pathway/0edf2afb-7c2e-4aca-9900-209f1bd86207		aerob		Slovenia	flow through bioreactor (pilot WWTP reactor)		bubbling air				200.0	other	{'end': 19.0, 'start': 19.0}	municipal WW			artificial WW		standard aquarium aerators (membrane pump with porous stone)									
C1=CC2=C(C=C1)N(C(=O)C2)C3=C(C=CC=C3Cl)Cl	https://envipath.org/package/521c547a-fd2a-491c-ad5b-7eaa1577fb65/pathway/0edf2afb-7c2e-4aca-9900-209f1bd86207/node/625d26b6-63b0-4c4d-9ec1-142056916b5f	https://envipath.org/package/521c547a-fd2a-491c-ad5b-7eaa1577fb65/scenario/efdce5e3-1d68-40e1-8254-99472efb9920	https://doi.org/10.1016/j.jhydrol.2009.04.006	https://envipath.org/package/521c547a-fd2a-491c-ad5b-7eaa1577fb65/pathway/0edf2afb-7c2e-4aca-9900-209f1bd86207		aerob	{'end': 7.7, 'start': 7.3}	Slovenia	pilot WWTP reactor		bubbling air				5.0	other	{'end': 22.0, 'start': 22.0}	municipal WW			artificial WW		standard aquarium aerators (membrane pump with porous stone)									
C1=CC2=C(C=C1)N(C(=O)C2)C3=C(C=CC=C3Cl)Cl	https://envipath.org/package/521c547a-fd2a-491c-ad5b-7eaa1577fb65/pathway/0edf2afb-7c2e-4aca-9900-209f1bd86207/node/625d26b6-63b0-4c4d-9ec1-142056916b5f	https://envipath.org/package/521c547a-fd2a-491c-ad5b-7eaa1577fb65/scenario/7a2eb3bb-02e8-4275-ade4-ee1948bbaf7c	https://doi.org/10.1016/j.jhydrol.2009.04.006	https://envipath.org/package/521c547a-fd2a-491c-ad5b-7eaa1577fb65/pathway/0edf2afb-7c2e-4aca-9900-209f1bd86207		aerob		Slovenia	flow through bioreactor (pilot WWTP reactor)		bubbling air				500.0	other	{'end': 19.0, 'start': 19.0}	municipal WW			artificial WW		standard aquarium aerators (membrane pump with porous stone)									
C1=CC2=C(C=C1)N(C(=O)C2)C3=C(C=CC=C3Cl)Cl	https://envipath.org/package/521c547a-fd2a-491c-ad5b-7eaa1577fb65/pathway/0edf2afb-7c2e-4aca-9900-209f1bd86207/node/625d26b6-63b0-4c4d-9ec1-142056916b5f	https://envipath.org/package/521c547a-fd2a-491c-ad5b-7eaa1577fb65/scenario/36bd208c-2ad6-428a-8000-fc4687695bdb	https://doi.org/10.1016/j.jhydrol.2009.04.006	https://envipath.org/package/521c547a-fd2a-491c-ad5b-7eaa1577fb65/pathway/0edf2afb-7c2e-4aca-9900-209f1bd86207		aerob		Slovenia	flow through bioreactor (pilot WWTP reactor)		bubbling air				5.0	other	{'end': 19.0, 'start': 19.0}	municipal WW			artificial WW		standard aquarium aerators (membrane pump with porous stone)									
C1=CC2=C(C=C1)[NH+](C2)C3=C(C=CC=C3Cl)Cl	https://envipath.org/package/521c547a-fd2a-491c-ad5b-7eaa1577fb65/pathway/0edf2afb-7c2e-4aca-9900-209f1bd86207/node/13999ca8-2110-4204-834d-5f94b99107b6	https://envipath.org/package/521c547a-fd2a-491c-ad5b-7eaa1577fb65/scenario/f8a5c196-8df8-43fe-a61a-37c61a370211	https://doi.org/10.1016/j.jhydrol.2009.04.006	https://envipath.org/package/521c547a-fd2a-491c-ad5b-7eaa1577fb65/pathway/0edf2afb-7c2e-4aca-9900-209f1bd86207		aerob		Slovenia	flow through bioreactor (pilot WWTP reactor)		bubbling air				200.0	other	{'end': 19.0, 'start': 19.0}	municipal WW			artificial WW		standard aquarium aerators (membrane pump with porous stone)									
C1=CC2=C(C=C1)[NH+](C2)C3=C(C=CC=C3Cl)Cl	https://envipath.org/package/521c547a-fd2a-491c-ad5b-7eaa1577fb65/pathway/0edf2afb-7c2e-4aca-9900-209f1bd86207/node/13999ca8-2110-4204-834d-5f94b99107b6	https://envipath.org/package/521c547a-fd2a-491c-ad5b-7eaa1577fb65/scenario/36bd208c-2ad6-428a-8000-fc4687695bdb	https://doi.org/10.1016/j.jhydrol.2009.04.006	https://envipath.org/package/521c547a-fd2a-491c-ad5b-7eaa1577fb65/pathway/0edf2afb-7c2e-4aca-9900-209f1bd86207		aerob		Slovenia	flow through bioreactor (pilot WWTP reactor)		bubbling air				5.0	other	{'end': 19.0, 'start': 19.0}	municipal WW			artificial WW		standard aquarium aerators (membrane pump with porous stone)									
C1=C(C=CC(=C1)O)Cl	https://envipath.org/package/521c547a-fd2a-491c-ad5b-7eaa1577fb65/pathway/9f022e1e-c971-4b13-bfbd-94426a48f6e4/node/88c11fb1-457d-4d88-85fd-02afb48492d2	https://envipath.org/package/521c547a-fd2a-491c-ad5b-7eaa1577fb65/scenario/02800353-f2b5-4fc5-a05a-7fefd647a6c5	https://doi.org/10.1016/j.jhydrol.2009.04.006	https://envipath.org/package/521c547a-fd2a-491c-ad5b-7eaa1577fb65/pathway/9f022e1e-c971-4b13-bfbd-94426a48f6e4		aerob		Slovenia	flow through bioreactor (pilot WWTP reactor)		bubbling air				50.0	other	{'end': 19.0, 'start': 19.0}	municipal WW			artificial WW		standard aquarium aerators (membrane pump with porous stone)									
C1=C(C=CC(=C1)O)Cl	https://envipath.org/package/521c547a-fd2a-491c-ad5b-7eaa1577fb65/pathway/9f022e1e-c971-4b13-bfbd-94426a48f6e4/node/88c11fb1-457d-4d88-85fd-02afb48492d2	https://envipath.org/package/521c547a-fd2a-491c-ad5b-7eaa1577fb65/scenario/f8a5c196-8df8-43fe-a61a-37c61a370211	https://doi.org/10.1016/j.jhydrol.2009.04.006	https://envipath.org/package/521c547a-fd2a-491c-ad5b-7eaa1577fb65/pathway/9f022e1e-c971-4b13-bfbd-94426a48f6e4		aerob		Slovenia	flow through bioreactor (pilot WWTP reactor)		bubbling air				200.0	other	{'end': 19.0, 'start': 19.0}	municipal WW			artificial WW		standard aquarium aerators (membrane pump with porous stone)									
C1=C(C=CC(=C1)O)Cl	https://envipath.org/package/521c547a-fd2a-491c-ad5b-7eaa1577fb65/pathway/9f022e1e-c971-4b13-bfbd-94426a48f6e4/node/88c11fb1-457d-4d88-85fd-02afb48492d2	https://envipath.org/package/521c547a-fd2a-491c-ad5b-7eaa1577fb65/scenario/7a2eb3bb-02e8-4275-ade4-ee1948bbaf7c	https://doi.org/10.1016/j.jhydrol.2009.04.006	https://envipath.org/package/521c547a-fd2a-491c-ad5b-7eaa1577fb65/pathway/9f022e1e-c971-4b13-bfbd-94426a48f6e4		aerob		Slovenia	flow through bioreactor (pilot WWTP reactor)		bubbling air				500.0	other	{'end': 19.0, 'start': 19.0}	municipal WW			artificial WW		standard aquarium aerators (membrane pump with porous stone)									
C1=C(C=CC(=C1)O)Cl	https://envipath.org/package/521c547a-fd2a-491c-ad5b-7eaa1577fb65/pathway/9f022e1e-c971-4b13-bfbd-94426a48f6e4/node/88c11fb1-457d-4d88-85fd-02afb48492d2	https://envipath.org/package/521c547a-fd2a-491c-ad5b-7eaa1577fb65/scenario/36bd208c-2ad6-428a-8000-fc4687695bdb	https://doi.org/10.1016/j.jhydrol.2009.04.006	https://envipath.org/package/521c547a-fd2a-491c-ad5b-7eaa1577fb65/pathway/9f022e1e-c971-4b13-bfbd-94426a48f6e4		aerob		Slovenia	flow through bioreactor (pilot WWTP reactor)		bubbling air				5.0	other	{'end': 19.0, 'start': 19.0}	municipal WW			artificial WW		standard aquarium aerators (membrane pump with porous stone)									
CC(C)(C(=O)O)OC1=CC=C(C=C1)Cl	https://envipath.org/package/521c547a-fd2a-491c-ad5b-7eaa1577fb65/pathway/9f022e1e-c971-4b13-bfbd-94426a48f6e4/node/7e30a91f-c0af-4992-a742-9dcd79b301be	https://envipath.org/package/521c547a-fd2a-491c-ad5b-7eaa1577fb65/scenario/02800353-f2b5-4fc5-a05a-7fefd647a6c5	https://doi.org/10.1016/j.jhydrol.2009.04.006	https://envipath.org/package/521c547a-fd2a-491c-ad5b-7eaa1577fb65/pathway/9f022e1e-c971-4b13-bfbd-94426a48f6e4		aerob		Slovenia	flow through bioreactor (pilot WWTP reactor)		bubbling air				50.0	other	{'end': 19.0, 'start': 19.0}	municipal WW			artificial WW		standard aquarium aerators (membrane pump with porous stone)									
CC(C)(C(=O)O)OC1=CC=C(C=C1)Cl	https://envipath.org/package/521c547a-fd2a-491c-ad5b-7eaa1577fb65/pathway/9f022e1e-c971-4b13-bfbd-94426a48f6e4/node/7e30a91f-c0af-4992-a742-9dcd79b301be	https://envipath.org/package/521c547a-fd2a-491c-ad5b-7eaa1577fb65/scenario/f8a5c196-8df8-43fe-a61a-37c61a370211	https://doi.org/10.1016/j.jhydrol.2009.04.006	https://envipath.org/package/521c547a-fd2a-491c-ad5b-7eaa1577fb65/pathway/9f022e1e-c971-4b13-bfbd-94426a48f6e4		aerob		Slovenia	flow through bioreactor (pilot WWTP reactor)		bubbling air				200.0	other	{'end': 19.0, 'start': 19.0}	municipal WW			artificial WW		standard aquarium aerators (membrane pump with porous stone)									
CC(C)(C(=O)O)OC1=CC=C(C=C1)Cl	https://envipath.org/package/521c547a-fd2a-491c-ad5b-7eaa1577fb65/pathway/9f022e1e-c971-4b13-bfbd-94426a48f6e4/node/7e30a91f-c0af-4992-a742-9dcd79b301be	https://envipath.org/package/521c547a-fd2a-491c-ad5b-7eaa1577fb65/scenario/7a2eb3bb-02e8-4275-ade4-ee1948bbaf7c	https://doi.org/10.1016/j.jhydrol.2009.04.006	https://envipath.org/package/521c547a-fd2a-491c-ad5b-7eaa1577fb65/pathway/9f022e1e-c971-4b13-bfbd-94426a48f6e4		aerob		Slovenia	flow through bioreactor (pilot WWTP reactor)		bubbling air				500.0	other	{'end': 19.0, 'start': 19.0}	municipal WW			artificial WW		standard aquarium aerators (membrane pump with porous stone)									
CC(C)(C(=O)O)OC1=CC=C(C=C1)Cl	https://envipath.org/package/521c547a-fd2a-491c-ad5b-7eaa1577fb65/pathway/9f022e1e-c971-4b13-bfbd-94426a48f6e4/node/7e30a91f-c0af-4992-a742-9dcd79b301be	https://envipath.org/package/521c547a-fd2a-491c-ad5b-7eaa1577fb65/scenario/36bd208c-2ad6-428a-8000-fc4687695bdb	https://doi.org/10.1016/j.jhydrol.2009.04.006	https://envipath.org/package/521c547a-fd2a-491c-ad5b-7eaa1577fb65/pathway/9f022e1e-c971-4b13-bfbd-94426a48f6e4		aerob		Slovenia	flow through bioreactor (pilot WWTP reactor)		bubbling air				5.0	other	{'end': 19.0, 'start': 19.0}	municipal WW			artificial WW		standard aquarium aerators (membrane pump with porous stone)									
CN1CC[C@]23C4=C5C(=CC=C4C[C@@H]1[C@@]3(C=CC(=O)[C@@H]2O5)O)OC	https://envipath.org/package/521c547a-fd2a-491c-ad5b-7eaa1577fb65/pathway/31ad8268-6aeb-4c4f-a7fd-449a96abcbb5/node/1faff2cc-da3b-45ce-8e29-680960db623e	https://envipath.org/package/521c547a-fd2a-491c-ad5b-7eaa1577fb65/scenario/c2056dd5-ba2f-491a-8544-cda4a970ac1b	no description	https://envipath.org/package/521c547a-fd2a-491c-ad5b-7eaa1577fb65/pathway/31ad8268-6aeb-4c4f-a7fd-449a96abcbb5																											major	
CN1CC[C@]23C4=C5C(=CC=C4C[C@@H]1[C@@]3(C=CC(=O)[C@@H]2O5)O)OC	https://envipath.org/package/521c547a-fd2a-491c-ad5b-7eaa1577fb65/pathway/31ad8268-6aeb-4c4f-a7fd-449a96abcbb5/node/1faff2cc-da3b-45ce-8e29-680960db623e	https://envipath.org/package/521c547a-fd2a-491c-ad5b-7eaa1577fb65/scenario/da59482f-7e8b-4c43-9437-2efc30dd6279	DOI: 10.1021/es103489x	https://envipath.org/package/521c547a-fd2a-491c-ad5b-7eaa1577fb65/pathway/31ad8268-6aeb-4c4f-a7fd-449a96abcbb5		aerob	{'end': 7.0, 'start': 7.0}	Germany	amber glass bottle	nitrification zone of activated sludge unit	bubbling air and stirring	sludge retention time	50.0	0.2	200.0	spiking in solvent				6.0	groundwater			nitrification & denitrification & biological phosphorus removal								
CN1CC[C@]23C4=CC([C@H]2OC5=C3C(=CC=C5OC)C[C@@H]41)(C(=O)O)O	https://envipath.org/package/521c547a-fd2a-491c-ad5b-7eaa1577fb65/pathway/31ad8268-6aeb-4c4f-a7fd-449a96abcbb5/node/5a9d43a4-17de-408f-84f6-7316e94156e2	https://envipath.org/package/521c547a-fd2a-491c-ad5b-7eaa1577fb65/scenario/da59482f-7e8b-4c43-9437-2efc30dd6279	DOI: 10.1021/es103489x	https://envipath.org/package/521c547a-fd2a-491c-ad5b-7eaa1577fb65/pathway/31ad8268-6aeb-4c4f-a7fd-449a96abcbb5		aerob	{'end': 7.0, 'start': 7.0}	Germany	amber glass bottle	nitrification zone of activated sludge unit	bubbling air and stirring	sludge retention time	50.0	0.2	200.0	spiking in solvent				6.0	groundwater			nitrification & denitrification & biological phosphorus removal								
CN1CC[C@@]23C4C=C[C@@H]([C@@H]2OC5=C3C(=CC=C5OC)C[C@H]41)O	https://envipath.org/package/521c547a-fd2a-491c-ad5b-7eaa1577fb65/pathway/31ad8268-6aeb-4c4f-a7fd-449a96abcbb5/node/ba674f91-1b22-4c38-89cd-64c90f1b468d	https://envipath.org/package/521c547a-fd2a-491c-ad5b-7eaa1577fb65/scenario/da59482f-7e8b-4c43-9437-2efc30dd6279	DOI: 10.1021/es103489x	https://envipath.org/package/521c547a-fd2a-491c-ad5b-7eaa1577fb65/pathway/31ad8268-6aeb-4c4f-a7fd-449a96abcbb5		aerob	{'end': 7.0, 'start': 7.0}	Germany	amber glass bottle	nitrification zone of activated sludge unit	bubbling air and stirring	sludge retention time	50.0	0.2	200.0	spiking in solvent				6.0	groundwater			nitrification & denitrification & biological phosphorus removal								
CN1CC[C@]23C4=C5C(=CC=C4C[C@@H]1C3C(CC(=O)[C@@H]2O5)O)OC	https://envipath.org/package/521c547a-fd2a-491c-ad5b-7eaa1577fb65/pathway/31ad8268-6aeb-4c4f-a7fd-449a96abcbb5/node/7ed2d404-d482-4235-9511-e3de444000d1	https://envipath.org/package/521c547a-fd2a-491c-ad5b-7eaa1577fb65/scenario/da59482f-7e8b-4c43-9437-2efc30dd6279	DOI: 10.1021/es103489x	https://envipath.org/package/521c547a-fd2a-491c-ad5b-7eaa1577fb65/pathway/31ad8268-6aeb-4c4f-a7fd-449a96abcbb5		aerob	{'end': 7.0, 'start': 7.0}	Germany	amber glass bottle	nitrification zone of activated sludge unit	bubbling air and stirring	sludge retention time	50.0	0.2	200.0	spiking in solvent				6.0	groundwater			nitrification & denitrification & biological phosphorus removal								
CN1CC[C@]23C4=C5C(=CC=C4C[C@@H]1C3C(CC([C@@H]2O5)O)O)OC	https://envipath.org/package/521c547a-fd2a-491c-ad5b-7eaa1577fb65/pathway/31ad8268-6aeb-4c4f-a7fd-449a96abcbb5/node/1075ed93-8f12-4085-8577-697b701cb2f8	https://envipath.org/package/521c547a-fd2a-491c-ad5b-7eaa1577fb65/scenario/da59482f-7e8b-4c43-9437-2efc30dd6279	DOI: 10.1021/es103489x	https://envipath.org/package/521c547a-fd2a-491c-ad5b-7eaa1577fb65/pathway/31ad8268-6aeb-4c4f-a7fd-449a96abcbb5		aerob	{'end': 7.0, 'start': 7.0}	Germany	amber glass bottle	nitrification zone of activated sludge unit	bubbling air and stirring	sludge retention time	50.0	0.2	200.0	spiking in solvent				6.0	groundwater			nitrification & denitrification & biological phosphorus removal								
CN1CC[C@@]23C4=CC[C@H]([C@@H]2OC5=C3C(=CC=C5OC)C[C@H]41)O	https://envipath.org/package/521c547a-fd2a-491c-ad5b-7eaa1577fb65/pathway/31ad8268-6aeb-4c4f-a7fd-449a96abcbb5/node/ea6f2d78-7c9f-461f-bf57-89192320d516	https://envipath.org/package/521c547a-fd2a-491c-ad5b-7eaa1577fb65/scenario/39adc056-cbae-45f4-962c-eb084ffa58d4	no description	https://envipath.org/package/521c547a-fd2a-491c-ad5b-7eaa1577fb65/pathway/31ad8268-6aeb-4c4f-a7fd-449a96abcbb5																											major	
CN1CC[C@@]23C4=CC[C@H]([C@@H]2OC5=C3C(=CC=C5OC)C[C@H]41)O	https://envipath.org/package/521c547a-fd2a-491c-ad5b-7eaa1577fb65/pathway/31ad8268-6aeb-4c4f-a7fd-449a96abcbb5/node/ea6f2d78-7c9f-461f-bf57-89192320d516	https://envipath.org/package/521c547a-fd2a-491c-ad5b-7eaa1577fb65/scenario/da59482f-7e8b-4c43-9437-2efc30dd6279	DOI: 10.1021/es103489x	https://envipath.org/package/521c547a-fd2a-491c-ad5b-7eaa1577fb65/pathway/31ad8268-6aeb-4c4f-a7fd-449a96abcbb5		aerob	{'end': 7.0, 'start': 7.0}	Germany	amber glass bottle	nitrification zone of activated sludge unit	bubbling air and stirring	sludge retention time	50.0	0.2	200.0	spiking in solvent				6.0	groundwater			nitrification & denitrification & biological phosphorus removal								
COC1=CC=C2C[C@@H]3[C@@]4(C=C[C@@H]([C@H]5[C@]4(CCN3)C2=C1O5)O)O	https://envipath.org/package/521c547a-fd2a-491c-ad5b-7eaa1577fb65/pathway/31ad8268-6aeb-4c4f-a7fd-449a96abcbb5/node/9c59f95e-8a1b-4eb8-9198-e6ddd18659b3	https://envipath.org/package/521c547a-fd2a-491c-ad5b-7eaa1577fb65/scenario/eed46aaa-b8f6-4359-97bf-133cae2a89c0	no description	https://envipath.org/package/521c547a-fd2a-491c-ad5b-7eaa1577fb65/pathway/31ad8268-6aeb-4c4f-a7fd-449a96abcbb5																											major	
COC1=CC=C2C[C@@H]3[C@@]4(C=C[C@@H]([C@H]5[C@]4(CCN3)C2=C1O5)O)O	https://envipath.org/package/521c547a-fd2a-491c-ad5b-7eaa1577fb65/pathway/31ad8268-6aeb-4c4f-a7fd-449a96abcbb5/node/9c59f95e-8a1b-4eb8-9198-e6ddd18659b3	https://envipath.org/package/521c547a-fd2a-491c-ad5b-7eaa1577fb65/scenario/da59482f-7e8b-4c43-9437-2efc30dd6279	DOI: 10.1021/es103489x	https://envipath.org/package/521c547a-fd2a-491c-ad5b-7eaa1577fb65/pathway/31ad8268-6aeb-4c4f-a7fd-449a96abcbb5		aerob	{'end': 7.0, 'start': 7.0}	Germany	amber glass bottle	nitrification zone of activated sludge unit	bubbling air and stirring	sludge retention time	50.0	0.2	200.0	spiking in solvent				6.0	groundwater			nitrification & denitrification & biological phosphorus removal								
CN1CC[C@]23C4=CCC(=O)[C@H]2OC5=C3C(=CC=C5OC)C[C@@H]41	https://envipath.org/package/521c547a-fd2a-491c-ad5b-7eaa1577fb65/pathway/31ad8268-6aeb-4c4f-a7fd-449a96abcbb5/node/546bbd05-305d-4c1d-953b-fa19ed846b03	https://envipath.org/package/521c547a-fd2a-491c-ad5b-7eaa1577fb65/scenario/da59482f-7e8b-4c43-9437-2efc30dd6279	DOI: 10.1021/es103489x	https://envipath.org/package/521c547a-fd2a-491c-ad5b-7eaa1577fb65/pathway/31ad8268-6aeb-4c4f-a7fd-449a96abcbb5		aerob	{'end': 7.0, 'start': 7.0}	Germany	amber glass bottle	nitrification zone of activated sludge unit	bubbling air and stirring	sludge retention time	50.0	0.2	200.0	spiking in solvent				6.0	groundwater			nitrification & denitrification & biological phosphorus removal								
CN1CC[C@]23C4=C5C(=CC=C4C[C@@H]1C3C(C(=O)[C@@H]([C@@H]2O5)O)O)OC	https://envipath.org/package/521c547a-fd2a-491c-ad5b-7eaa1577fb65/pathway/31ad8268-6aeb-4c4f-a7fd-449a96abcbb5/node/e6275dac-d201-4171-abbd-f6c8a7aa8f3e	https://envipath.org/package/521c547a-fd2a-491c-ad5b-7eaa1577fb65/scenario/da59482f-7e8b-4c43-9437-2efc30dd6279	DOI: 10.1021/es103489x	https://envipath.org/package/521c547a-fd2a-491c-ad5b-7eaa1577fb65/pathway/31ad8268-6aeb-4c4f-a7fd-449a96abcbb5		aerob	{'end': 7.0, 'start': 7.0}	Germany	amber glass bottle	nitrification zone of activated sludge unit	bubbling air and stirring	sludge retention time	50.0	0.2	200.0	spiking in solvent				6.0	groundwater			nitrification & denitrification & biological phosphorus removal								
CN1CC[C@]23C4=C5C(=CC=C4C[C@@H]1[C@@]3(C(C[C@@H]([C@@H]2O5)O)O)O)OC	https://envipath.org/package/521c547a-fd2a-491c-ad5b-7eaa1577fb65/pathway/31ad8268-6aeb-4c4f-a7fd-449a96abcbb5/node/ef354f61-4966-41e2-b1ec-ceb8d47ad722	https://envipath.org/package/521c547a-fd2a-491c-ad5b-7eaa1577fb65/scenario/da59482f-7e8b-4c43-9437-2efc30dd6279	DOI: 10.1021/es103489x	https://envipath.org/package/521c547a-fd2a-491c-ad5b-7eaa1577fb65/pathway/31ad8268-6aeb-4c4f-a7fd-449a96abcbb5		aerob	{'end': 7.0, 'start': 7.0}	Germany	amber glass bottle	nitrification zone of activated sludge unit	bubbling air and stirring	sludge retention time	50.0	0.2	200.0	spiking in solvent				6.0	groundwater			nitrification & denitrification & biological phosphorus removal								
CN1CCC23C(=CC(=O)O)C1CC4=CC=C(C(=C42)OC3C(=O)O)OC	https://envipath.org/package/521c547a-fd2a-491c-ad5b-7eaa1577fb65/pathway/31ad8268-6aeb-4c4f-a7fd-449a96abcbb5/node/855cc19a-d33c-4575-b507-98576aa4e09a	https://envipath.org/package/521c547a-fd2a-491c-ad5b-7eaa1577fb65/scenario/da59482f-7e8b-4c43-9437-2efc30dd6279	DOI: 10.1021/es103489x	https://envipath.org/package/521c547a-fd2a-491c-ad5b-7eaa1577fb65/pathway/31ad8268-6aeb-4c4f-a7fd-449a96abcbb5		aerob	{'end': 7.0, 'start': 7.0}	Germany	amber glass bottle	nitrification zone of activated sludge unit	bubbling air and stirring	sludge retention time	50.0	0.2	200.0	spiking in solvent				6.0	groundwater			nitrification & denitrification & biological phosphorus removal								
CN1CC[C@]23C4=C5C(=CC=C4C[C@@H]1[C@]3(CC([C@@H]2O5)(C(=O)O)O)O)OC	https://envipath.org/package/521c547a-fd2a-491c-ad5b-7eaa1577fb65/pathway/31ad8268-6aeb-4c4f-a7fd-449a96abcbb5/node/299f1c79-1ed9-41f7-8997-69355a39a6e2	https://envipath.org/package/521c547a-fd2a-491c-ad5b-7eaa1577fb65/scenario/da59482f-7e8b-4c43-9437-2efc30dd6279	DOI: 10.1021/es103489x	https://envipath.org/package/521c547a-fd2a-491c-ad5b-7eaa1577fb65/pathway/31ad8268-6aeb-4c4f-a7fd-449a96abcbb5		aerob	{'end': 7.0, 'start': 7.0}	Germany	amber glass bottle	nitrification zone of activated sludge unit	bubbling air and stirring	sludge retention time	50.0	0.2	200.0	spiking in solvent				6.0	groundwater			nitrification & denitrification & biological phosphorus removal								
CN1CC[C@@]23C4C=CC(=O)[C@@H]2OC5=C3C(=CC=C5OC)C[C@H]41	https://envipath.org/package/521c547a-fd2a-491c-ad5b-7eaa1577fb65/pathway/31ad8268-6aeb-4c4f-a7fd-449a96abcbb5/node/73e7c8cc-cadd-489b-a862-b7cd35440336	https://envipath.org/package/521c547a-fd2a-491c-ad5b-7eaa1577fb65/scenario/81bdadea-ab06-4c23-90c2-4eed0c98bd7b	no description	https://envipath.org/package/521c547a-fd2a-491c-ad5b-7eaa1577fb65/pathway/31ad8268-6aeb-4c4f-a7fd-449a96abcbb5																											major	
CN1CC[C@@]23C4C=CC(=O)[C@@H]2OC5=C3C(=CC=C5OC)C[C@H]41	https://envipath.org/package/521c547a-fd2a-491c-ad5b-7eaa1577fb65/pathway/31ad8268-6aeb-4c4f-a7fd-449a96abcbb5/node/73e7c8cc-cadd-489b-a862-b7cd35440336	https://envipath.org/package/521c547a-fd2a-491c-ad5b-7eaa1577fb65/scenario/da59482f-7e8b-4c43-9437-2efc30dd6279	DOI: 10.1021/es103489x	https://envipath.org/package/521c547a-fd2a-491c-ad5b-7eaa1577fb65/pathway/31ad8268-6aeb-4c4f-a7fd-449a96abcbb5		aerob	{'end': 7.0, 'start': 7.0}	Germany	amber glass bottle	nitrification zone of activated sludge unit	bubbling air and stirring	sludge retention time	50.0	0.2	200.0	spiking in solvent				6.0	groundwater			nitrification & denitrification & biological phosphorus removal								
CN1CC[C@]23C4=C5C(=CC=C4C[C@@H]1[C@@]3(C=C(C(=O)[C@@H]2O5)O)O)OC	https://envipath.org/package/521c547a-fd2a-491c-ad5b-7eaa1577fb65/pathway/31ad8268-6aeb-4c4f-a7fd-449a96abcbb5/node/b4f7e2d1-5b54-445c-99e4-a654159ab094	https://envipath.org/package/521c547a-fd2a-491c-ad5b-7eaa1577fb65/scenario/dada120b-17e3-45fa-9b9b-ad73e05ae7dd	no description	https://envipath.org/package/521c547a-fd2a-491c-ad5b-7eaa1577fb65/pathway/31ad8268-6aeb-4c4f-a7fd-449a96abcbb5																				nitrification & denitrification & biological phosphorus removal								
CN1CC[C@]23C4C=C(C(=O)[C@H]2OC5=C3C(=CC=C5OC)C[C@@H]41)O	https://envipath.org/package/521c547a-fd2a-491c-ad5b-7eaa1577fb65/pathway/31ad8268-6aeb-4c4f-a7fd-449a96abcbb5/node/913eac71-8698-40e8-a809-2519e46a78b4	https://envipath.org/package/521c547a-fd2a-491c-ad5b-7eaa1577fb65/scenario/f5356230-e5b1-4d11-b1c6-09e6bf2df167	no description	https://envipath.org/package/521c547a-fd2a-491c-ad5b-7eaa1577fb65/pathway/31ad8268-6aeb-4c4f-a7fd-449a96abcbb5																				nitrification & denitrification & biological phosphorus removal								
CN1CC[C@]23C4=C5C(=CC=C4C[C@@H]1[C@@]3(C=C[C]([C@@H]2O5)O)O)OC	https://envipath.org/package/521c547a-fd2a-491c-ad5b-7eaa1577fb65/pathway/31ad8268-6aeb-4c4f-a7fd-449a96abcbb5/node/799ad18c-b81d-472b-85ec-bb5bd9ec4d02	https://envipath.org/package/521c547a-fd2a-491c-ad5b-7eaa1577fb65/scenario/3c31b7e9-4127-4dbc-8a1e-4fe9b576ce0b	no description	https://envipath.org/package/521c547a-fd2a-491c-ad5b-7eaa1577fb65/pathway/31ad8268-6aeb-4c4f-a7fd-449a96abcbb5																											major	
CN1CC[C@]23C4=C5C(=CC=C4C[C@@H]1[C@@]3(C=C[C]([C@@H]2O5)O)O)OC	https://envipath.org/package/521c547a-fd2a-491c-ad5b-7eaa1577fb65/pathway/31ad8268-6aeb-4c4f-a7fd-449a96abcbb5/node/799ad18c-b81d-472b-85ec-bb5bd9ec4d02	https://envipath.org/package/521c547a-fd2a-491c-ad5b-7eaa1577fb65/scenario/da59482f-7e8b-4c43-9437-2efc30dd6279	DOI: 10.1021/es103489x	https://envipath.org/package/521c547a-fd2a-491c-ad5b-7eaa1577fb65/pathway/31ad8268-6aeb-4c4f-a7fd-449a96abcbb5		aerob	{'end': 7.0, 'start': 7.0}	Germany	amber glass bottle	nitrification zone of activated sludge unit	bubbling air and stirring	sludge retention time	50.0	0.2	200.0	spiking in solvent				6.0	groundwater			nitrification & denitrification & biological phosphorus removal								
CN1CC[C@]23C4=CC[C@H]([C@H]2OC5=C3C(=CC=C5OC)C[C@@H]41)O	https://envipath.org/package/521c547a-fd2a-491c-ad5b-7eaa1577fb65/pathway/31ad8268-6aeb-4c4f-a7fd-449a96abcbb5/node/c8e34d4c-7caf-4eaf-ba86-fa88e5937992	https://envipath.org/package/521c547a-fd2a-491c-ad5b-7eaa1577fb65/scenario/da59482f-7e8b-4c43-9437-2efc30dd6279	DOI: 10.1021/es103489x	https://envipath.org/package/521c547a-fd2a-491c-ad5b-7eaa1577fb65/pathway/31ad8268-6aeb-4c4f-a7fd-449a96abcbb5		aerob	{'end': 7.0, 'start': 7.0}	Germany	amber glass bottle	nitrification zone of activated sludge unit	bubbling air and stirring	sludge retention time	50.0	0.2	200.0	spiking in solvent				6.0	groundwater			nitrification & denitrification & biological phosphorus removal								
CN1CC[C@]23C4=CC[C@H]([C@H]2OC5=C3C(=CC=C5OC)C[C@@H]41)O	https://envipath.org/package/521c547a-fd2a-491c-ad5b-7eaa1577fb65/pathway/31ad8268-6aeb-4c4f-a7fd-449a96abcbb5/node/c8e34d4c-7caf-4eaf-ba86-fa88e5937992	https://envipath.org/package/521c547a-fd2a-491c-ad5b-7eaa1577fb65/scenario/670acb22-80ab-4205-8305-1ed21834beac	no description	https://envipath.org/package/521c547a-fd2a-491c-ad5b-7eaa1577fb65/pathway/31ad8268-6aeb-4c4f-a7fd-449a96abcbb5																											major	
CN1CC[C@]23C4=C5C(=CC=C4C[C@@H]1[C@@]3(C(CC(=O)[C@@H]2O5)O)O)OC	https://envipath.org/package/521c547a-fd2a-491c-ad5b-7eaa1577fb65/pathway/31ad8268-6aeb-4c4f-a7fd-449a96abcbb5/node/ee1e90a1-02a5-4f95-b6c0-3fd541252dd2	https://envipath.org/package/521c547a-fd2a-491c-ad5b-7eaa1577fb65/scenario/88e3072d-a7a2-4e0b-9ed0-127d675d0520	no description	https://envipath.org/package/521c547a-fd2a-491c-ad5b-7eaa1577fb65/pathway/31ad8268-6aeb-4c4f-a7fd-449a96abcbb5																											major	
CN1CC[C@]23C4=C5C(=CC=C4C[C@@H]1[C@@]3(C(CC(=O)[C@@H]2O5)O)O)OC	https://envipath.org/package/521c547a-fd2a-491c-ad5b-7eaa1577fb65/pathway/31ad8268-6aeb-4c4f-a7fd-449a96abcbb5/node/ee1e90a1-02a5-4f95-b6c0-3fd541252dd2	https://envipath.org/package/521c547a-fd2a-491c-ad5b-7eaa1577fb65/scenario/da59482f-7e8b-4c43-9437-2efc30dd6279	DOI: 10.1021/es103489x	https://envipath.org/package/521c547a-fd2a-491c-ad5b-7eaa1577fb65/pathway/31ad8268-6aeb-4c4f-a7fd-449a96abcbb5		aerob	{'end': 7.0, 'start': 7.0}	Germany	amber glass bottle	nitrification zone of activated sludge unit	bubbling air and stirring	sludge retention time	50.0	0.2	200.0	spiking in solvent				6.0	groundwater			nitrification & denitrification & biological phosphorus removal								
CC1=CC(=O)OC2=C1C=CC(=C2)O	https://envipath.org/package/521c547a-fd2a-491c-ad5b-7eaa1577fb65/pathway/7f912459-5861-4dfa-853c-78dd133862b9/node/596d309c-4fc8-4429-bdef-afd9ede32f92	https://envipath.org/package/521c547a-fd2a-491c-ad5b-7eaa1577fb65/scenario/dbd21baa-4403-4f5f-80fb-70587461081a	https://doi.org/10.1016/S0048-9697(98)00335-0	https://envipath.org/package/521c547a-fd2a-491c-ad5b-7eaa1577fb65/pathway/7f912459-5861-4dfa-853c-78dd133862b9		aerob		Germany, near Frankfurt/Main	container covered with aluminium foil	activated sludge	stirring		10.0		3420.0			municipal WW			Milli-Q-Water											
C1(C(C(C(=O)O)OC(C1O)O)O)O	https://envipath.org/package/521c547a-fd2a-491c-ad5b-7eaa1577fb65/pathway/7f912459-5861-4dfa-853c-78dd133862b9/node/b3f67861-fc11-422c-bb59-15e636f36e28	https://envipath.org/package/521c547a-fd2a-491c-ad5b-7eaa1577fb65/scenario/dbd21baa-4403-4f5f-80fb-70587461081a	https://doi.org/10.1016/S0048-9697(98)00335-0	https://envipath.org/package/521c547a-fd2a-491c-ad5b-7eaa1577fb65/pathway/7f912459-5861-4dfa-853c-78dd133862b9		aerob		Germany, near Frankfurt/Main	container covered with aluminium foil	activated sludge	stirring		10.0		3420.0			municipal WW			Milli-Q-Water											
CC1=CC(=O)OC2=C1C=CC(=C2)OC3C(C(C(C(C(=O)O)O3)O)O)O	https://envipath.org/package/521c547a-fd2a-491c-ad5b-7eaa1577fb65/pathway/7f912459-5861-4dfa-853c-78dd133862b9/node/5447f3f1-b9a2-47b2-998a-46b2a791055a	https://envipath.org/package/521c547a-fd2a-491c-ad5b-7eaa1577fb65/scenario/dbd21baa-4403-4f5f-80fb-70587461081a	https://doi.org/10.1016/S0048-9697(98)00335-0	https://envipath.org/package/521c547a-fd2a-491c-ad5b-7eaa1577fb65/pathway/7f912459-5861-4dfa-853c-78dd133862b9		aerob		Germany, near Frankfurt/Main	container covered with aluminium foil	activated sludge	stirring		10.0		3420.0			municipal WW			Milli-Q-Water											
CC(=O)CC(=O)NS(=O)(=O)[O-]	https://envipath.org/package/521c547a-fd2a-491c-ad5b-7eaa1577fb65/pathway/eb0464c1-3e63-40bc-9cb6-7526918d2c38/node/382411a8-6ecd-4a66-9f47-f17b3931d27a	https://envipath.org/package/521c547a-fd2a-491c-ad5b-7eaa1577fb65/scenario/e9033351-c115-4eff-8df3-7992a765f461	no description	https://envipath.org/package/521c547a-fd2a-491c-ad5b-7eaa1577fb65/pathway/eb0464c1-3e63-40bc-9cb6-7526918d2c38	1																										minor	
CC(=O)CC(=O)[O-]	https://envipath.org/package/521c547a-fd2a-491c-ad5b-7eaa1577fb65/pathway/eb0464c1-3e63-40bc-9cb6-7526918d2c38/node/dafd7969-12c3-4b2d-b475-e4112e148b9b	https://envipath.org/package/521c547a-fd2a-491c-ad5b-7eaa1577fb65/scenario/a163167f-fc1e-41e2-ba5d-2c476b96f705	no description	https://envipath.org/package/521c547a-fd2a-491c-ad5b-7eaa1577fb65/pathway/eb0464c1-3e63-40bc-9cb6-7526918d2c38																											minor	
C1=C(CO)OS(=O)(=O)[N-]C1=O	https://envipath.org/package/521c547a-fd2a-491c-ad5b-7eaa1577fb65/pathway/eb0464c1-3e63-40bc-9cb6-7526918d2c38/node/a99e8bd9-fbb5-487e-bb4c-3459cd3e70a1	https://envipath.org/package/521c547a-fd2a-491c-ad5b-7eaa1577fb65/scenario/00d0cf9e-00c6-4d7c-97c2-c6c1487857ad	no description	https://envipath.org/package/521c547a-fd2a-491c-ad5b-7eaa1577fb65/pathway/eb0464c1-3e63-40bc-9cb6-7526918d2c38																											minor	
CC1(CC(=O)[N-]S(=O)(=O)O1)O	https://envipath.org/package/521c547a-fd2a-491c-ad5b-7eaa1577fb65/pathway/eb0464c1-3e63-40bc-9cb6-7526918d2c38/node/7ca93dc2-a2b0-418b-9f16-71a9a97addc8	https://envipath.org/package/521c547a-fd2a-491c-ad5b-7eaa1577fb65/scenario/19663f38-9891-431f-886d-01b527e79b84	no description	https://envipath.org/package/521c547a-fd2a-491c-ad5b-7eaa1577fb65/pathway/eb0464c1-3e63-40bc-9cb6-7526918d2c38																											minor	
CC1=CC(=O)[N-]S(=O)(=O)O1	https://envipath.org/package/521c547a-fd2a-491c-ad5b-7eaa1577fb65/pathway/eb0464c1-3e63-40bc-9cb6-7526918d2c38/node/c1b0300e-813b-40df-af9b-ce909d812d76	https://envipath.org/package/521c547a-fd2a-491c-ad5b-7eaa1577fb65/scenario/3eb1cf89-1835-4b72-9771-cd23c7376544	no description	https://envipath.org/package/521c547a-fd2a-491c-ad5b-7eaa1577fb65/pathway/eb0464c1-3e63-40bc-9cb6-7526918d2c38																												
CC1=CC(=O)[N-]S(=O)(=O)O1	https://envipath.org/package/521c547a-fd2a-491c-ad5b-7eaa1577fb65/pathway/eb0464c1-3e63-40bc-9cb6-7526918d2c38/node/c1b0300e-813b-40df-af9b-ce909d812d76	https://envipath.org/package/521c547a-fd2a-491c-ad5b-7eaa1577fb65/scenario/d0776b27-2ea6-4f3c-abaf-717b1d098715	no description	https://envipath.org/package/521c547a-fd2a-491c-ad5b-7eaa1577fb65/pathway/eb0464c1-3e63-40bc-9cb6-7526918d2c38																												
CC1=CC(=O)[N-]S(=O)(=O)O1	https://envipath.org/package/521c547a-fd2a-491c-ad5b-7eaa1577fb65/pathway/eb0464c1-3e63-40bc-9cb6-7526918d2c38/node/c1b0300e-813b-40df-af9b-ce909d812d76	https://envipath.org/package/521c547a-fd2a-491c-ad5b-7eaa1577fb65/scenario/3f3aea20-79f3-452b-ab99-5390bb1fd012	no description	https://envipath.org/package/521c547a-fd2a-491c-ad5b-7eaa1577fb65/pathway/eb0464c1-3e63-40bc-9cb6-7526918d2c38																												
CC1=CC(=O)[N-]S(=O)(=O)O1	https://envipath.org/package/521c547a-fd2a-491c-ad5b-7eaa1577fb65/pathway/eb0464c1-3e63-40bc-9cb6-7526918d2c38/node/c1b0300e-813b-40df-af9b-ce909d812d76	https://envipath.org/package/521c547a-fd2a-491c-ad5b-7eaa1577fb65/scenario/b18a4b19-c5e6-4106-9bb9-aca53f078662	no description	https://envipath.org/package/521c547a-fd2a-491c-ad5b-7eaa1577fb65/pathway/eb0464c1-3e63-40bc-9cb6-7526918d2c38																												
CC1=CC(=O)[N-]S(=O)(=O)O1	https://envipath.org/package/521c547a-fd2a-491c-ad5b-7eaa1577fb65/pathway/eb0464c1-3e63-40bc-9cb6-7526918d2c38/node/c1b0300e-813b-40df-af9b-ce909d812d76	https://envipath.org/package/521c547a-fd2a-491c-ad5b-7eaa1577fb65/scenario/67ee0589-1166-4930-8aef-07783a4af43a	no description	https://envipath.org/package/521c547a-fd2a-491c-ad5b-7eaa1577fb65/pathway/eb0464c1-3e63-40bc-9cb6-7526918d2c38																												
CC(=O)C	https://envipath.org/package/521c547a-fd2a-491c-ad5b-7eaa1577fb65/pathway/eb0464c1-3e63-40bc-9cb6-7526918d2c38/node/d75d9c4e-c629-430b-94c0-af7d20185d26	https://envipath.org/package/521c547a-fd2a-491c-ad5b-7eaa1577fb65/scenario/64d0f05c-5472-429c-a6fc-3e02dc82defb	no description	https://envipath.org/package/521c547a-fd2a-491c-ad5b-7eaa1577fb65/pathway/eb0464c1-3e63-40bc-9cb6-7526918d2c38																												
CC1C(C(=O)[N-]S(=O)(=O)O1)O	https://envipath.org/package/521c547a-fd2a-491c-ad5b-7eaa1577fb65/pathway/eb0464c1-3e63-40bc-9cb6-7526918d2c38/node/16b3c299-bad2-4eee-a58f-0abe1e872afa	https://envipath.org/package/521c547a-fd2a-491c-ad5b-7eaa1577fb65/scenario/368ea29a-43c2-4a90-b495-8954b90e10bf	no description	https://envipath.org/package/521c547a-fd2a-491c-ad5b-7eaa1577fb65/pathway/eb0464c1-3e63-40bc-9cb6-7526918d2c38																											minor	
C(=O)=O	https://envipath.org/package/521c547a-fd2a-491c-ad5b-7eaa1577fb65/pathway/eb0464c1-3e63-40bc-9cb6-7526918d2c38/node/94877bf9-e3ea-4253-9c2c-7a01dc9937f0	https://envipath.org/package/521c547a-fd2a-491c-ad5b-7eaa1577fb65/scenario/4d578645-e4ef-4432-8484-dd4915d7f430	no description	https://envipath.org/package/521c547a-fd2a-491c-ad5b-7eaa1577fb65/pathway/eb0464c1-3e63-40bc-9cb6-7526918d2c38																											minor	
NS(=O)(=O)[O-]	https://envipath.org/package/521c547a-fd2a-491c-ad5b-7eaa1577fb65/pathway/eb0464c1-3e63-40bc-9cb6-7526918d2c38/node/4f261f7c-ee01-4286-8b02-f071af75212d	https://envipath.org/package/521c547a-fd2a-491c-ad5b-7eaa1577fb65/scenario/890f20fa-e617-4308-893d-6598e97eb2f5	no description	https://envipath.org/package/521c547a-fd2a-491c-ad5b-7eaa1577fb65/pathway/eb0464c1-3e63-40bc-9cb6-7526918d2c38	1																										major	
C(=O)C1C(=O)C(=O)[N-]S(=O)(=O)O1	https://envipath.org/package/521c547a-fd2a-491c-ad5b-7eaa1577fb65/pathway/eb0464c1-3e63-40bc-9cb6-7526918d2c38/node/6bf32a38-49cc-4382-85ea-b9521b7c96d5	https://envipath.org/package/521c547a-fd2a-491c-ad5b-7eaa1577fb65/scenario/d38c48aa-e041-41a9-921c-8df1e03a8979	no description	https://envipath.org/package/521c547a-fd2a-491c-ad5b-7eaa1577fb65/pathway/eb0464c1-3e63-40bc-9cb6-7526918d2c38																											minor	
C/C(=C/C(=O)[O-])/OS(=O)(=O)N	https://envipath.org/package/521c547a-fd2a-491c-ad5b-7eaa1577fb65/pathway/eb0464c1-3e63-40bc-9cb6-7526918d2c38/node/9b383700-9ac0-4ceb-9384-270bb8fb8edd	https://envipath.org/package/521c547a-fd2a-491c-ad5b-7eaa1577fb65/scenario/e79b72fe-b973-4a58-ae52-3de819868dde	no description	https://envipath.org/package/521c547a-fd2a-491c-ad5b-7eaa1577fb65/pathway/eb0464c1-3e63-40bc-9cb6-7526918d2c38																											minor	
